DROP TABLE IF EXISTS dashboard_kpis;
CREATE TABLE dashboard_kpis (id SERIAL PRIMARY KEY, name VARCHAR(50), value NUMERIC, unit VARCHAR(20), trend VARCHAR(20), trend_value NUMERIC);
INSERT INTO dashboard_kpis (name, value, unit, trend, trend_value) VALUES
  ('production', 14500, 'tpd', 'up', 5.2),
  ('copper_grade', 1.85, '%', 'up', 0.15),
  ('oee', 87.5, '%', 'up', 2.1),
  ('safety_incidents', 0, 'days', 'neutral', 45);
DROP TABLE IF EXISTS dashboard_heatmap;
CREATE TABLE dashboard_heatmap (id SERIAL PRIMARY KEY, day INTEGER, level_name VARCHAR(20), x_coord INTEGER, y_coord INTEGER, intensity NUMERIC);
INSERT INTO dashboard_heatmap (day, level_name, x_coord, y_coord, intensity) VALUES (1, 'Nv. 3800', 38, 31, 0.17),(1, 'Nv. 3800', 90, 58, 0.02),(1, 'Nv. 3800', 68, 58, 0.07),(1, 'Nv. 3800', 96, 55, 0.6),(1, 'Nv. 3800', 81, 91, 0.25),(1, 'Nv. 3800', 4, 86, 0.65),(1, 'Nv. 3800', 86, 47, 0.68),(1, 'Nv. 3800', 71, 54, 0.73),(1, 'Nv. 3800', 14, 6, 0.62),(1, 'Nv. 3800', 6, 47, 0.5),(1, 'Nv. 3800', 0, 97, 0.77),(1, 'Nv. 3800', 63, 13, 0.29),(1, 'Nv. 3800', 79, 10, 0.32),(1, 'Nv. 3850', 26, 79, 0.78),(1, 'Nv. 3850', 39, 52, 0.37),(1, 'Nv. 3850', 6, 95, 0.62),(1, 'Nv. 3850', 53, 60, 0.97),(1, 'Nv. 3850', 90, 0, 0.24),(1, 'Nv. 3900', 63, 36, 0.72),(1, 'Nv. 3900', 50, 50, 0.15),(1, 'Nv. 3900', 24, 91, 0.96),(1, 'Nv. 3900', 97, 87, 0.82),(1, 'Nv. 3900', 6, 0, 0.62),(1, 'Nv. 3900', 39, 44, 0.48),(1, 'Nv. 3900', 93, 45, 0.19),(1, 'Nv. 3900', 21, 92, 0.66),(1, 'Nv. 3900', 95, 38, 0.64),(1, 'Nv. 3950', 87, 67, 0.79),(1, 'Nv. 3950', 98, 79, 0.2),(1, 'Nv. 3950', 73, 29, 0.57),(1, 'Nv. 3950', 65, 55, 0.92),(1, 'Nv. 3950', 83, 41, 0.04),(1, 'Nv. 3950', 92, 52, 0.29),(1, 'Nv. 3950', 41, 6, 0.25),(1, 'Nv. 3950', 93, 4, 0.05),(1, 'Nv. 3950', 34, 46, 0.76),(1, 'Nv. 3950', 7, 32, 0.84),(1, 'Nv. 4000', 63, 65, 0.71),(1, 'Nv. 4000', 57, 94, 0.43),(1, 'Nv. 4000', 6, 17, 0.99),(1, 'Nv. 4000', 4, 43, 0.87),(1, 'Nv. 4000', 62, 88, 0.26),(1, 'Nv. 4000', 72, 37, 0.43),(1, 'Nv. 4000', 55, 24, 0.64),(1, 'Nv. 4000', 86, 59, 0.29),(1, 'Nv. 4000', 68, 28, 0.01),(1, 'Nv. 4000', 49, 22, 0.84),(1, 'Nv. 4000', 3, 61, 0.42),(1, 'Nv. 4000', 35, 54, 0.57),(1, 'Nv. 4000', 72, 57, 0.23),(1, 'Nv. 4000', 34, 90, 0.29),(1, 'Nv. 4000', 95, 31, 0.23),(1, 'Nv. 4050', 75, 80, 0.02),(1, 'Nv. 4050', 18, 7, 0.47),(1, 'Nv. 4050', 16, 99, 0.81),(1, 'Nv. 4050', 45, 64, 0.12),(1, 'Nv. 4050', 50, 24, 0.14),(1, 'Nv. 4050', 79, 43, 0.27),(1, 'Nv. 4050', 66, 71, 0.66),(1, 'Nv. 4050', 1, 39, 0.91),(1, 'Nv. 4050', 89, 17, 0.51),(1, 'Nv. 4050', 92, 84, 0.77),(1, 'Nv. 4050', 81, 15, 0.52),(1, 'Nv. 4050', 39, 31, 0.33),(1, 'Nv. 4050', 49, 96, 0.53),(1, 'Nv. 4100', 77, 83, 0.3),(1, 'Nv. 4100', 10, 47, 0.13),(1, 'Nv. 4100', 71, 39, 0.85),(1, 'Nv. 4100', 71, 66, 0.32),(1, 'Nv. 4100', 9, 12, 0.64),(1, 'Nv. 4100', 24, 12, 0.61),(1, 'Nv. 4100', 13, 78, 0.07),(1, 'Nv. 4100', 18, 64, 0.57),(1, 'Nv. 4100', 7, 31, 0.12),(1, 'Nv. 4100', 65, 83, 0.54),(1, 'Nv. 4100', 77, 21, 0.33),(1, 'Nv. 4150', 8, 95, 0.0),(1, 'Nv. 4150', 13, 78, 0.01),(1, 'Nv. 4150', 70, 96, 0.75),(1, 'Nv. 4150', 49, 89, 0.72),(1, 'Nv. 4150', 89, 46, 0.07),(1, 'Nv. 4150', 54, 43, 0.41),(1, 'Nv. 4150', 10, 28, 0.09),(1, 'Nv. 4150', 51, 90, 0.81),(1, 'Nv. 4200', 18, 30, 0.19),(1, 'Nv. 4200', 12, 10, 0.75),(1, 'Nv. 4200', 54, 69, 0.8),(1, 'Nv. 4200', 91, 80, 0.04),(1, 'Nv. 4200', 82, 55, 0.93),(1, 'Nv. 4200', 66, 29, 0.53),(1, 'Nv. 4200', 37, 28, 0.78),(1, 'Nv. 4200', 80, 19, 0.41),(1, 'Nv. 4200', 52, 30, 0.28),(1, 'Nv. 4200', 18, 13, 0.18),(1, 'Nv. 4200', 54, 16, 0.94),(1, 'Nv. 4200', 99, 7, 0.89),(1, 'Nv. 4200', 82, 52, 0.56),(1, 'Nv. 4200', 80, 61, 0.08),(2, 'Nv. 3800', 63, 46, 0.24),(2, 'Nv. 3800', 54, 82, 0.48),(2, 'Nv. 3800', 94, 50, 0.51),(2, 'Nv. 3800', 57, 76, 0.45),(2, 'Nv. 3800', 77, 90, 0.16),(2, 'Nv. 3850', 61, 61, 0.95),(2, 'Nv. 3850', 65, 77, 0.82),(2, 'Nv. 3850', 56, 68, 0.74),(2, 'Nv. 3850', 95, 100, 0.82),(2, 'Nv. 3850', 15, 27, 0.75),(2, 'Nv. 3850', 99, 77, 0.93),(2, 'Nv. 3900', 35, 45, 0.5),(2, 'Nv. 3900', 39, 70, 0.19),(2, 'Nv. 3900', 55, 36, 0.27),(2, 'Nv. 3900', 67, 46, 0.84),(2, 'Nv. 3900', 55, 40, 0.21),(2, 'Nv. 3900', 4, 62, 0.67),(2, 'Nv. 3900', 66, 84, 0.37),(2, 'Nv. 3900', 78, 99, 0.52),(2, 'Nv. 3950', 72, 98, 0.6),(2, 'Nv. 3950', 28, 21, 0.17),(2, 'Nv. 3950', 19, 23, 0.22),(2, 'Nv. 3950', 53, 30, 0.67),(2, 'Nv. 3950', 65, 47, 0.26),(2, 'Nv. 3950', 70, 63, 0.65),(2, 'Nv. 3950', 97, 67, 0.17),(2, 'Nv. 3950', 20, 38, 0.36),(2, 'Nv. 4000', 26, 9, 0.98),(2, 'Nv. 4000', 56, 78, 0.08),(2, 'Nv. 4000', 68, 37, 0.89),(2, 'Nv. 4000', 10, 65, 0.08),(2, 'Nv. 4000', 22, 62, 0.27),(2, 'Nv. 4000', 49, 12, 0.64),(2, 'Nv. 4000', 73, 56, 0.84),(2, 'Nv. 4000', 69, 7, 0.9),(2, 'Nv. 4000', 64, 18, 0.32),(2, 'Nv. 4000', 86, 71, 0.56),(2, 'Nv. 4000', 38, 72, 0.8),(2, 'Nv. 4050', 98, 71, 0.69),(2, 'Nv. 4050', 30, 70, 0.32),(2, 'Nv. 4050', 63, 59, 0.89),(2, 'Nv. 4050', 93, 40, 0.19),(2, 'Nv. 4050', 21, 40, 0.13),(2, 'Nv. 4100', 2, 28, 0.77),(2, 'Nv. 4100', 54, 6, 0.54),(2, 'Nv. 4100', 61, 88, 0.75),(2, 'Nv. 4100', 79, 53, 0.3),(2, 'Nv. 4100', 15, 93, 0.32),(2, 'Nv. 4100', 6, 34, 0.2),(2, 'Nv. 4100', 82, 35, 0.18),(2, 'Nv. 4100', 17, 66, 0.77),(2, 'Nv. 4100', 53, 8, 0.67),(2, 'Nv. 4100', 72, 15, 0.22),(2, 'Nv. 4100', 44, 47, 0.31),(2, 'Nv. 4100', 31, 6, 0.56),(2, 'Nv. 4100', 61, 36, 0.02),(2, 'Nv. 4100', 34, 92, 0.99),(2, 'Nv. 4100', 50, 79, 0.09),(2, 'Nv. 4150', 71, 1, 0.9),(2, 'Nv. 4150', 13, 51, 0.25),(2, 'Nv. 4150', 4, 98, 0.71),(2, 'Nv. 4150', 37, 67, 0.04),(2, 'Nv. 4150', 48, 47, 0.54),(2, 'Nv. 4150', 72, 36, 0.32),(2, 'Nv. 4200', 54, 68, 0.25),(2, 'Nv. 4200', 16, 9, 0.74),(2, 'Nv. 4200', 30, 72, 0.93),(2, 'Nv. 4200', 6, 71, 0.97),(2, 'Nv. 4200', 55, 72, 0.57),(3, 'Nv. 3800', 5, 80, 0.4),(3, 'Nv. 3800', 48, 91, 0.33),(3, 'Nv. 3800', 59, 34, 0.51),(3, 'Nv. 3800', 6, 88, 0.87),(3, 'Nv. 3800', 9, 11, 0.47),(3, 'Nv. 3800', 30, 2, 0.23),(3, 'Nv. 3800', 48, 84, 0.85),(3, 'Nv. 3800', 28, 19, 0.65),(3, 'Nv. 3850', 79, 88, 0.61),(3, 'Nv. 3850', 77, 16, 0.68),(3, 'Nv. 3850', 88, 72, 0.73),(3, 'Nv. 3850', 54, 83, 0.02),(3, 'Nv. 3850', 86, 93, 0.36),(3, 'Nv. 3850', 23, 23, 0.88),(3, 'Nv. 3850', 39, 30, 0.44),(3, 'Nv. 3850', 5, 66, 0.72),(3, 'Nv. 3850', 41, 78, 0.95),(3, 'Nv. 3850', 2, 82, 0.03),(3, 'Nv. 3850', 26, 38, 0.67),(3, 'Nv. 3850', 1, 88, 0.52),(3, 'Nv. 3900', 0, 42, 0.73),(3, 'Nv. 3900', 73, 37, 0.15),(3, 'Nv. 3900', 73, 7, 0.07),(3, 'Nv. 3900', 71, 26, 0.29),(3, 'Nv. 3900', 37, 77, 0.22),(3, 'Nv. 3900', 28, 67, 0.59),(3, 'Nv. 3900', 18, 56, 0.58),(3, 'Nv. 3900', 19, 64, 0.07),(3, 'Nv. 3950', 67, 64, 0.08),(3, 'Nv. 3950', 18, 24, 0.53),(3, 'Nv. 3950', 70, 53, 0.23),(3, 'Nv. 3950', 76, 57, 0.67),(3, 'Nv. 3950', 61, 63, 0.63),(3, 'Nv. 3950', 43, 29, 0.86),(3, 'Nv. 3950', 20, 57, 0.14),(3, 'Nv. 3950', 79, 70, 0.96),(3, 'Nv. 3950', 50, 72, 0.15),(3, 'Nv. 3950', 53, 13, 0.82),(3, 'Nv. 3950', 83, 9, 0.37),(3, 'Nv. 3950', 15, 50, 0.4),(3, 'Nv. 3950', 58, 5, 0.91),(3, 'Nv. 4000', 69, 59, 0.77),(3, 'Nv. 4000', 40, 99, 0.47),(3, 'Nv. 4000', 23, 29, 0.42),(3, 'Nv. 4000', 76, 4, 0.49),(3, 'Nv. 4000', 58, 59, 0.84),(3, 'Nv. 4000', 55, 17, 0.2),(3, 'Nv. 4000', 75, 73, 0.34),(3, 'Nv. 4000', 77, 66, 0.91),(3, 'Nv. 4000', 12, 98, 0.71),(3, 'Nv. 4000', 13, 58, 0.18),(3, 'Nv. 4000', 11, 48, 0.28),(3, 'Nv. 4000', 45, 53, 0.3),(3, 'Nv. 4000', 4, 88, 0.56),(3, 'Nv. 4050', 75, 87, 0.22),(3, 'Nv. 4050', 38, 20, 0.94),(3, 'Nv. 4050', 9, 9, 0.12),(3, 'Nv. 4050', 23, 3, 0.41),(3, 'Nv. 4050', 20, 71, 0.43),(3, 'Nv. 4050', 60, 82, 0.27),(3, 'Nv. 4050', 61, 17, 0.63),(3, 'Nv. 4050', 42, 79, 0.09),(3, 'Nv. 4100', 47, 80, 0.53),(3, 'Nv. 4100', 44, 55, 0.48),(3, 'Nv. 4100', 95, 82, 0.14),(3, 'Nv. 4100', 67, 11, 0.11),(3, 'Nv. 4100', 26, 72, 0.68),(3, 'Nv. 4100', 38, 78, 0.8),(3, 'Nv. 4100', 13, 55, 0.23),(3, 'Nv. 4100', 53, 32, 0.62),(3, 'Nv. 4150', 62, 1, 0.85),(3, 'Nv. 4150', 41, 75, 0.74),(3, 'Nv. 4150', 97, 32, 0.6),(3, 'Nv. 4150', 7, 57, 0.32),(3, 'Nv. 4150', 28, 98, 0.12),(3, 'Nv. 4150', 92, 67, 0.48),(3, 'Nv. 4150', 62, 53, 0.04),(3, 'Nv. 4150', 47, 72, 0.76),(3, 'Nv. 4150', 60, 75, 0.56),(3, 'Nv. 4150', 80, 80, 0.7),(3, 'Nv. 4150', 65, 34, 0.16),(3, 'Nv. 4150', 15, 66, 0.67),(3, 'Nv. 4200', 0, 96, 0.7),(3, 'Nv. 4200', 66, 25, 0.05),(3, 'Nv. 4200', 10, 88, 0.25),(3, 'Nv. 4200', 43, 57, 0.06),(3, 'Nv. 4200', 40, 51, 0.06),(3, 'Nv. 4200', 82, 18, 0.25),(3, 'Nv. 4200', 5, 87, 0.42),(3, 'Nv. 4200', 90, 81, 0.32),(3, 'Nv. 4200', 88, 7, 1.0),(3, 'Nv. 4200', 75, 88, 0.27),(3, 'Nv. 4200', 46, 62, 0.21),(4, 'Nv. 3800', 42, 92, 0.15),(4, 'Nv. 3800', 39, 5, 0.05),(4, 'Nv. 3800', 36, 86, 0.13),(4, 'Nv. 3800', 12, 63, 0.74),(4, 'Nv. 3800', 22, 47, 0.98),(4, 'Nv. 3800', 99, 45, 0.86),(4, 'Nv. 3800', 71, 82, 0.71),(4, 'Nv. 3800', 68, 99, 0.69),(4, 'Nv. 3800', 47, 40, 0.77),(4, 'Nv. 3800', 16, 24, 0.48),(4, 'Nv. 3800', 65, 36, 0.8),(4, 'Nv. 3800', 63, 35, 0.38),(4, 'Nv. 3800', 34, 81, 0.29),(4, 'Nv. 3800', 17, 50, 0.4),(4, 'Nv. 3850', 82, 15, 0.23),(4, 'Nv. 3850', 84, 76, 0.35),(4, 'Nv. 3850', 63, 11, 0.24),(4, 'Nv. 3850', 10, 98, 0.32),(4, 'Nv. 3850', 13, 19, 0.33),(4, 'Nv. 3850', 81, 51, 0.33),(4, 'Nv. 3850', 33, 22, 0.34),(4, 'Nv. 3850', 56, 85, 0.99),(4, 'Nv. 3850', 55, 79, 0.73),(4, 'Nv. 3850', 8, 57, 0.35),(4, 'Nv. 3850', 3, 34, 0.16),(4, 'Nv. 3850', 0, 1, 0.74),(4, 'Nv. 3850', 47, 41, 0.68),(4, 'Nv. 3850', 6, 67, 0.98),(4, 'Nv. 3900', 20, 10, 0.29),(4, 'Nv. 3900', 83, 89, 0.25),(4, 'Nv. 3900', 28, 5, 0.34),(4, 'Nv. 3900', 26, 35, 0.24),(4, 'Nv. 3900', 54, 99, 0.97),(4, 'Nv. 3900', 11, 95, 0.93),(4, 'Nv. 3900', 6, 1, 0.65),(4, 'Nv. 3900', 26, 6, 0.41),(4, 'Nv. 3900', 8, 30, 0.11),(4, 'Nv. 3900', 89, 22, 0.19),(4, 'Nv. 3900', 34, 82, 0.69),(4, 'Nv. 3900', 9, 35, 0.26),(4, 'Nv. 3900', 6, 37, 0.4),(4, 'Nv. 3950', 42, 43, 0.06),(4, 'Nv. 3950', 69, 64, 0.25),(4, 'Nv. 3950', 51, 33, 0.25),(4, 'Nv. 3950', 64, 74, 0.58),(4, 'Nv. 3950', 100, 73, 0.83),(4, 'Nv. 3950', 35, 35, 0.17),(4, 'Nv. 3950', 34, 100, 0.66),(4, 'Nv. 3950', 70, 44, 1.0),(4, 'Nv. 3950', 55, 6, 0.01),(4, 'Nv. 3950', 71, 19, 0.72),(4, 'Nv. 3950', 62, 33, 0.32),(4, 'Nv. 3950', 14, 49, 0.17),(4, 'Nv. 3950', 29, 13, 0.69),(4, 'Nv. 3950', 22, 16, 0.08),(4, 'Nv. 3950', 46, 3, 0.69),(4, 'Nv. 4000', 54, 67, 0.9),(4, 'Nv. 4000', 26, 88, 0.9),(4, 'Nv. 4000', 20, 28, 0.83),(4, 'Nv. 4000', 71, 99, 0.91),(4, 'Nv. 4000', 55, 23, 0.91),(4, 'Nv. 4000', 80, 29, 0.66),(4, 'Nv. 4000', 56, 4, 0.29),(4, 'Nv. 4000', 14, 62, 0.83),(4, 'Nv. 4000', 82, 43, 0.35),(4, 'Nv. 4000', 63, 28, 0.82),(4, 'Nv. 4050', 75, 94, 0.89),(4, 'Nv. 4050', 19, 91, 0.09),(4, 'Nv. 4050', 19, 25, 0.74),(4, 'Nv. 4050', 34, 27, 0.41),(4, 'Nv. 4050', 18, 77, 0.43),(4, 'Nv. 4100', 80, 83, 0.14),(4, 'Nv. 4100', 30, 4, 0.23),(4, 'Nv. 4100', 65, 64, 0.19),(4, 'Nv. 4100', 97, 22, 0.8),(4, 'Nv. 4100', 42, 46, 0.17),(4, 'Nv. 4150', 71, 48, 0.31),(4, 'Nv. 4150', 8, 25, 0.73),(4, 'Nv. 4150', 50, 19, 0.36),(4, 'Nv. 4150', 45, 83, 0.07),(4, 'Nv. 4150', 3, 44, 0.71),(4, 'Nv. 4150', 90, 69, 0.54),(4, 'Nv. 4200', 29, 41, 0.22),(4, 'Nv. 4200', 89, 5, 0.18),(4, 'Nv. 4200', 8, 95, 0.78),(4, 'Nv. 4200', 7, 3, 0.91),(4, 'Nv. 4200', 69, 14, 0.74),(4, 'Nv. 4200', 1, 37, 0.14),(5, 'Nv. 3800', 46, 99, 0.13),(5, 'Nv. 3800', 40, 10, 0.92),(5, 'Nv. 3800', 45, 82, 0.03),(5, 'Nv. 3800', 5, 99, 0.99),(5, 'Nv. 3800', 82, 69, 0.07),(5, 'Nv. 3800', 8, 48, 0.19),(5, 'Nv. 3800', 21, 55, 0.98),(5, 'Nv. 3800', 83, 95, 0.27),(5, 'Nv. 3800', 77, 15, 0.39),(5, 'Nv. 3800', 35, 46, 0.48),(5, 'Nv. 3800', 41, 76, 0.79),(5, 'Nv. 3800', 41, 26, 0.32),(5, 'Nv. 3800', 75, 10, 0.88),(5, 'Nv. 3850', 79, 92, 0.97),(5, 'Nv. 3850', 8, 86, 0.6),(5, 'Nv. 3850', 69, 73, 0.13),(5, 'Nv. 3850', 10, 12, 0.96),(5, 'Nv. 3850', 10, 46, 0.28),(5, 'Nv. 3850', 31, 42, 0.32),(5, 'Nv. 3850', 13, 98, 0.7),(5, 'Nv. 3850', 48, 13, 0.21),(5, 'Nv. 3850', 57, 21, 0.01),(5, 'Nv. 3850', 52, 90, 0.61),(5, 'Nv. 3850', 1, 23, 0.87),(5, 'Nv. 3850', 83, 79, 0.38),(5, 'Nv. 3850', 77, 65, 0.75),(5, 'Nv. 3850', 79, 15, 0.76),(5, 'Nv. 3900', 69, 59, 0.52),(5, 'Nv. 3900', 89, 61, 0.6),(5, 'Nv. 3900', 7, 16, 0.15),(5, 'Nv. 3900', 64, 26, 0.4),(5, 'Nv. 3900', 45, 60, 0.91),(5, 'Nv. 3900', 59, 71, 0.56),(5, 'Nv. 3900', 56, 72, 0.86),(5, 'Nv. 3900', 19, 41, 0.13),(5, 'Nv. 3900', 7, 28, 0.26),(5, 'Nv. 3900', 28, 53, 0.7),(5, 'Nv. 3900', 33, 71, 0.96),(5, 'Nv. 3900', 97, 43, 0.62),(5, 'Nv. 3900', 52, 68, 0.29),(5, 'Nv. 3950', 4, 99, 0.64),(5, 'Nv. 3950', 31, 85, 0.84),(5, 'Nv. 3950', 61, 92, 0.44),(5, 'Nv. 3950', 4, 35, 0.87),(5, 'Nv. 3950', 59, 58, 0.95),(5, 'Nv. 3950', 44, 64, 0.71),(5, 'Nv. 3950', 16, 14, 0.73),(5, 'Nv. 3950', 17, 21, 0.73),(5, 'Nv. 3950', 98, 7, 0.32),(5, 'Nv. 3950', 19, 37, 0.14),(5, 'Nv. 3950', 89, 12, 0.4),(5, 'Nv. 3950', 5, 75, 0.97),(5, 'Nv. 3950', 81, 79, 0.04),(5, 'Nv. 3950', 35, 45, 0.17),(5, 'Nv. 3950', 43, 41, 0.0),(5, 'Nv. 4000', 89, 57, 0.08),(5, 'Nv. 4000', 47, 26, 0.76),(5, 'Nv. 4000', 10, 80, 0.54),(5, 'Nv. 4000', 39, 32, 0.15),(5, 'Nv. 4000', 52, 97, 0.1),(5, 'Nv. 4000', 67, 71, 0.33),(5, 'Nv. 4000', 26, 28, 0.12),(5, 'Nv. 4000', 65, 10, 0.79),(5, 'Nv. 4050', 46, 46, 0.92),(5, 'Nv. 4050', 73, 22, 0.25),(5, 'Nv. 4050', 66, 26, 0.08),(5, 'Nv. 4050', 5, 36, 0.24),(5, 'Nv. 4050', 81, 77, 0.51),(5, 'Nv. 4100', 22, 93, 0.33),(5, 'Nv. 4100', 18, 23, 0.85),(5, 'Nv. 4100', 50, 24, 0.04),(5, 'Nv. 4100', 4, 56, 0.05),(5, 'Nv. 4100', 26, 51, 0.7),(5, 'Nv. 4100', 32, 85, 0.89),(5, 'Nv. 4100', 53, 56, 0.39),(5, 'Nv. 4100', 16, 66, 0.21),(5, 'Nv. 4100', 33, 34, 0.82),(5, 'Nv. 4100', 44, 95, 0.6),(5, 'Nv. 4100', 57, 68, 0.23),(5, 'Nv. 4150', 41, 1, 0.64),(5, 'Nv. 4150', 34, 41, 0.64),(5, 'Nv. 4150', 66, 68, 0.26),(5, 'Nv. 4150', 36, 2, 0.11),(5, 'Nv. 4150', 68, 91, 0.39),(5, 'Nv. 4150', 91, 60, 0.66),(5, 'Nv. 4200', 54, 8, 0.53),(5, 'Nv. 4200', 28, 36, 0.21),(5, 'Nv. 4200', 51, 75, 0.9),(5, 'Nv. 4200', 29, 67, 0.48),(5, 'Nv. 4200', 89, 52, 0.02),(5, 'Nv. 4200', 25, 90, 0.23),(5, 'Nv. 4200', 0, 69, 0.07),(5, 'Nv. 4200', 52, 1, 0.78),(5, 'Nv. 4200', 18, 58, 0.42),(5, 'Nv. 4200', 22, 65, 0.01),(6, 'Nv. 3800', 96, 5, 0.88),(6, 'Nv. 3800', 88, 87, 0.22),(6, 'Nv. 3800', 94, 15, 0.83),(6, 'Nv. 3800', 84, 49, 0.94),(6, 'Nv. 3800', 6, 35, 0.1),(6, 'Nv. 3800', 77, 18, 0.92),(6, 'Nv. 3800', 9, 8, 0.82),(6, 'Nv. 3800', 79, 97, 0.46),(6, 'Nv. 3800', 35, 46, 0.73),(6, 'Nv. 3800', 100, 17, 0.79),(6, 'Nv. 3800', 93, 49, 0.39),(6, 'Nv. 3850', 17, 2, 0.47),(6, 'Nv. 3850', 3, 87, 0.34),(6, 'Nv. 3850', 16, 74, 0.79),(6, 'Nv. 3850', 76, 89, 0.88),(6, 'Nv. 3850', 54, 34, 0.76),(6, 'Nv. 3850', 29, 78, 0.52),(6, 'Nv. 3850', 40, 93, 0.08),(6, 'Nv. 3900', 22, 72, 0.02),(6, 'Nv. 3900', 85, 66, 0.46),(6, 'Nv. 3900', 48, 77, 0.21),(6, 'Nv. 3900', 59, 65, 0.66),(6, 'Nv. 3900', 70, 86, 0.78),(6, 'Nv. 3900', 87, 0, 0.71),(6, 'Nv. 3900', 78, 96, 0.34),(6, 'Nv. 3900', 32, 43, 0.17),(6, 'Nv. 3900', 98, 82, 0.89),(6, 'Nv. 3900', 65, 2, 0.59),(6, 'Nv. 3900', 80, 5, 0.65),(6, 'Nv. 3900', 87, 25, 0.73),(6, 'Nv. 3900', 26, 83, 0.88),(6, 'Nv. 3900', 10, 34, 0.34),(6, 'Nv. 3950', 53, 79, 0.04),(6, 'Nv. 3950', 52, 61, 0.23),(6, 'Nv. 3950', 71, 15, 0.76),(6, 'Nv. 3950', 81, 92, 0.05),(6, 'Nv. 3950', 30, 9, 0.33),(6, 'Nv. 4000', 56, 100, 0.33),(6, 'Nv. 4000', 3, 55, 0.83),(6, 'Nv. 4000', 23, 71, 0.05),(6, 'Nv. 4000', 33, 49, 0.49),(6, 'Nv. 4000', 66, 85, 0.13),(6, 'Nv. 4000', 94, 60, 0.5),(6, 'Nv. 4000', 67, 30, 0.18),(6, 'Nv. 4000', 12, 58, 0.31),(6, 'Nv. 4000', 17, 91, 0.63),(6, 'Nv. 4000', 90, 51, 0.79),(6, 'Nv. 4050', 3, 99, 0.82),(6, 'Nv. 4050', 66, 25, 0.42),(6, 'Nv. 4050', 58, 100, 0.22),(6, 'Nv. 4050', 62, 6, 0.19),(6, 'Nv. 4050', 0, 9, 0.85),(6, 'Nv. 4050', 87, 15, 0.35),(6, 'Nv. 4050', 72, 53, 0.49),(6, 'Nv. 4050', 72, 36, 0.35),(6, 'Nv. 4100', 57, 48, 0.7),(6, 'Nv. 4100', 87, 76, 0.49);
INSERT INTO dashboard_heatmap (day, level_name, x_coord, y_coord, intensity) VALUES (6, 'Nv. 4100', 70, 52, 0.66),(6, 'Nv. 4100', 92, 34, 0.48),(6, 'Nv. 4100', 80, 14, 0.08),(6, 'Nv. 4100', 94, 31, 0.92),(6, 'Nv. 4100', 73, 27, 0.3),(6, 'Nv. 4100', 19, 29, 0.26),(6, 'Nv. 4100', 22, 0, 0.94),(6, 'Nv. 4100', 34, 98, 0.81),(6, 'Nv. 4100', 4, 72, 0.78),(6, 'Nv. 4100', 37, 39, 0.02),(6, 'Nv. 4150', 26, 80, 0.03),(6, 'Nv. 4150', 20, 39, 0.09),(6, 'Nv. 4150', 76, 41, 0.99),(6, 'Nv. 4150', 32, 10, 0.64),(6, 'Nv. 4150', 68, 87, 0.69),(6, 'Nv. 4150', 79, 27, 0.8),(6, 'Nv. 4150', 14, 94, 0.25),(6, 'Nv. 4150', 72, 26, 0.07),(6, 'Nv. 4150', 33, 45, 0.49),(6, 'Nv. 4150', 86, 69, 0.58),(6, 'Nv. 4150', 55, 32, 0.47),(6, 'Nv. 4150', 27, 100, 0.58),(6, 'Nv. 4150', 20, 37, 0.93),(6, 'Nv. 4150', 35, 63, 0.47),(6, 'Nv. 4200', 11, 19, 0.11),(6, 'Nv. 4200', 36, 70, 0.74),(6, 'Nv. 4200', 72, 72, 0.46),(6, 'Nv. 4200', 40, 52, 0.16),(6, 'Nv. 4200', 97, 49, 0.01),(6, 'Nv. 4200', 19, 13, 0.2),(6, 'Nv. 4200', 0, 53, 0.84),(6, 'Nv. 4200', 71, 40, 0.58),(6, 'Nv. 4200', 36, 64, 0.18),(6, 'Nv. 4200', 64, 10, 0.4),(7, 'Nv. 3800', 55, 5, 0.41),(7, 'Nv. 3800', 30, 25, 0.47),(7, 'Nv. 3800', 0, 93, 0.94),(7, 'Nv. 3800', 73, 96, 0.46),(7, 'Nv. 3800', 29, 98, 0.41),(7, 'Nv. 3800', 96, 2, 0.42),(7, 'Nv. 3800', 68, 31, 0.12),(7, 'Nv. 3800', 1, 1, 0.87),(7, 'Nv. 3850', 9, 6, 0.33),(7, 'Nv. 3850', 18, 25, 0.32),(7, 'Nv. 3850', 94, 38, 0.77),(7, 'Nv. 3850', 62, 17, 0.45),(7, 'Nv. 3850', 99, 48, 0.88),(7, 'Nv. 3850', 23, 37, 0.74),(7, 'Nv. 3850', 100, 26, 0.26),(7, 'Nv. 3850', 84, 3, 0.25),(7, 'Nv. 3850', 60, 62, 0.9),(7, 'Nv. 3850', 27, 26, 0.77),(7, 'Nv. 3850', 83, 59, 0.99),(7, 'Nv. 3900', 84, 23, 0.64),(7, 'Nv. 3900', 80, 56, 0.11),(7, 'Nv. 3900', 23, 28, 0.36),(7, 'Nv. 3900', 87, 98, 0.31),(7, 'Nv. 3900', 69, 21, 0.51),(7, 'Nv. 3900', 26, 39, 0.26),(7, 'Nv. 3950', 55, 73, 0.11),(7, 'Nv. 3950', 22, 98, 0.5),(7, 'Nv. 3950', 56, 45, 0.48),(7, 'Nv. 3950', 74, 60, 0.6),(7, 'Nv. 3950', 59, 18, 0.02),(7, 'Nv. 3950', 17, 57, 0.95),(7, 'Nv. 3950', 97, 68, 0.58),(7, 'Nv. 3950', 57, 95, 0.52),(7, 'Nv. 3950', 15, 17, 0.47),(7, 'Nv. 3950', 34, 49, 0.45),(7, 'Nv. 3950', 92, 83, 0.07),(7, 'Nv. 3950', 15, 1, 0.23),(7, 'Nv. 3950', 25, 58, 0.85),(7, 'Nv. 4000', 46, 54, 0.67),(7, 'Nv. 4000', 32, 60, 0.74),(7, 'Nv. 4000', 4, 60, 0.05),(7, 'Nv. 4000', 16, 48, 0.13),(7, 'Nv. 4000', 49, 96, 0.85),(7, 'Nv. 4000', 31, 67, 0.01),(7, 'Nv. 4000', 8, 99, 0.79),(7, 'Nv. 4000', 68, 74, 0.74),(7, 'Nv. 4000', 44, 4, 0.56),(7, 'Nv. 4000', 17, 9, 0.74),(7, 'Nv. 4050', 6, 84, 0.54),(7, 'Nv. 4050', 63, 20, 0.64),(7, 'Nv. 4050', 60, 29, 0.12),(7, 'Nv. 4050', 68, 65, 0.58),(7, 'Nv. 4050', 68, 38, 0.0),(7, 'Nv. 4050', 17, 79, 0.32),(7, 'Nv. 4050', 39, 57, 0.06),(7, 'Nv. 4050', 23, 34, 0.24),(7, 'Nv. 4050', 69, 88, 0.94),(7, 'Nv. 4050', 73, 24, 0.43),(7, 'Nv. 4050', 7, 0, 0.92),(7, 'Nv. 4050', 71, 26, 0.45),(7, 'Nv. 4050', 50, 77, 0.09),(7, 'Nv. 4050', 81, 68, 0.84),(7, 'Nv. 4100', 46, 79, 0.29),(7, 'Nv. 4100', 79, 51, 0.38),(7, 'Nv. 4100', 46, 5, 0.15),(7, 'Nv. 4100', 24, 95, 0.23),(7, 'Nv. 4100', 23, 21, 0.8),(7, 'Nv. 4100', 81, 45, 0.77),(7, 'Nv. 4100', 97, 52, 0.23),(7, 'Nv. 4100', 35, 55, 0.13),(7, 'Nv. 4100', 46, 56, 0.52),(7, 'Nv. 4100', 60, 5, 0.65),(7, 'Nv. 4100', 78, 13, 0.63),(7, 'Nv. 4100', 45, 55, 0.24),(7, 'Nv. 4150', 57, 93, 0.25),(7, 'Nv. 4150', 38, 80, 0.22),(7, 'Nv. 4150', 51, 3, 0.01),(7, 'Nv. 4150', 38, 2, 0.41),(7, 'Nv. 4150', 39, 61, 0.19),(7, 'Nv. 4150', 92, 20, 0.11),(7, 'Nv. 4150', 3, 85, 0.74),(7, 'Nv. 4150', 75, 57, 0.02),(7, 'Nv. 4150', 80, 81, 0.76),(7, 'Nv. 4150', 42, 50, 0.13),(7, 'Nv. 4150', 72, 35, 0.2),(7, 'Nv. 4150', 8, 42, 0.34),(7, 'Nv. 4150', 73, 13, 0.87),(7, 'Nv. 4150', 94, 76, 0.52),(7, 'Nv. 4200', 96, 69, 0.69),(7, 'Nv. 4200', 63, 12, 0.97),(7, 'Nv. 4200', 5, 83, 0.81),(7, 'Nv. 4200', 66, 100, 0.31),(7, 'Nv. 4200', 14, 42, 0.6),(7, 'Nv. 4200', 32, 51, 0.11),(7, 'Nv. 4200', 82, 39, 0.84),(7, 'Nv. 4200', 46, 96, 0.38),(7, 'Nv. 4200', 65, 76, 0.54),(8, 'Nv. 3800', 65, 97, 0.21),(8, 'Nv. 3800', 39, 1, 0.18),(8, 'Nv. 3800', 18, 54, 0.94),(8, 'Nv. 3800', 51, 60, 0.32),(8, 'Nv. 3800', 58, 75, 0.12),(8, 'Nv. 3800', 18, 68, 0.79),(8, 'Nv. 3800', 45, 8, 0.93),(8, 'Nv. 3800', 96, 40, 0.5),(8, 'Nv. 3800', 2, 91, 0.54),(8, 'Nv. 3800', 47, 20, 0.23),(8, 'Nv. 3800', 68, 58, 0.66),(8, 'Nv. 3800', 54, 46, 0.01),(8, 'Nv. 3800', 54, 49, 0.28),(8, 'Nv. 3850', 26, 91, 0.91),(8, 'Nv. 3850', 55, 20, 0.09),(8, 'Nv. 3850', 22, 59, 0.78),(8, 'Nv. 3850', 65, 32, 0.78),(8, 'Nv. 3850', 13, 78, 0.35),(8, 'Nv. 3850', 8, 14, 0.41),(8, 'Nv. 3850', 27, 18, 0.23),(8, 'Nv. 3850', 59, 90, 0.4),(8, 'Nv. 3850', 84, 86, 0.78),(8, 'Nv. 3850', 32, 66, 0.95),(8, 'Nv. 3850', 33, 10, 0.38),(8, 'Nv. 3850', 35, 77, 0.96),(8, 'Nv. 3850', 68, 95, 0.64),(8, 'Nv. 3850', 9, 27, 0.74),(8, 'Nv. 3900', 74, 88, 0.04),(8, 'Nv. 3900', 3, 33, 0.38),(8, 'Nv. 3900', 88, 43, 0.37),(8, 'Nv. 3900', 29, 18, 0.85),(8, 'Nv. 3900', 36, 13, 0.73),(8, 'Nv. 3900', 54, 100, 0.17),(8, 'Nv. 3900', 26, 64, 0.85),(8, 'Nv. 3900', 43, 39, 0.38),(8, 'Nv. 3900', 96, 60, 0.1),(8, 'Nv. 3900', 67, 21, 0.44),(8, 'Nv. 3900', 43, 77, 0.59),(8, 'Nv. 3900', 29, 36, 0.64),(8, 'Nv. 3900', 10, 63, 0.06),(8, 'Nv. 3900', 83, 4, 0.05),(8, 'Nv. 3900', 78, 58, 0.49),(8, 'Nv. 3950', 86, 14, 0.42),(8, 'Nv. 3950', 67, 6, 0.26),(8, 'Nv. 3950', 42, 60, 0.79),(8, 'Nv. 3950', 53, 100, 0.2),(8, 'Nv. 3950', 78, 83, 0.96),(8, 'Nv. 3950', 54, 86, 0.4),(8, 'Nv. 3950', 44, 86, 0.01),(8, 'Nv. 3950', 53, 66, 0.81),(8, 'Nv. 3950', 26, 2, 0.51),(8, 'Nv. 3950', 52, 24, 0.13),(8, 'Nv. 3950', 10, 37, 0.97),(8, 'Nv. 3950', 23, 87, 0.32),(8, 'Nv. 3950', 13, 35, 0.09),(8, 'Nv. 4000', 3, 71, 0.64),(8, 'Nv. 4000', 27, 27, 0.39),(8, 'Nv. 4000', 63, 97, 0.27),(8, 'Nv. 4000', 0, 52, 0.08),(8, 'Nv. 4000', 51, 74, 0.49),(8, 'Nv. 4000', 99, 87, 0.43),(8, 'Nv. 4000', 47, 64, 0.26),(8, 'Nv. 4000', 98, 81, 0.26),(8, 'Nv. 4000', 22, 28, 0.88),(8, 'Nv. 4000', 10, 96, 0.44),(8, 'Nv. 4000', 31, 58, 0.17),(8, 'Nv. 4000', 99, 71, 0.92),(8, 'Nv. 4000', 21, 76, 0.49),(8, 'Nv. 4000', 64, 96, 0.0),(8, 'Nv. 4000', 42, 37, 0.84),(8, 'Nv. 4050', 76, 77, 0.71),(8, 'Nv. 4050', 60, 86, 0.32),(8, 'Nv. 4050', 46, 34, 0.04),(8, 'Nv. 4050', 55, 3, 0.76),(8, 'Nv. 4050', 89, 46, 0.1),(8, 'Nv. 4050', 13, 73, 0.89),(8, 'Nv. 4050', 85, 51, 0.43),(8, 'Nv. 4050', 94, 78, 0.37),(8, 'Nv. 4050', 63, 87, 0.93),(8, 'Nv. 4050', 82, 58, 0.79),(8, 'Nv. 4050', 70, 24, 0.85),(8, 'Nv. 4050', 87, 78, 0.48),(8, 'Nv. 4050', 59, 96, 0.78),(8, 'Nv. 4050', 38, 52, 0.28),(8, 'Nv. 4100', 57, 87, 0.13),(8, 'Nv. 4100', 17, 76, 0.04),(8, 'Nv. 4100', 12, 65, 0.58),(8, 'Nv. 4100', 3, 39, 0.94),(8, 'Nv. 4100', 57, 12, 0.59),(8, 'Nv. 4100', 21, 55, 0.55),(8, 'Nv. 4100', 97, 52, 0.19),(8, 'Nv. 4100', 7, 67, 0.26),(8, 'Nv. 4100', 0, 52, 0.91),(8, 'Nv. 4100', 54, 9, 0.12),(8, 'Nv. 4100', 5, 24, 0.35),(8, 'Nv. 4100', 5, 69, 0.8),(8, 'Nv. 4100', 76, 68, 0.77),(8, 'Nv. 4150', 19, 57, 0.35),(8, 'Nv. 4150', 100, 41, 0.35),(8, 'Nv. 4150', 90, 14, 0.87),(8, 'Nv. 4150', 21, 6, 0.97),(8, 'Nv. 4150', 67, 77, 0.91),(8, 'Nv. 4150', 87, 52, 0.58),(8, 'Nv. 4200', 55, 55, 0.21),(8, 'Nv. 4200', 31, 82, 0.33),(8, 'Nv. 4200', 57, 87, 0.84),(8, 'Nv. 4200', 59, 99, 0.95),(8, 'Nv. 4200', 6, 48, 0.09),(8, 'Nv. 4200', 12, 33, 0.58),(8, 'Nv. 4200', 29, 32, 0.8),(8, 'Nv. 4200', 32, 61, 0.51),(8, 'Nv. 4200', 61, 62, 0.12),(8, 'Nv. 4200', 6, 40, 0.93),(8, 'Nv. 4200', 85, 42, 0.52),(8, 'Nv. 4200', 34, 44, 0.77),(8, 'Nv. 4200', 70, 35, 0.69),(9, 'Nv. 3800', 21, 52, 0.83),(9, 'Nv. 3800', 38, 39, 0.74),(9, 'Nv. 3800', 11, 96, 0.92),(9, 'Nv. 3800', 100, 73, 0.06),(9, 'Nv. 3800', 77, 22, 0.31),(9, 'Nv. 3800', 7, 13, 0.31),(9, 'Nv. 3800', 55, 9, 0.62),(9, 'Nv. 3800', 47, 18, 0.55),(9, 'Nv. 3800', 33, 15, 0.94),(9, 'Nv. 3800', 33, 54, 0.66),(9, 'Nv. 3800', 4, 96, 0.69),(9, 'Nv. 3800', 82, 84, 0.95),(9, 'Nv. 3800', 18, 44, 0.02),(9, 'Nv. 3800', 98, 11, 0.35),(9, 'Nv. 3800', 0, 11, 0.39),(9, 'Nv. 3850', 29, 74, 0.25),(9, 'Nv. 3850', 50, 33, 0.52),(9, 'Nv. 3850', 37, 15, 0.43),(9, 'Nv. 3850', 81, 68, 0.56),(9, 'Nv. 3850', 8, 99, 0.33),(9, 'Nv. 3850', 94, 88, 0.85),(9, 'Nv. 3850', 62, 53, 0.06),(9, 'Nv. 3850', 78, 60, 0.61),(9, 'Nv. 3850', 66, 97, 0.52),(9, 'Nv. 3900', 72, 49, 0.47),(9, 'Nv. 3900', 9, 55, 0.19),(9, 'Nv. 3900', 49, 58, 0.99),(9, 'Nv. 3900', 82, 29, 0.77),(9, 'Nv. 3900', 2, 41, 0.49),(9, 'Nv. 3900', 53, 77, 0.73),(9, 'Nv. 3900', 11, 27, 0.12),(9, 'Nv. 3900', 52, 64, 0.54),(9, 'Nv. 3900', 68, 29, 0.16),(9, 'Nv. 3900', 46, 70, 1.0),(9, 'Nv. 3950', 38, 16, 0.6),(9, 'Nv. 3950', 88, 58, 0.86),(9, 'Nv. 3950', 80, 82, 0.63),(9, 'Nv. 3950', 64, 83, 0.26),(9, 'Nv. 3950', 86, 49, 0.35),(9, 'Nv. 3950', 1, 17, 0.6),(9, 'Nv. 3950', 15, 99, 0.36),(9, 'Nv. 3950', 30, 69, 0.71),(9, 'Nv. 3950', 2, 54, 0.47),(9, 'Nv. 3950', 46, 59, 0.15),(9, 'Nv. 3950', 42, 67, 0.11),(9, 'Nv. 3950', 93, 21, 0.39),(9, 'Nv. 3950', 4, 86, 0.51),(9, 'Nv. 4000', 89, 71, 0.96),(9, 'Nv. 4000', 88, 59, 0.83),(9, 'Nv. 4000', 63, 35, 0.25),(9, 'Nv. 4000', 41, 57, 0.63),(9, 'Nv. 4000', 26, 15, 0.02),(9, 'Nv. 4000', 65, 53, 0.95),(9, 'Nv. 4000', 10, 62, 0.49),(9, 'Nv. 4000', 69, 38, 0.12),(9, 'Nv. 4000', 18, 22, 0.55),(9, 'Nv. 4000', 92, 3, 0.12),(9, 'Nv. 4000', 44, 83, 0.03),(9, 'Nv. 4000', 69, 79, 0.36),(9, 'Nv. 4000', 8, 0, 0.16),(9, 'Nv. 4050', 41, 83, 0.47),(9, 'Nv. 4050', 84, 97, 0.81),(9, 'Nv. 4050', 11, 21, 0.01),(9, 'Nv. 4050', 5, 5, 0.94),(9, 'Nv. 4050', 96, 49, 0.2),(9, 'Nv. 4050', 43, 69, 0.81),(9, 'Nv. 4100', 54, 87, 0.03),(9, 'Nv. 4100', 12, 77, 0.85),(9, 'Nv. 4100', 100, 47, 0.97),(9, 'Nv. 4100', 6, 83, 0.84),(9, 'Nv. 4100', 27, 70, 0.59),(9, 'Nv. 4100', 69, 88, 0.17),(9, 'Nv. 4100', 47, 65, 0.82),(9, 'Nv. 4100', 91, 39, 0.8),(9, 'Nv. 4100', 26, 92, 0.54),(9, 'Nv. 4100', 96, 33, 0.84),(9, 'Nv. 4100', 31, 47, 0.35),(9, 'Nv. 4150', 25, 48, 0.4),(9, 'Nv. 4150', 23, 59, 0.0),(9, 'Nv. 4150', 15, 93, 0.38),(9, 'Nv. 4150', 57, 48, 0.91),(9, 'Nv. 4150', 65, 41, 0.33),(9, 'Nv. 4150', 30, 61, 0.32),(9, 'Nv. 4200', 44, 81, 0.66),(9, 'Nv. 4200', 51, 44, 0.32),(9, 'Nv. 4200', 42, 66, 0.01),(9, 'Nv. 4200', 72, 13, 0.67),(9, 'Nv. 4200', 29, 88, 0.56),(9, 'Nv. 4200', 65, 6, 0.76),(9, 'Nv. 4200', 66, 23, 0.6),(9, 'Nv. 4200', 40, 12, 0.91),(9, 'Nv. 4200', 87, 27, 0.17),(10, 'Nv. 3800', 71, 28, 0.3),(10, 'Nv. 3800', 8, 22, 0.33),(10, 'Nv. 3800', 64, 60, 0.15),(10, 'Nv. 3800', 65, 47, 0.42),(10, 'Nv. 3800', 100, 18, 0.95),(10, 'Nv. 3800', 70, 7, 0.87),(10, 'Nv. 3800', 23, 23, 0.2),(10, 'Nv. 3800', 42, 27, 0.01),(10, 'Nv. 3800', 46, 54, 0.61),(10, 'Nv. 3850', 22, 62, 0.04),(10, 'Nv. 3850', 62, 15, 0.79),(10, 'Nv. 3850', 34, 47, 0.86),(10, 'Nv. 3850', 34, 30, 0.24),(10, 'Nv. 3850', 78, 13, 0.8),(10, 'Nv. 3850', 45, 54, 0.88),(10, 'Nv. 3850', 66, 85, 0.04),(10, 'Nv. 3850', 78, 64, 0.04),(10, 'Nv. 3850', 1, 46, 0.33),(10, 'Nv. 3850', 22, 53, 0.89),(10, 'Nv. 3850', 49, 77, 0.24),(10, 'Nv. 3900', 76, 26, 0.13),(10, 'Nv. 3900', 8, 29, 0.55),(10, 'Nv. 3900', 33, 70, 0.51),(10, 'Nv. 3900', 1, 39, 0.88),(10, 'Nv. 3900', 62, 31, 0.38),(10, 'Nv. 3900', 31, 21, 0.12),(10, 'Nv. 3900', 27, 82, 0.28),(10, 'Nv. 3950', 60, 33, 0.49),(10, 'Nv. 3950', 67, 85, 0.71),(10, 'Nv. 3950', 74, 69, 0.82),(10, 'Nv. 3950', 68, 18, 0.86),(10, 'Nv. 3950', 87, 78, 0.48),(10, 'Nv. 3950', 82, 90, 0.99),(10, 'Nv. 4000', 35, 94, 0.07),(10, 'Nv. 4000', 23, 8, 0.41),(10, 'Nv. 4000', 21, 57, 0.61),(10, 'Nv. 4000', 27, 71, 0.7),(10, 'Nv. 4000', 47, 82, 0.69),(10, 'Nv. 4000', 26, 60, 0.69),(10, 'Nv. 4000', 45, 90, 0.78),(10, 'Nv. 4050', 45, 5, 0.42),(10, 'Nv. 4050', 87, 10, 0.98),(10, 'Nv. 4050', 80, 55, 0.62),(10, 'Nv. 4050', 65, 25, 0.94),(10, 'Nv. 4050', 85, 70, 0.84),(10, 'Nv. 4050', 48, 56, 0.9),(10, 'Nv. 4050', 31, 18, 0.7),(10, 'Nv. 4050', 70, 76, 0.39),(10, 'Nv. 4050', 2, 39, 0.22),(10, 'Nv. 4050', 2, 66, 0.79),(10, 'Nv. 4050', 57, 51, 0.3),(10, 'Nv. 4050', 68, 49, 0.86),(10, 'Nv. 4050', 17, 4, 0.86),(10, 'Nv. 4050', 62, 41, 0.27),(10, 'Nv. 4100', 28, 72, 0.93),(10, 'Nv. 4100', 42, 39, 0.66),(10, 'Nv. 4100', 28, 50, 0.46),(10, 'Nv. 4100', 81, 83, 0.87),(10, 'Nv. 4100', 23, 1, 0.77),(10, 'Nv. 4100', 90, 33, 0.28),(10, 'Nv. 4100', 68, 95, 0.35),(10, 'Nv. 4100', 10, 97, 0.56),(10, 'Nv. 4100', 55, 11, 0.84),(10, 'Nv. 4100', 43, 24, 0.28),(10, 'Nv. 4100', 80, 70, 0.56),(10, 'Nv. 4100', 76, 67, 0.06),(10, 'Nv. 4100', 72, 83, 0.76),(10, 'Nv. 4100', 48, 46, 0.6),(10, 'Nv. 4100', 76, 54, 0.89),(10, 'Nv. 4150', 70, 63, 0.34),(10, 'Nv. 4150', 99, 39, 0.11),(10, 'Nv. 4150', 76, 63, 0.59),(10, 'Nv. 4150', 43, 87, 0.04),(10, 'Nv. 4150', 22, 9, 0.29),(10, 'Nv. 4150', 23, 43, 0.34),(10, 'Nv. 4150', 65, 4, 0.96),(10, 'Nv. 4150', 89, 71, 0.46),(10, 'Nv. 4150', 20, 6, 0.06),(10, 'Nv. 4150', 75, 36, 0.19),(10, 'Nv. 4150', 14, 64, 0.74),(10, 'Nv. 4150', 93, 30, 0.09),(10, 'Nv. 4150', 8, 91, 0.56),(10, 'Nv. 4150', 50, 31, 0.4),(10, 'Nv. 4150', 33, 88, 0.25),(10, 'Nv. 4200', 5, 38, 0.05),(10, 'Nv. 4200', 21, 77, 0.71),(10, 'Nv. 4200', 52, 40, 0.48),(10, 'Nv. 4200', 7, 52, 0.1),(10, 'Nv. 4200', 80, 64, 0.13),(10, 'Nv. 4200', 27, 53, 0.43),(11, 'Nv. 3800', 57, 5, 0.3),(11, 'Nv. 3800', 56, 75, 1.0),(11, 'Nv. 3800', 71, 66, 0.77),(11, 'Nv. 3800', 8, 86, 0.87),(11, 'Nv. 3800', 17, 45, 0.87),(11, 'Nv. 3800', 7, 94, 0.11),(11, 'Nv. 3800', 88, 91, 0.28),(11, 'Nv. 3800', 62, 98, 0.41),(11, 'Nv. 3800', 61, 4, 0.5),(11, 'Nv. 3800', 51, 21, 0.7),(11, 'Nv. 3800', 69, 41, 0.03),(11, 'Nv. 3800', 38, 23, 0.59),(11, 'Nv. 3800', 72, 25, 0.84),(11, 'Nv. 3800', 10, 48, 0.16),(11, 'Nv. 3800', 92, 48, 0.95),(11, 'Nv. 3850', 42, 22, 0.78),(11, 'Nv. 3850', 8, 93, 0.15),(11, 'Nv. 3850', 65, 73, 0.77),(11, 'Nv. 3850', 51, 22, 0.45),(11, 'Nv. 3850', 19, 9, 0.17),(11, 'Nv. 3850', 78, 83, 0.96),(11, 'Nv. 3850', 24, 74, 0.07),(11, 'Nv. 3850', 49, 91, 0.11),(11, 'Nv. 3850', 78, 54, 0.63),(11, 'Nv. 3900', 70, 46, 0.95),(11, 'Nv. 3900', 87, 31, 0.72),(11, 'Nv. 3900', 66, 88, 0.38),(11, 'Nv. 3900', 16, 8, 0.85),(11, 'Nv. 3900', 78, 45, 0.49),(11, 'Nv. 3950', 71, 78, 0.55),(11, 'Nv. 3950', 79, 74, 0.97),(11, 'Nv. 3950', 26, 74, 0.08),(11, 'Nv. 3950', 69, 92, 0.43),(11, 'Nv. 3950', 32, 6, 0.9),(11, 'Nv. 3950', 94, 79, 0.41),(11, 'Nv. 3950', 35, 7, 0.59),(11, 'Nv. 3950', 16, 24, 0.6),(11, 'Nv. 3950', 5, 7, 0.54),(11, 'Nv. 3950', 33, 28, 0.91),(11, 'Nv. 3950', 11, 16, 0.45),(11, 'Nv. 3950', 40, 10, 0.68),(11, 'Nv. 4000', 75, 64, 0.57),(11, 'Nv. 4000', 69, 28, 0.33),(11, 'Nv. 4000', 8, 45, 0.65),(11, 'Nv. 4000', 9, 92, 0.27),(11, 'Nv. 4000', 51, 64, 0.37),(11, 'Nv. 4000', 90, 60, 0.92),(11, 'Nv. 4000', 66, 9, 0.09),(11, 'Nv. 4000', 91, 71, 0.35),(11, 'Nv. 4000', 7, 97, 0.57),(11, 'Nv. 4000', 94, 48, 0.46),(11, 'Nv. 4000', 79, 82, 0.0),(11, 'Nv. 4000', 9, 94, 0.56),(11, 'Nv. 4000', 10, 58, 0.3),(11, 'Nv. 4000', 50, 85, 0.79),(11, 'Nv. 4050', 69, 90, 0.39),(11, 'Nv. 4050', 42, 85, 0.0),(11, 'Nv. 4050', 15, 6, 0.23),(11, 'Nv. 4050', 41, 2, 0.12),(11, 'Nv. 4050', 97, 84, 0.87),(11, 'Nv. 4050', 38, 86, 0.3),(11, 'Nv. 4050', 84, 31, 0.73),(11, 'Nv. 4050', 84, 87, 0.65),(11, 'Nv. 4050', 14, 73, 0.53),(11, 'Nv. 4050', 51, 39, 0.95),(11, 'Nv. 4100', 13, 94, 0.06),(11, 'Nv. 4100', 6, 77, 0.01),(11, 'Nv. 4100', 4, 51, 0.51),(11, 'Nv. 4100', 10, 68, 0.09),(11, 'Nv. 4100', 8, 25, 0.4),(11, 'Nv. 4100', 94, 91, 0.54);
INSERT INTO dashboard_heatmap (day, level_name, x_coord, y_coord, intensity) VALUES (11, 'Nv. 4100', 63, 74, 0.28),(11, 'Nv. 4100', 23, 51, 0.08),(11, 'Nv. 4100', 59, 88, 0.04),(11, 'Nv. 4150', 81, 25, 0.59),(11, 'Nv. 4150', 55, 60, 0.34),(11, 'Nv. 4150', 24, 97, 0.33),(11, 'Nv. 4150', 75, 65, 0.28),(11, 'Nv. 4150', 9, 64, 0.99),(11, 'Nv. 4150', 56, 41, 0.37),(11, 'Nv. 4150', 40, 15, 0.52),(11, 'Nv. 4150', 47, 2, 0.02),(11, 'Nv. 4150', 92, 36, 0.3),(11, 'Nv. 4150', 2, 7, 0.03),(11, 'Nv. 4150', 65, 6, 0.29),(11, 'Nv. 4150', 74, 58, 0.95),(11, 'Nv. 4150', 77, 87, 0.64),(11, 'Nv. 4150', 24, 0, 0.99),(11, 'Nv. 4150', 68, 42, 0.08),(11, 'Nv. 4200', 65, 80, 0.0),(11, 'Nv. 4200', 83, 31, 0.43),(11, 'Nv. 4200', 7, 88, 0.49),(11, 'Nv. 4200', 89, 69, 0.75),(11, 'Nv. 4200', 91, 67, 0.43),(11, 'Nv. 4200', 17, 29, 0.47),(11, 'Nv. 4200', 54, 100, 0.59),(11, 'Nv. 4200', 79, 28, 0.97),(11, 'Nv. 4200', 34, 92, 0.94),(11, 'Nv. 4200', 58, 55, 0.75),(11, 'Nv. 4200', 46, 8, 0.28),(11, 'Nv. 4200', 81, 58, 0.9),(11, 'Nv. 4200', 41, 48, 0.88),(11, 'Nv. 4200', 75, 13, 0.32),(11, 'Nv. 4200', 17, 74, 0.21),(12, 'Nv. 3800', 51, 34, 0.92),(12, 'Nv. 3800', 74, 16, 0.73),(12, 'Nv. 3800', 53, 90, 0.03),(12, 'Nv. 3800', 31, 2, 0.49),(12, 'Nv. 3800', 82, 80, 0.06),(12, 'Nv. 3800', 52, 22, 0.99),(12, 'Nv. 3800', 44, 82, 0.56),(12, 'Nv. 3800', 84, 49, 0.16),(12, 'Nv. 3800', 34, 89, 0.59),(12, 'Nv. 3850', 25, 76, 0.5),(12, 'Nv. 3850', 56, 93, 0.06),(12, 'Nv. 3850', 39, 36, 0.07),(12, 'Nv. 3850', 34, 27, 0.76),(12, 'Nv. 3850', 99, 65, 0.11),(12, 'Nv. 3850', 58, 71, 0.18),(12, 'Nv. 3850', 45, 32, 0.87),(12, 'Nv. 3850', 63, 69, 0.31),(12, 'Nv. 3900', 71, 53, 0.32),(12, 'Nv. 3900', 8, 62, 0.56),(12, 'Nv. 3900', 43, 51, 0.74),(12, 'Nv. 3900', 100, 79, 0.77),(12, 'Nv. 3900', 65, 56, 0.09),(12, 'Nv. 3900', 39, 5, 0.04),(12, 'Nv. 3900', 28, 17, 0.72),(12, 'Nv. 3900', 73, 92, 0.65),(12, 'Nv. 3900', 54, 66, 0.42),(12, 'Nv. 3900', 42, 33, 0.27),(12, 'Nv. 3900', 19, 73, 0.88),(12, 'Nv. 3900', 79, 19, 0.4),(12, 'Nv. 3900', 46, 65, 0.32),(12, 'Nv. 3900', 59, 6, 0.26),(12, 'Nv. 3950', 21, 69, 0.88),(12, 'Nv. 3950', 71, 78, 0.51),(12, 'Nv. 3950', 11, 12, 0.76),(12, 'Nv. 3950', 42, 73, 0.21),(12, 'Nv. 3950', 62, 81, 0.08),(12, 'Nv. 3950', 15, 86, 0.1),(12, 'Nv. 3950', 92, 58, 0.22),(12, 'Nv. 3950', 13, 7, 0.96),(12, 'Nv. 3950', 20, 13, 0.08),(12, 'Nv. 3950', 33, 27, 0.38),(12, 'Nv. 4000', 54, 14, 0.57),(12, 'Nv. 4000', 47, 61, 0.18),(12, 'Nv. 4000', 70, 73, 0.21),(12, 'Nv. 4000', 16, 29, 0.94),(12, 'Nv. 4000', 94, 74, 0.44),(12, 'Nv. 4000', 21, 36, 0.77),(12, 'Nv. 4000', 76, 95, 0.74),(12, 'Nv. 4000', 44, 27, 0.76),(12, 'Nv. 4000', 89, 100, 0.96),(12, 'Nv. 4000', 69, 38, 0.98),(12, 'Nv. 4050', 41, 30, 0.96),(12, 'Nv. 4050', 74, 9, 0.3),(12, 'Nv. 4050', 19, 88, 0.6),(12, 'Nv. 4050', 74, 14, 0.38),(12, 'Nv. 4050', 82, 20, 0.22),(12, 'Nv. 4050', 52, 14, 0.8),(12, 'Nv. 4050', 31, 43, 0.84),(12, 'Nv. 4050', 21, 87, 0.55),(12, 'Nv. 4100', 1, 5, 0.44),(12, 'Nv. 4100', 57, 31, 0.56),(12, 'Nv. 4100', 29, 55, 0.02),(12, 'Nv. 4100', 76, 22, 0.01),(12, 'Nv. 4100', 35, 77, 0.79),(12, 'Nv. 4100', 89, 76, 0.48),(12, 'Nv. 4100', 56, 28, 0.24),(12, 'Nv. 4100', 17, 37, 0.05),(12, 'Nv. 4100', 83, 61, 0.47),(12, 'Nv. 4100', 74, 77, 0.87),(12, 'Nv. 4100', 23, 18, 0.06),(12, 'Nv. 4150', 15, 54, 0.26),(12, 'Nv. 4150', 27, 67, 1.0),(12, 'Nv. 4150', 40, 0, 0.66),(12, 'Nv. 4150', 75, 29, 0.06),(12, 'Nv. 4150', 41, 30, 0.09),(12, 'Nv. 4200', 92, 97, 0.79),(12, 'Nv. 4200', 43, 52, 0.4),(12, 'Nv. 4200', 72, 85, 0.38),(12, 'Nv. 4200', 63, 77, 0.35),(12, 'Nv. 4200', 90, 20, 0.48),(12, 'Nv. 4200', 86, 8, 0.01),(12, 'Nv. 4200', 31, 31, 0.42),(12, 'Nv. 4200', 71, 71, 0.45),(12, 'Nv. 4200', 22, 91, 0.35),(12, 'Nv. 4200', 89, 6, 0.23),(12, 'Nv. 4200', 92, 46, 0.27),(12, 'Nv. 4200', 76, 82, 0.42),(12, 'Nv. 4200', 4, 31, 0.19),(12, 'Nv. 4200', 30, 86, 0.57),(13, 'Nv. 3800', 81, 34, 0.97),(13, 'Nv. 3800', 19, 38, 0.72),(13, 'Nv. 3800', 89, 36, 0.18),(13, 'Nv. 3800', 18, 32, 0.87),(13, 'Nv. 3800', 77, 28, 0.21),(13, 'Nv. 3850', 27, 6, 0.97),(13, 'Nv. 3850', 81, 55, 0.52),(13, 'Nv. 3850', 85, 8, 0.92),(13, 'Nv. 3850', 76, 27, 0.31),(13, 'Nv. 3850', 87, 0, 0.95),(13, 'Nv. 3850', 14, 97, 0.21),(13, 'Nv. 3850', 53, 27, 0.92),(13, 'Nv. 3850', 55, 50, 0.89),(13, 'Nv. 3850', 92, 53, 0.13),(13, 'Nv. 3850', 0, 54, 0.29),(13, 'Nv. 3850', 70, 76, 0.56),(13, 'Nv. 3850', 0, 19, 0.89),(13, 'Nv. 3850', 66, 97, 0.02),(13, 'Nv. 3850', 50, 35, 0.58),(13, 'Nv. 3850', 60, 17, 0.15),(13, 'Nv. 3900', 4, 55, 1.0),(13, 'Nv. 3900', 88, 79, 0.68),(13, 'Nv. 3900', 10, 28, 0.65),(13, 'Nv. 3900', 49, 30, 0.04),(13, 'Nv. 3900', 38, 80, 0.23),(13, 'Nv. 3900', 54, 5, 0.99),(13, 'Nv. 3950', 83, 67, 0.29),(13, 'Nv. 3950', 74, 91, 0.61),(13, 'Nv. 3950', 61, 95, 0.93),(13, 'Nv. 3950', 99, 90, 0.21),(13, 'Nv. 3950', 72, 27, 0.78),(13, 'Nv. 3950', 97, 14, 0.22),(13, 'Nv. 3950', 92, 39, 0.93),(13, 'Nv. 3950', 21, 69, 0.06),(13, 'Nv. 3950', 88, 86, 0.37),(13, 'Nv. 3950', 52, 47, 0.07),(13, 'Nv. 3950', 51, 37, 0.32),(13, 'Nv. 4000', 33, 88, 0.5),(13, 'Nv. 4000', 23, 64, 0.63),(13, 'Nv. 4000', 41, 97, 0.55),(13, 'Nv. 4000', 24, 98, 0.58),(13, 'Nv. 4000', 99, 86, 0.42),(13, 'Nv. 4000', 22, 38, 0.84),(13, 'Nv. 4000', 90, 14, 0.94),(13, 'Nv. 4000', 58, 65, 0.18),(13, 'Nv. 4000', 64, 100, 0.1),(13, 'Nv. 4000', 43, 77, 0.92),(13, 'Nv. 4000', 56, 97, 0.98),(13, 'Nv. 4000', 40, 80, 0.72),(13, 'Nv. 4000', 41, 29, 0.37),(13, 'Nv. 4000', 71, 65, 0.56),(13, 'Nv. 4050', 74, 1, 0.66),(13, 'Nv. 4050', 63, 99, 0.5),(13, 'Nv. 4050', 70, 31, 0.38),(13, 'Nv. 4050', 29, 77, 0.29),(13, 'Nv. 4050', 93, 18, 0.15),(13, 'Nv. 4050', 74, 97, 0.83),(13, 'Nv. 4050', 100, 29, 0.4),(13, 'Nv. 4100', 48, 27, 0.0),(13, 'Nv. 4100', 62, 15, 0.47),(13, 'Nv. 4100', 7, 93, 0.99),(13, 'Nv. 4100', 82, 23, 0.37),(13, 'Nv. 4100', 13, 4, 0.08),(13, 'Nv. 4100', 26, 11, 0.97),(13, 'Nv. 4100', 11, 6, 0.82),(13, 'Nv. 4100', 65, 65, 0.53),(13, 'Nv. 4100', 81, 30, 0.27),(13, 'Nv. 4100', 44, 59, 0.96),(13, 'Nv. 4100', 96, 8, 0.87),(13, 'Nv. 4100', 41, 82, 0.67),(13, 'Nv. 4100', 16, 73, 0.35),(13, 'Nv. 4100', 29, 7, 0.32),(13, 'Nv. 4100', 41, 40, 0.47),(13, 'Nv. 4150', 12, 2, 0.33),(13, 'Nv. 4150', 12, 88, 0.69),(13, 'Nv. 4150', 31, 53, 0.23),(13, 'Nv. 4150', 65, 79, 0.47),(13, 'Nv. 4150', 54, 97, 0.43),(13, 'Nv. 4150', 37, 53, 0.78),(13, 'Nv. 4150', 87, 31, 0.79),(13, 'Nv. 4150', 93, 100, 0.9),(13, 'Nv. 4150', 88, 80, 0.74),(13, 'Nv. 4150', 23, 73, 0.17),(13, 'Nv. 4200', 39, 19, 0.2),(13, 'Nv. 4200', 17, 19, 0.86),(13, 'Nv. 4200', 11, 92, 0.67),(13, 'Nv. 4200', 61, 21, 0.54),(13, 'Nv. 4200', 44, 77, 0.49),(13, 'Nv. 4200', 73, 95, 0.11),(13, 'Nv. 4200', 94, 57, 0.24),(13, 'Nv. 4200', 4, 46, 0.89),(13, 'Nv. 4200', 68, 94, 0.23),(13, 'Nv. 4200', 52, 80, 0.6),(13, 'Nv. 4200', 77, 92, 0.72),(14, 'Nv. 3800', 31, 20, 0.06),(14, 'Nv. 3800', 76, 18, 0.95),(14, 'Nv. 3800', 18, 29, 0.53),(14, 'Nv. 3800', 53, 11, 0.23),(14, 'Nv. 3800', 90, 98, 0.04),(14, 'Nv. 3800', 8, 52, 0.89),(14, 'Nv. 3800', 61, 95, 0.84),(14, 'Nv. 3800', 13, 55, 0.73),(14, 'Nv. 3800', 34, 69, 0.77),(14, 'Nv. 3800', 94, 13, 0.76),(14, 'Nv. 3800', 86, 30, 0.24),(14, 'Nv. 3800', 66, 11, 0.8),(14, 'Nv. 3800', 67, 21, 0.22),(14, 'Nv. 3800', 80, 96, 0.09),(14, 'Nv. 3850', 97, 49, 0.46),(14, 'Nv. 3850', 8, 60, 0.63),(14, 'Nv. 3850', 53, 40, 0.15),(14, 'Nv. 3850', 66, 75, 0.71),(14, 'Nv. 3850', 59, 43, 0.32),(14, 'Nv. 3850', 53, 52, 0.27),(14, 'Nv. 3850', 69, 25, 0.95),(14, 'Nv. 3850', 25, 9, 0.92),(14, 'Nv. 3850', 7, 89, 0.21),(14, 'Nv. 3850', 55, 35, 0.84),(14, 'Nv. 3850', 22, 66, 0.89),(14, 'Nv. 3850', 9, 78, 0.84),(14, 'Nv. 3900', 78, 63, 0.94),(14, 'Nv. 3900', 44, 66, 0.09),(14, 'Nv. 3900', 64, 79, 0.69),(14, 'Nv. 3900', 78, 59, 0.55),(14, 'Nv. 3900', 78, 15, 0.05),(14, 'Nv. 3900', 91, 100, 0.69),(14, 'Nv. 3900', 50, 12, 0.41),(14, 'Nv. 3900', 13, 52, 0.31),(14, 'Nv. 3900', 73, 46, 0.32),(14, 'Nv. 3900', 4, 82, 0.46),(14, 'Nv. 3900', 19, 21, 0.38),(14, 'Nv. 3900', 76, 48, 0.03),(14, 'Nv. 3900', 89, 50, 0.63),(14, 'Nv. 3950', 2, 5, 0.71),(14, 'Nv. 3950', 51, 63, 0.37),(14, 'Nv. 3950', 58, 79, 0.69),(14, 'Nv. 3950', 89, 81, 0.06),(14, 'Nv. 3950', 67, 19, 0.76),(14, 'Nv. 3950', 87, 38, 0.9),(14, 'Nv. 3950', 26, 43, 0.39),(14, 'Nv. 3950', 86, 98, 0.05),(14, 'Nv. 3950', 51, 36, 0.43),(14, 'Nv. 3950', 2, 33, 0.61),(14, 'Nv. 3950', 91, 49, 0.2),(14, 'Nv. 3950', 76, 40, 0.22),(14, 'Nv. 3950', 15, 88, 0.49),(14, 'Nv. 3950', 86, 43, 0.65),(14, 'Nv. 4000', 36, 95, 0.79),(14, 'Nv. 4000', 11, 24, 0.16),(14, 'Nv. 4000', 53, 64, 0.4),(14, 'Nv. 4000', 24, 21, 0.7),(14, 'Nv. 4000', 6, 25, 0.97),(14, 'Nv. 4050', 90, 81, 0.77),(14, 'Nv. 4050', 55, 4, 0.61),(14, 'Nv. 4050', 42, 62, 0.84),(14, 'Nv. 4050', 88, 72, 0.85),(14, 'Nv. 4050', 90, 20, 0.66),(14, 'Nv. 4050', 67, 49, 0.19),(14, 'Nv. 4100', 81, 48, 0.63),(14, 'Nv. 4100', 66, 95, 0.58),(14, 'Nv. 4100', 57, 23, 0.19),(14, 'Nv. 4100', 99, 13, 0.04),(14, 'Nv. 4100', 39, 33, 0.63),(14, 'Nv. 4100', 62, 24, 0.15),(14, 'Nv. 4100', 36, 16, 0.38),(14, 'Nv. 4100', 2, 19, 0.0),(14, 'Nv. 4150', 14, 65, 0.67),(14, 'Nv. 4150', 81, 75, 0.05),(14, 'Nv. 4150', 74, 82, 0.65),(14, 'Nv. 4150', 44, 96, 0.46),(14, 'Nv. 4150', 100, 57, 0.17),(14, 'Nv. 4150', 23, 46, 0.12),(14, 'Nv. 4150', 50, 11, 0.13),(14, 'Nv. 4150', 28, 74, 0.66),(14, 'Nv. 4150', 87, 64, 0.1),(14, 'Nv. 4150', 57, 50, 0.45),(14, 'Nv. 4150', 59, 93, 0.37),(14, 'Nv. 4150', 74, 81, 0.36),(14, 'Nv. 4200', 42, 94, 0.47),(14, 'Nv. 4200', 34, 68, 0.69),(14, 'Nv. 4200', 99, 22, 0.31),(14, 'Nv. 4200', 100, 17, 0.0),(14, 'Nv. 4200', 67, 93, 0.42),(14, 'Nv. 4200', 86, 55, 0.25),(14, 'Nv. 4200', 82, 79, 0.19),(14, 'Nv. 4200', 56, 93, 0.59),(14, 'Nv. 4200', 12, 24, 0.29),(14, 'Nv. 4200', 71, 57, 0.03),(15, 'Nv. 3800', 64, 16, 0.54),(15, 'Nv. 3800', 44, 71, 0.59),(15, 'Nv. 3800', 24, 17, 0.99),(15, 'Nv. 3800', 74, 80, 0.84),(15, 'Nv. 3800', 6, 85, 0.59),(15, 'Nv. 3800', 30, 71, 0.8),(15, 'Nv. 3850', 70, 88, 0.77),(15, 'Nv. 3850', 44, 52, 0.17),(15, 'Nv. 3850', 1, 12, 0.72),(15, 'Nv. 3850', 6, 6, 0.28),(15, 'Nv. 3850', 36, 52, 0.94),(15, 'Nv. 3850', 68, 91, 0.61),(15, 'Nv. 3850', 69, 90, 0.6),(15, 'Nv. 3850', 26, 51, 0.79),(15, 'Nv. 3850', 18, 90, 0.63),(15, 'Nv. 3850', 62, 71, 0.48),(15, 'Nv. 3850', 87, 71, 0.21),(15, 'Nv. 3900', 96, 91, 0.16),(15, 'Nv. 3900', 55, 98, 1.0),(15, 'Nv. 3900', 43, 7, 0.6),(15, 'Nv. 3900', 73, 12, 0.68),(15, 'Nv. 3900', 97, 18, 0.57),(15, 'Nv. 3900', 86, 46, 0.8),(15, 'Nv. 3900', 28, 63, 0.54),(15, 'Nv. 3900', 74, 19, 0.24),(15, 'Nv. 3900', 85, 98, 0.63),(15, 'Nv. 3900', 32, 38, 1.0),(15, 'Nv. 3950', 89, 17, 0.78),(15, 'Nv. 3950', 100, 74, 0.54),(15, 'Nv. 3950', 96, 26, 0.12),(15, 'Nv. 3950', 61, 96, 0.58),(15, 'Nv. 3950', 57, 92, 0.77),(15, 'Nv. 3950', 84, 12, 0.28),(15, 'Nv. 3950', 45, 45, 0.54),(15, 'Nv. 3950', 36, 53, 0.84),(15, 'Nv. 3950', 89, 46, 0.73),(15, 'Nv. 4000', 1, 51, 0.83),(15, 'Nv. 4000', 65, 65, 0.53),(15, 'Nv. 4000', 6, 24, 0.47),(15, 'Nv. 4000', 35, 24, 0.74),(15, 'Nv. 4000', 39, 13, 0.59),(15, 'Nv. 4000', 55, 66, 0.26),(15, 'Nv. 4000', 100, 5, 0.08),(15, 'Nv. 4000', 94, 77, 0.45),(15, 'Nv. 4000', 26, 28, 0.52),(15, 'Nv. 4000', 76, 23, 0.27),(15, 'Nv. 4000', 91, 75, 0.02),(15, 'Nv. 4000', 39, 58, 0.36),(15, 'Nv. 4000', 18, 41, 0.27),(15, 'Nv. 4050', 99, 49, 0.47),(15, 'Nv. 4050', 37, 89, 0.12),(15, 'Nv. 4050', 77, 82, 0.14),(15, 'Nv. 4050', 93, 63, 0.18),(15, 'Nv. 4050', 48, 75, 0.63),(15, 'Nv. 4050', 64, 25, 0.66),(15, 'Nv. 4050', 42, 62, 0.05),(15, 'Nv. 4050', 81, 52, 0.94),(15, 'Nv. 4050', 2, 8, 0.77),(15, 'Nv. 4050', 3, 21, 0.11),(15, 'Nv. 4050', 74, 39, 0.66),(15, 'Nv. 4050', 66, 43, 0.01),(15, 'Nv. 4050', 82, 47, 0.93),(15, 'Nv. 4050', 27, 25, 0.85),(15, 'Nv. 4050', 67, 67, 0.59),(15, 'Nv. 4100', 82, 33, 0.48),(15, 'Nv. 4100', 30, 43, 0.24),(15, 'Nv. 4100', 65, 97, 0.73),(15, 'Nv. 4100', 15, 4, 0.04),(15, 'Nv. 4100', 12, 25, 0.39),(15, 'Nv. 4100', 83, 55, 0.07),(15, 'Nv. 4100', 70, 11, 0.97),(15, 'Nv. 4100', 78, 21, 0.49),(15, 'Nv. 4100', 70, 74, 0.22),(15, 'Nv. 4100', 81, 47, 0.56),(15, 'Nv. 4100', 65, 48, 0.02),(15, 'Nv. 4100', 6, 43, 0.99),(15, 'Nv. 4100', 25, 100, 0.84),(15, 'Nv. 4100', 39, 82, 0.1),(15, 'Nv. 4150', 4, 96, 0.81),(15, 'Nv. 4150', 70, 10, 0.29),(15, 'Nv. 4150', 37, 46, 0.82),(15, 'Nv. 4150', 26, 57, 0.65),(15, 'Nv. 4150', 45, 0, 0.89),(15, 'Nv. 4150', 37, 48, 0.57),(15, 'Nv. 4150', 7, 10, 0.71),(15, 'Nv. 4150', 36, 35, 0.92),(15, 'Nv. 4200', 4, 39, 0.78),(15, 'Nv. 4200', 9, 2, 0.34),(15, 'Nv. 4200', 26, 64, 0.29),(15, 'Nv. 4200', 12, 77, 0.23),(15, 'Nv. 4200', 36, 64, 0.23),(15, 'Nv. 4200', 76, 34, 0.35),(15, 'Nv. 4200', 7, 9, 0.54),(15, 'Nv. 4200', 38, 94, 0.81),(15, 'Nv. 4200', 64, 25, 0.25),(15, 'Nv. 4200', 82, 94, 0.19),(15, 'Nv. 4200', 6, 45, 0.12),(15, 'Nv. 4200', 17, 72, 0.44),(15, 'Nv. 4200', 47, 95, 0.89),(15, 'Nv. 4200', 66, 51, 0.6);
DROP TABLE IF EXISTS surveillance_cameras;
CREATE TABLE surveillance_cameras (id SERIAL PRIMARY KEY, name VARCHAR(100), location VARCHAR(100), rtmp_url VARCHAR(255), status VARCHAR(20), lat NUMERIC, lng NUMERIC);
INSERT INTO surveillance_cameras (name, location, rtmp_url, status, lat, lng) VALUES ('Cam 01', 'Tajo', '', 'online', -17.245, -70.61);
DROP TABLE IF EXISTS map_markers;
CREATE TABLE map_markers (id SERIAL PRIMARY KEY, type VARCHAR(50), lat NUMERIC, lng NUMERIC, name VARCHAR(100), status VARCHAR(20));
INSERT INTO map_markers (type, lat, lng, name, status) VALUES ('sensor', -17.245, -70.61, 'Inclinometer 01', 'active');
DROP TABLE IF EXISTS mining_sensor_history CASCADE;
DROP TABLE IF EXISTS mining_sensors CASCADE;
DROP TABLE IF EXISTS mining_sensor_types CASCADE;
DROP TABLE IF EXISTS mining_sensor_categories CASCADE;
CREATE TABLE mining_sensor_categories (id SERIAL PRIMARY KEY, name VARCHAR(100), description TEXT);
CREATE TABLE mining_sensor_types (id SERIAL PRIMARY KEY, category_id INTEGER REFERENCES mining_sensor_categories(id), name VARCHAR(100), unit VARCHAR(20));
CREATE TABLE mining_sensors (id SERIAL PRIMARY KEY, type_id INTEGER REFERENCES mining_sensor_types(id), name VARCHAR(100), lat NUMERIC, lng NUMERIC, status VARCHAR(20), current_value NUMERIC);
CREATE TABLE mining_sensor_history (id SERIAL PRIMARY KEY, sensor_id INTEGER REFERENCES mining_sensors(id), value NUMERIC, timestamp TIMESTAMP DEFAULT CURRENT_TIMESTAMP);
INSERT INTO mining_sensor_categories (name, description) VALUES ('Geotécnico', 'Estabilidad de taludes y túneles'),('Geoespacial', 'Monitoreo de movimiento de terreno'),('Hidrológico', 'Gestión de agua y relaves'),('Ambiental', 'Cumplimiento normativo y clima'),('Procesos', 'Monitoreo de planta concentradora');
INSERT INTO mining_sensor_types (category_id, name, unit) VALUES (1, 'Piezómetro', 'kPa');
INSERT INTO mining_sensor_types (category_id, name, unit) VALUES (1, 'Inclinómetro', 'deg');
INSERT INTO mining_sensor_types (category_id, name, unit) VALUES (1, 'Extensómetro', 'mm');
INSERT INTO mining_sensor_types (category_id, name, unit) VALUES (2, 'Radar de Taludes', 'mm/h');
INSERT INTO mining_sensor_types (category_id, name, unit) VALUES (2, 'GPS Geodésico', 'mm');
INSERT INTO mining_sensor_types (category_id, name, unit) VALUES (3, 'Nivel de Relaves', 'm');
INSERT INTO mining_sensor_types (category_id, name, unit) VALUES (3, 'Sensor de pH', 'pH');
INSERT INTO mining_sensor_types (category_id, name, unit) VALUES (3, 'Caudalímetro', 'm3/h');
INSERT INTO mining_sensor_types (category_id, name, unit) VALUES (4, 'Partículas PM10', 'ug/m3');
INSERT INTO mining_sensor_types (category_id, name, unit) VALUES (4, 'Gas CO2', 'ppm');
INSERT INTO mining_sensor_types (category_id, name, unit) VALUES (4, 'Estación Met.', 'C');
INSERT INTO mining_sensor_types (category_id, name, unit) VALUES (5, 'Vibración Molino', 'mm/s');
INSERT INTO mining_sensor_types (category_id, name, unit) VALUES (5, 'Presión Tubería', 'psi');
INSERT INTO mining_sensors (id, type_id, name, lat, lng, status, current_value) VALUES (1, 1, 'Piezómetro 01', -17.24538017715407, -70.61178180787785, 'active', 200.0);
INSERT INTO mining_sensor_history (sensor_id, value, timestamp) VALUES (1, 216.492, '2026-03-16 12:54:35'),(1, 216.518, '2026-03-16 11:54:35'),(1, 222.033, '2026-03-16 10:54:35'),(1, 210.655, '2026-03-16 09:54:35'),(1, 208.918, '2026-03-16 08:54:35'),(1, 206.986, '2026-03-16 07:54:35'),(1, 200.914, '2026-03-16 06:54:35'),(1, 194.345, '2026-03-16 05:54:35'),(1, 193.886, '2026-03-16 04:54:35'),(1, 186.8, '2026-03-16 03:54:35'),(1, 184.277, '2026-03-16 02:54:35'),(1, 183.982, '2026-03-16 01:54:35'),(1, 179.179, '2026-03-16 00:54:35'),(1, 177.36, '2026-03-15 23:54:35'),(1, 181.908, '2026-03-15 22:54:35'),(1, 188.457, '2026-03-15 21:54:35'),(1, 193.9, '2026-03-15 20:54:35'),(1, 197.704, '2026-03-15 19:54:35'),(1, 200.047, '2026-03-15 18:54:35'),(1, 206.007, '2026-03-15 17:54:35'),(1, 207.161, '2026-03-15 16:54:35'),(1, 211.441, '2026-03-15 15:54:35'),(1, 218.01, '2026-03-15 14:54:35'),(1, 215.07, '2026-03-15 13:54:35'),(1, 224.148, '2026-03-15 12:54:35'),(1, 224.066, '2026-03-15 11:54:35'),(1, 219.593, '2026-03-15 10:54:35'),(1, 210.795, '2026-03-15 09:54:35'),(1, 213.371, '2026-03-15 08:54:35'),(1, 202.03, '2026-03-15 07:54:35'),(1, 202.407, '2026-03-15 06:54:35'),(1, 196.975, '2026-03-15 05:54:35'),(1, 193.121, '2026-03-15 04:54:35'),(1, 186.242, '2026-03-15 03:54:35'),(1, 181.912, '2026-03-15 02:54:35'),(1, 179.273, '2026-03-15 01:54:35'),(1, 184.151, '2026-03-15 00:54:35'),(1, 185.45, '2026-03-14 23:54:35'),(1, 182.065, '2026-03-14 22:54:35'),(1, 181.127, '2026-03-14 21:54:35'),(1, 189.093, '2026-03-14 20:54:35'),(1, 194.478, '2026-03-14 19:54:35'),(1, 195.027, '2026-03-14 18:54:35'),(1, 201.614, '2026-03-14 17:54:35'),(1, 207.198, '2026-03-14 16:54:35'),(1, 212.435, '2026-03-14 15:54:35'),(1, 212.894, '2026-03-14 14:54:35'),(1, 219.028, '2026-03-14 13:54:35'),(1, 218.021, '2026-03-14 12:54:35'),(1, 223.748, '2026-03-14 11:54:35'),(1, 213.732, '2026-03-14 10:54:35'),(1, 214.318, '2026-03-14 09:54:35'),(1, 209.92, '2026-03-14 08:54:35'),(1, 204.035, '2026-03-14 07:54:35'),(1, 198.463, '2026-03-14 06:54:35'),(1, 199.23, '2026-03-14 05:54:35'),(1, 189.368, '2026-03-14 04:54:35'),(1, 187.557, '2026-03-14 03:54:35'),(1, 181.931, '2026-03-14 02:54:35'),(1, 182.281, '2026-03-14 01:54:35'),(1, 181.7, '2026-03-14 00:54:35'),(1, 179.982, '2026-03-13 23:54:35'),(1, 178.532, '2026-03-13 22:54:35'),(1, 186.186, '2026-03-13 21:54:35'),(1, 191.426, '2026-03-13 20:54:35'),(1, 190.642, '2026-03-13 19:54:35'),(1, 200.699, '2026-03-13 18:54:35'),(1, 207.344, '2026-03-13 17:54:35'),(1, 211.247, '2026-03-13 16:54:35'),(1, 217.973, '2026-03-13 15:54:35'),(1, 222.099, '2026-03-13 14:54:35'),(1, 216.676, '2026-03-13 13:54:35'),(1, 222.847, '2026-03-13 12:54:35'),(1, 220.608, '2026-03-13 11:54:35'),(1, 214.554, '2026-03-13 10:54:35'),(1, 213.827, '2026-03-13 09:54:35'),(1, 209.397, '2026-03-13 08:54:35'),(1, 204.632, '2026-03-13 07:54:35'),(1, 203.409, '2026-03-13 06:54:35'),(1, 192.626, '2026-03-13 05:54:35'),(1, 188.076, '2026-03-13 04:54:35'),(1, 181.103, '2026-03-13 03:54:35'),(1, 182.363, '2026-03-13 02:54:35'),(1, 178.922, '2026-03-13 01:54:35'),(1, 177.682, '2026-03-13 00:54:35'),(1, 179.109, '2026-03-12 23:54:35'),(1, 184.869, '2026-03-12 22:54:35'),(1, 188.943, '2026-03-12 21:54:35'),(1, 191.383, '2026-03-12 20:54:35'),(1, 197.095, '2026-03-12 19:54:35'),(1, 198.022, '2026-03-12 18:54:35'),(1, 210.171, '2026-03-12 17:54:35'),(1, 213.76, '2026-03-12 16:54:35'),(1, 214.131, '2026-03-12 15:54:35'),(1, 216.5, '2026-03-12 14:54:35'),(1, 216.695, '2026-03-12 13:54:35'),(1, 220.05, '2026-03-12 12:54:35'),(1, 215.021, '2026-03-12 11:54:35'),(1, 218.13, '2026-03-12 10:54:35'),(1, 209.858, '2026-03-12 09:54:35'),(1, 214.666, '2026-03-12 08:54:35'),(1, 201.584, '2026-03-12 07:54:35'),(1, 200.265, '2026-03-12 06:54:35'),(1, 193.951, '2026-03-12 05:54:35'),(1, 186.154, '2026-03-12 04:54:35'),(1, 190.284, '2026-03-12 03:54:35'),(1, 179.442, '2026-03-12 02:54:35'),(1, 178.827, '2026-03-12 01:54:35'),(1, 176.345, '2026-03-12 00:54:35'),(1, 177.402, '2026-03-11 23:54:35'),(1, 178.834, '2026-03-11 22:54:35'),(1, 186.974, '2026-03-11 21:54:35'),(1, 193.078, '2026-03-11 20:54:35'),(1, 193.748, '2026-03-11 19:54:35'),(1, 204.95, '2026-03-11 18:54:35'),(1, 208.522, '2026-03-11 17:54:35'),(1, 209.838, '2026-03-11 16:54:35'),(1, 214.652, '2026-03-11 15:54:35'),(1, 217.632, '2026-03-11 14:54:35'),(1, 219.966, '2026-03-11 13:54:35'),(1, 220.089, '2026-03-11 12:54:35'),(1, 217.62, '2026-03-11 11:54:35'),(1, 213.558, '2026-03-11 10:54:35'),(1, 218.281, '2026-03-11 09:54:35'),(1, 212.103, '2026-03-11 08:54:35'),(1, 207.69, '2026-03-11 07:54:35'),(1, 203.088, '2026-03-11 06:54:35'),(1, 197.021, '2026-03-11 05:54:35'),(1, 187.817, '2026-03-11 04:54:35'),(1, 188.116, '2026-03-11 03:54:35'),(1, 179.854, '2026-03-11 02:54:35'),(1, 179.57, '2026-03-11 01:54:35'),(1, 183.575, '2026-03-11 00:54:35'),(1, 178.404, '2026-03-10 23:54:35'),(1, 182.184, '2026-03-10 22:54:35'),(1, 186.097, '2026-03-10 21:54:35'),(1, 186.316, '2026-03-10 20:54:35'),(1, 190.583, '2026-03-10 19:54:35'),(1, 198.533, '2026-03-10 18:54:35'),(1, 205.002, '2026-03-10 17:54:35'),(1, 214.399, '2026-03-10 16:54:35'),(1, 214.783, '2026-03-10 15:54:35'),(1, 217.82, '2026-03-10 14:54:35'),(1, 219.369, '2026-03-10 13:54:35'),(1, 219.976, '2026-03-10 12:54:35'),(1, 222.983, '2026-03-10 11:54:35'),(1, 217.159, '2026-03-10 10:54:35'),(1, 217.947, '2026-03-10 09:54:35'),(1, 212.998, '2026-03-10 08:54:35'),(1, 203.396, '2026-03-10 07:54:35'),(1, 200.095, '2026-03-10 06:54:35'),(1, 198.807, '2026-03-10 05:54:35'),(1, 284.978, '2026-03-10 04:54:35'),(1, 187.022, '2026-03-10 03:54:35'),(1, 187.304, '2026-03-10 02:54:35'),(1, 181.252, '2026-03-10 01:54:35'),(1, 175.855, '2026-03-10 00:54:35'),(1, 183.084, '2026-03-09 23:54:35'),(1, 184.822, '2026-03-09 22:54:35'),(1, 186.567, '2026-03-09 21:54:35'),(1, 194.614, '2026-03-09 20:54:35'),(1, 193.489, '2026-03-09 19:54:35'),(1, 199.315, '2026-03-09 18:54:35'),(1, 207.277, '2026-03-09 17:54:35'),(1, 209.143, '2026-03-09 16:54:35'),(1, 211.158, '2026-03-09 15:54:35'),(1, 213.714, '2026-03-09 14:54:35'),(1, 221.923, '2026-03-09 13:54:35'),(1, 216.913, '2026-03-09 12:54:35'),(1, 215.982, '2026-03-09 11:54:35'),(1, 217.496, '2026-03-09 10:54:35'),(1, 209.823, '2026-03-09 09:54:35'),(1, 210.219, '2026-03-09 08:54:35'),(1, 206.914, '2026-03-09 07:54:35'),(1, 202.7, '2026-03-09 06:54:35'),(1, 195.6, '2026-03-09 05:54:35'),(1, 189.828, '2026-03-09 04:54:35'),(1, 189.608, '2026-03-09 03:54:35'),(1, 185.773, '2026-03-09 02:54:35'),(1, 178.761, '2026-03-09 01:54:35'),(1, 180.323, '2026-03-09 00:54:35'),(1, 179.459, '2026-03-08 23:54:35'),(1, 180.094, '2026-03-08 22:54:35'),(1, 186.501, '2026-03-08 21:54:35'),(1, 192.695, '2026-03-08 20:54:35'),(1, 197.438, '2026-03-08 19:54:35'),(1, 204.377, '2026-03-08 18:54:35'),(1, 205.261, '2026-03-08 17:54:35'),(1, 207.407, '2026-03-08 16:54:35'),(1, 218.729, '2026-03-08 15:54:35'),(1, 213.79, '2026-03-08 14:54:35'),(1, 215.504, '2026-03-08 13:54:35'),(1, 215.686, '2026-03-08 12:54:35'),(1, 222.15, '2026-03-08 11:54:35'),(1, 220.141, '2026-03-08 10:54:35'),(1, 216.731, '2026-03-08 09:54:35'),(1, 214.611, '2026-03-08 08:54:35'),(1, 208.882, '2026-03-08 07:54:35'),(1, 197.135, '2026-03-08 06:54:35'),(1, 190.546, '2026-03-08 05:54:35'),(1, 185.479, '2026-03-08 04:54:35'),(1, 186.156, '2026-03-08 03:54:35'),(1, 181.981, '2026-03-08 02:54:35'),(1, 176.8, '2026-03-08 01:54:35'),(1, 179.746, '2026-03-08 00:54:35'),(1, 185.053, '2026-03-07 23:54:35'),(1, 182.801, '2026-03-07 22:54:35'),(1, 182.196, '2026-03-07 21:54:35'),(1, 193.73, '2026-03-07 20:54:35'),(1, 190.612, '2026-03-07 19:54:35'),(1, 195.01, '2026-03-07 18:54:35'),(1, 202.838, '2026-03-07 17:54:35'),(1, 205.516, '2026-03-07 16:54:35'),(1, 215.608, '2026-03-07 15:54:35'),(1, 212.649, '2026-03-07 14:54:35'),(1, 216.645, '2026-03-07 13:54:35'),(1, 224.419, '2026-03-07 12:54:35'),(1, 220.183, '2026-03-07 11:54:35'),(1, 216.356, '2026-03-07 10:54:35'),(1, 215.553, '2026-03-07 09:54:35'),(1, 205.725, '2026-03-07 08:54:35'),(1, 207.921, '2026-03-07 07:54:35'),(1, 197.87, '2026-03-07 06:54:35'),(1, 199.518, '2026-03-07 05:54:35'),(1, 191.849, '2026-03-07 04:54:35'),(1, 185.423, '2026-03-07 03:54:35'),(1, 187.529, '2026-03-07 02:54:35'),(1, 181.815, '2026-03-07 01:54:35'),(1, 177.269, '2026-03-07 00:54:35'),(1, 177.567, '2026-03-06 23:54:35'),(1, 186.33, '2026-03-06 22:54:35'),(1, 181.384, '2026-03-06 21:54:35'),(1, 185.266, '2026-03-06 20:54:35'),(1, 199.455, '2026-03-06 19:54:35'),(1, 200.148, '2026-03-06 18:54:35'),(1, 206.425, '2026-03-06 17:54:35'),(1, 211.893, '2026-03-06 16:54:35'),(1, 215.183, '2026-03-06 15:54:35'),(1, 216.604, '2026-03-06 14:54:35'),(1, 217.673, '2026-03-06 13:54:35'),(1, 215.837, '2026-03-06 12:54:35'),(1, 215.377, '2026-03-06 11:54:35'),(1, 213.35, '2026-03-06 10:54:35'),(1, 214.627, '2026-03-06 09:54:35'),(1, 213.492, '2026-03-06 08:54:35'),(1, 207.624, '2026-03-06 07:54:35'),(1, 199.756, '2026-03-06 06:54:35'),(1, 190.584, '2026-03-06 05:54:35'),(1, 192.018, '2026-03-06 04:54:35'),(1, 182.267, '2026-03-06 03:54:35'),(1, 182.423, '2026-03-06 02:54:35'),(1, 91.09, '2026-03-06 01:54:35'),(1, 183.731, '2026-03-06 00:54:35'),(1, 176.314, '2026-03-05 23:54:35'),(1, 179.569, '2026-03-05 22:54:35'),(1, 190.19, '2026-03-05 21:54:35'),(1, 188.89, '2026-03-05 20:54:35'),(1, 199.239, '2026-03-05 19:54:35'),(1, 202.557, '2026-03-05 18:54:35'),(1, 206.873, '2026-03-05 17:54:35'),(1, 213.54, '2026-03-05 16:54:35'),(1, 217.31, '2026-03-05 15:54:35'),(1, 220.894, '2026-03-05 14:54:35'),(1, 220.923, '2026-03-05 13:54:35'),(1, 221.367, '2026-03-05 12:54:35'),(1, 220.358, '2026-03-05 11:54:35'),(1, 221.908, '2026-03-05 10:54:35'),(1, 211.05, '2026-03-05 09:54:35'),(1, 209.929, '2026-03-05 08:54:35'),(1, 202.747, '2026-03-05 07:54:35'),(1, 195.446, '2026-03-05 06:54:35'),(1, 194.121, '2026-03-05 05:54:35'),(1, 187.094, '2026-03-05 04:54:35'),(1, 184.175, '2026-03-05 03:54:35'),(1, 184.402, '2026-03-05 02:54:35'),(1, 184.209, '2026-03-05 01:54:35'),(1, 183.611, '2026-03-05 00:54:35'),(1, 181.134, '2026-03-04 23:54:35'),(1, 177.75, '2026-03-04 22:54:35'),(1, 186.882, '2026-03-04 21:54:35'),(1, 189.543, '2026-03-04 20:54:35'),(1, 193.206, '2026-03-04 19:54:35'),(1, 200.312, '2026-03-04 18:54:35'),(1, 200.194, '2026-03-04 17:54:35'),(1, 214.838, '2026-03-04 16:54:35'),(1, 209.292, '2026-03-04 15:54:35'),(1, 215.201, '2026-03-04 14:54:35'),(1, 217.453, '2026-03-04 13:54:35'),(1, 224.685, '2026-03-04 12:54:35'),(1, 215.703, '2026-03-04 11:54:35'),(1, 214.214, '2026-03-04 10:54:35'),(1, 214.389, '2026-03-04 09:54:35'),(1, 210.866, '2026-03-04 08:54:35'),(1, 207.126, '2026-03-04 07:54:35'),(1, 203.57, '2026-03-04 06:54:35'),(1, 191.741, '2026-03-04 05:54:35'),(1, 194.765, '2026-03-04 04:54:35'),(1, 185.485, '2026-03-04 03:54:35'),(1, 182.34, '2026-03-04 02:54:35'),(1, 179.397, '2026-03-04 01:54:35'),(1, 178.637, '2026-03-04 00:54:35'),(1, 185.01, '2026-03-03 23:54:35'),(1, 179.114, '2026-03-03 22:54:35'),(1, 186.782, '2026-03-03 21:54:35'),(1, 193.882, '2026-03-03 20:54:35'),(1, 199.547, '2026-03-03 19:54:35'),(1, 197.135, '2026-03-03 18:54:35'),(1, 204.47, '2026-03-03 17:54:35'),(1, 207.331, '2026-03-03 16:54:35'),(1, 213.539, '2026-03-03 15:54:35'),(1, 219.196, '2026-03-03 14:54:35'),(1, 222.61, '2026-03-03 13:54:35'),(1, 217.609, '2026-03-03 12:54:35'),(1, 219.797, '2026-03-03 11:54:35'),(1, 217.78, '2026-03-03 10:54:35'),(1, 218.141, '2026-03-03 09:54:35'),(1, 214.165, '2026-03-03 08:54:35'),(1, 202.324, '2026-03-03 07:54:35'),(1, 197.573, '2026-03-03 06:54:35'),(1, 199.361, '2026-03-03 05:54:35'),(1, 192.787, '2026-03-03 04:54:35'),(1, 180.932, '2026-03-03 03:54:35'),(1, 186.634, '2026-03-03 02:54:35'),(1, 185.176, '2026-03-03 01:54:35'),(1, 182.439, '2026-03-03 00:54:35'),(1, 179.153, '2026-03-02 23:54:35'),(1, 182.007, '2026-03-02 22:54:35'),(1, 186.756, '2026-03-02 21:54:35'),(1, 185.908, '2026-03-02 20:54:35'),(1, 198.365, '2026-03-02 19:54:35'),(1, 199.997, '2026-03-02 18:54:35'),(1, 200.662, '2026-03-02 17:54:35'),(1, 214.754, '2026-03-02 16:54:35'),(1, 210.364, '2026-03-02 15:54:35'),(1, 213.102, '2026-03-02 14:54:35'),(1, 223.27, '2026-03-02 13:54:35'),(1, 219.366, '2026-03-02 12:54:35'),(1, 220.061, '2026-03-02 11:54:35'),(1, 220.66, '2026-03-02 10:54:35'),(1, 209.377, '2026-03-02 09:54:35'),(1, 210.568, '2026-03-02 08:54:35'),(1, 208.311, '2026-03-02 07:54:35'),(1, 203.426, '2026-03-02 06:54:35'),(1, 198.902, '2026-03-02 05:54:35'),(1, 194.784, '2026-03-02 04:54:35'),(1, 181.917, '2026-03-02 03:54:35'),(1, 182.672, '2026-03-02 02:54:35'),(1, 177.827, '2026-03-02 01:54:35'),(1, 182.447, '2026-03-02 00:54:35'),(1, 179.233, '2026-03-01 23:54:35'),(1, 177.976, '2026-03-01 22:54:35'),(1, 187.214, '2026-03-01 21:54:35'),(1, 186.011, '2026-03-01 20:54:35'),(1, 198.297, '2026-03-01 19:54:35'),(1, 201.146, '2026-03-01 18:54:35'),(1, 208.701, '2026-03-01 17:54:35'),(1, 206.407, '2026-03-01 16:54:35'),(1, 214.69, '2026-03-01 15:54:35'),(1, 218.316, '2026-03-01 14:54:35'),(1, 223.115, '2026-03-01 13:54:35');
INSERT INTO mining_sensors (id, type_id, name, lat, lng, status, current_value) VALUES (2, 1, 'Piezómetro 02', -17.246236249824587, -70.61598332264549, 'active', 200.0);
INSERT INTO mining_sensor_history (sensor_id, value, timestamp) VALUES (2, 216.014, '2026-03-16 12:54:35'),(2, 216.324, '2026-03-16 11:54:35'),(2, 217.737, '2026-03-16 10:54:35'),(2, 211.015, '2026-03-16 09:54:35'),(2, 207.242, '2026-03-16 08:54:35'),(2, 204.831, '2026-03-16 07:54:35'),(2, 202.434, '2026-03-16 06:54:35'),(2, 190.452, '2026-03-16 05:54:35'),(2, 192.199, '2026-03-16 04:54:35'),(2, 187.332, '2026-03-16 03:54:35'),(2, 182.66, '2026-03-16 02:54:35'),(2, 184.997, '2026-03-16 01:54:35'),(2, 180.925, '2026-03-16 00:54:35'),(2, 177.405, '2026-03-15 23:54:35'),(2, 184.257, '2026-03-15 22:54:35'),(2, 183.836, '2026-03-15 21:54:35'),(2, 190.039, '2026-03-15 20:54:35'),(2, 192.854, '2026-03-15 19:54:35'),(2, 203.463, '2026-03-15 18:54:35'),(2, 201.414, '2026-03-15 17:54:35'),(2, 212.343, '2026-03-15 16:54:35'),(2, 218.743, '2026-03-15 15:54:35'),(2, 216.096, '2026-03-15 14:54:35'),(2, 221.106, '2026-03-15 13:54:35'),(2, 219.349, '2026-03-15 12:54:35'),(2, 218.916, '2026-03-15 11:54:35'),(2, 218.748, '2026-03-15 10:54:35'),(2, 214.703, '2026-03-15 09:54:35'),(2, 212.165, '2026-03-15 08:54:35'),(2, 203.701, '2026-03-15 07:54:35'),(2, 201.484, '2026-03-15 06:54:35'),(2, 196.006, '2026-03-15 05:54:35'),(2, 186.827, '2026-03-15 04:54:35'),(2, 185.392, '2026-03-15 03:54:35'),(2, 183.702, '2026-03-15 02:54:35'),(2, 177.541, '2026-03-15 01:54:35'),(2, 178.606, '2026-03-15 00:54:35'),(2, 179.813, '2026-03-14 23:54:35'),(2, 178.761, '2026-03-14 22:54:35'),(2, 188.108, '2026-03-14 21:54:35'),(2, 193.747, '2026-03-14 20:54:35'),(2, 196.16, '2026-03-14 19:54:35'),(2, 196.942, '2026-03-14 18:54:35'),(2, 206.287, '2026-03-14 17:54:35'),(2, 208.414, '2026-03-14 16:54:35'),(2, 214.179, '2026-03-14 15:54:35'),(2, 213.208, '2026-03-14 14:54:35'),(2, 217.45, '2026-03-14 13:54:35'),(2, 224.077, '2026-03-14 12:54:35'),(2, 216.697, '2026-03-14 11:54:35'),(2, 216.097, '2026-03-14 10:54:35'),(2, 217.96, '2026-03-14 09:54:35'),(2, 210.609, '2026-03-14 08:54:35'),(2, 203.001, '2026-03-14 07:54:35'),(2, 203.134, '2026-03-14 06:54:35'),(2, 197.423, '2026-03-14 05:54:35'),(2, 193.782, '2026-03-14 04:54:35'),(2, 188.899, '2026-03-14 03:54:35'),(2, 185.494, '2026-03-14 02:54:35'),(2, 184.726, '2026-03-14 01:54:35'),(2, 179.687, '2026-03-14 00:54:35'),(2, 181.451, '2026-03-13 23:54:35'),(2, 184.669, '2026-03-13 22:54:35'),(2, 187.802, '2026-03-13 21:54:35'),(2, 186.53, '2026-03-13 20:54:35'),(2, 192.353, '2026-03-13 19:54:35'),(2, 201.671, '2026-03-13 18:54:35'),(2, 206.996, '2026-03-13 17:54:35'),(2, 213.61, '2026-03-13 16:54:35'),(2, 210.045, '2026-03-13 15:54:35'),(2, 213.552, '2026-03-13 14:54:35'),(2, 216.253, '2026-03-13 13:54:35'),(2, 218.056, '2026-03-13 12:54:35'),(2, 218.558, '2026-03-13 11:54:35'),(2, 219.338, '2026-03-13 10:54:35'),(2, 212.524, '2026-03-13 09:54:35'),(2, 208.679, '2026-03-13 08:54:35'),(2, 207.627, '2026-03-13 07:54:35'),(2, 199.091, '2026-03-13 06:54:35'),(2, 194.744, '2026-03-13 05:54:35'),(2, 189.045, '2026-03-13 04:54:35'),(2, 190.304, '2026-03-13 03:54:35'),(2, 179.825, '2026-03-13 02:54:35'),(2, 185.003, '2026-03-13 01:54:35'),(2, 175.145, '2026-03-13 00:54:35'),(2, 176.977, '2026-03-12 23:54:35'),(2, 179.207, '2026-03-12 22:54:35'),(2, 186.17, '2026-03-12 21:54:35'),(2, 191.936, '2026-03-12 20:54:35'),(2, 191.473, '2026-03-12 19:54:35'),(2, 204.229, '2026-03-12 18:54:35'),(2, 209.227, '2026-03-12 17:54:35'),(2, 205.416, '2026-03-12 16:54:35'),(2, 210.179, '2026-03-12 15:54:35'),(2, 219.957, '2026-03-12 14:54:35'),(2, 215.979, '2026-03-12 13:54:35'),(2, 223.296, '2026-03-12 12:54:35'),(2, 218.362, '2026-03-12 11:54:35'),(2, 218.229, '2026-03-12 10:54:35'),(2, 211.098, '2026-03-12 09:54:35'),(2, 213.015, '2026-03-12 08:54:35'),(2, 205.64, '2026-03-12 07:54:35'),(2, 199.59, '2026-03-12 06:54:35'),(2, 199.056, '2026-03-12 05:54:35'),(2, 185.593, '2026-03-12 04:54:35'),(2, 188.558, '2026-03-12 03:54:35'),(2, 186.547, '2026-03-12 02:54:35'),(2, 184.166, '2026-03-12 01:54:35'),(2, 178.374, '2026-03-12 00:54:35'),(2, 184.103, '2026-03-11 23:54:35'),(2, 184.631, '2026-03-11 22:54:35'),(2, 184.937, '2026-03-11 21:54:35'),(2, 186.29, '2026-03-11 20:54:35'),(2, 191.13, '2026-03-11 19:54:35'),(2, 203.485, '2026-03-11 18:54:35'),(2, 207.982, '2026-03-11 17:54:35'),(2, 207.52, '2026-03-11 16:54:35'),(2, 214.563, '2026-03-11 15:54:35'),(2, 217.603, '2026-03-11 14:54:35'),(2, 223.248, '2026-03-11 13:54:35'),(2, 218.088, '2026-03-11 12:54:35'),(2, 220.5, '2026-03-11 11:54:35'),(2, 215.007, '2026-03-11 10:54:35'),(2, 209.378, '2026-03-11 09:54:35'),(2, 209.29, '2026-03-11 08:54:35'),(2, 200.376, '2026-03-11 07:54:35'),(2, 203.676, '2026-03-11 06:54:35'),(2, 199.27, '2026-03-11 05:54:35'),(2, 192.265, '2026-03-11 04:54:35'),(2, 184.964, '2026-03-11 03:54:35'),(2, 178.965, '2026-03-11 02:54:35'),(2, 179.069, '2026-03-11 01:54:35'),(2, 183.98, '2026-03-11 00:54:35'),(2, 180.892, '2026-03-10 23:54:35'),(2, 180.656, '2026-03-10 22:54:35'),(2, 181.414, '2026-03-10 21:54:35'),(2, 192.437, '2026-03-10 20:54:35'),(2, 196.9, '2026-03-10 19:54:35'),(2, 196.309, '2026-03-10 18:54:35'),(2, 203.114, '2026-03-10 17:54:35'),(2, 208.661, '2026-03-10 16:54:35'),(2, 217.994, '2026-03-10 15:54:35'),(2, 218.717, '2026-03-10 14:54:35'),(2, 220.313, '2026-03-10 13:54:35'),(2, 217.95, '2026-03-10 12:54:35'),(2, 221.713, '2026-03-10 11:54:35'),(2, 212.751, '2026-03-10 10:54:35'),(2, 217.702, '2026-03-10 09:54:35'),(2, 205.85, '2026-03-10 08:54:35'),(2, 209.04, '2026-03-10 07:54:35'),(2, 199.763, '2026-03-10 06:54:35'),(2, 197.418, '2026-03-10 05:54:35'),(2, 192.446, '2026-03-10 04:54:35'),(2, 187.037, '2026-03-10 03:54:35'),(2, 279.634, '2026-03-10 02:54:35'),(2, 177.713, '2026-03-10 01:54:35'),(2, 182.79, '2026-03-10 00:54:35'),(2, 180.87, '2026-03-09 23:54:35'),(2, 178.643, '2026-03-09 22:54:35'),(2, 182.536, '2026-03-09 21:54:35'),(2, 193.962, '2026-03-09 20:54:35'),(2, 199.719, '2026-03-09 19:54:35'),(2, 202.274, '2026-03-09 18:54:35'),(2, 202.908, '2026-03-09 17:54:35'),(2, 206.59, '2026-03-09 16:54:35'),(2, 213.241, '2026-03-09 15:54:35'),(2, 221.0, '2026-03-09 14:54:35'),(2, 221.9, '2026-03-09 13:54:35'),(2, 220.152, '2026-03-09 12:54:35'),(2, 214.426, '2026-03-09 11:54:35'),(2, 217.568, '2026-03-09 10:54:35'),(2, 213.315, '2026-03-09 09:54:35'),(2, 206.327, '2026-03-09 08:54:35'),(2, 208.219, '2026-03-09 07:54:35'),(2, 195.679, '2026-03-09 06:54:35'),(2, 197.78, '2026-03-09 05:54:35'),(2, 192.218, '2026-03-09 04:54:35'),(2, 186.241, '2026-03-09 03:54:35'),(2, 183.571, '2026-03-09 02:54:35'),(2, 180.821, '2026-03-09 01:54:35'),(2, 182.892, '2026-03-09 00:54:35'),(2, 176.639, '2026-03-08 23:54:35'),(2, 186.901, '2026-03-08 22:54:35'),(2, 185.438, '2026-03-08 21:54:35'),(2, 191.067, '2026-03-08 20:54:35'),(2, 196.676, '2026-03-08 19:54:35'),(2, 198.785, '2026-03-08 18:54:35'),(2, 209.042, '2026-03-08 17:54:35'),(2, 211.429, '2026-03-08 16:54:35'),(2, 211.245, '2026-03-08 15:54:35'),(2, 218.666, '2026-03-08 14:54:35'),(2, 223.865, '2026-03-08 13:54:35'),(2, 224.613, '2026-03-08 12:54:35'),(2, 219.904, '2026-03-08 11:54:35'),(2, 213.905, '2026-03-08 10:54:35'),(2, 212.806, '2026-03-08 09:54:35'),(2, 214.349, '2026-03-08 08:54:35'),(2, 207.584, '2026-03-08 07:54:35'),(2, 196.069, '2026-03-08 06:54:35'),(2, 194.95, '2026-03-08 05:54:35'),(2, 94.894, '2026-03-08 04:54:35'),(2, 189.326, '2026-03-08 03:54:35'),(2, 178.505, '2026-03-08 02:54:35'),(2, 184.933, '2026-03-08 01:54:35'),(2, 180.884, '2026-03-08 00:54:35'),(2, 176.19, '2026-03-07 23:54:35'),(2, 183.524, '2026-03-07 22:54:35'),(2, 189.175, '2026-03-07 21:54:35'),(2, 193.554, '2026-03-07 20:54:35'),(2, 197.698, '2026-03-07 19:54:35'),(2, 197.579, '2026-03-07 18:54:35'),(2, 202.897, '2026-03-07 17:54:35'),(2, 211.627, '2026-03-07 16:54:35'),(2, 214.422, '2026-03-07 15:54:35'),(2, 219.254, '2026-03-07 14:54:35'),(2, 220.466, '2026-03-07 13:54:35'),(2, 222.001, '2026-03-07 12:54:35'),(2, 215.924, '2026-03-07 11:54:35'),(2, 218.581, '2026-03-07 10:54:35'),(2, 209.301, '2026-03-07 09:54:35'),(2, 209.202, '2026-03-07 08:54:35'),(2, 201.724, '2026-03-07 07:54:35'),(2, 198.368, '2026-03-07 06:54:35'),(2, 196.351, '2026-03-07 05:54:35'),(2, 188.453, '2026-03-07 04:54:35'),(2, 185.383, '2026-03-07 03:54:35'),(2, 180.264, '2026-03-07 02:54:35'),(2, 177.787, '2026-03-07 01:54:35'),(2, 181.516, '2026-03-07 00:54:35'),(2, 178.877, '2026-03-06 23:54:35'),(2, 181.444, '2026-03-06 22:54:35'),(2, 183.878, '2026-03-06 21:54:35'),(2, 189.062, '2026-03-06 20:54:35'),(2, 198.245, '2026-03-06 19:54:35'),(2, 200.494, '2026-03-06 18:54:35'),(2, 201.564, '2026-03-06 17:54:35'),(2, 214.06, '2026-03-06 16:54:35'),(2, 218.879, '2026-03-06 15:54:35'),(2, 214.176, '2026-03-06 14:54:35'),(2, 218.788, '2026-03-06 13:54:35'),(2, 216.922, '2026-03-06 12:54:35'),(2, 220.12, '2026-03-06 11:54:35'),(2, 220.637, '2026-03-06 10:54:35'),(2, 209.866, '2026-03-06 09:54:35'),(2, 211.913, '2026-03-06 08:54:35'),(2, 207.801, '2026-03-06 07:54:35'),(2, 204.148, '2026-03-06 06:54:35'),(2, 198.914, '2026-03-06 05:54:35'),(2, 192.413, '2026-03-06 04:54:35'),(2, 185.998, '2026-03-06 03:54:35'),(2, 187.679, '2026-03-06 02:54:35'),(2, 179.01, '2026-03-06 01:54:35'),(2, 176.511, '2026-03-06 00:54:35'),(2, 181.441, '2026-03-05 23:54:35'),(2, 178.226, '2026-03-05 22:54:35'),(2, 185.733, '2026-03-05 21:54:35'),(2, 194.472, '2026-03-05 20:54:35'),(2, 195.101, '2026-03-05 19:54:35'),(2, 203.586, '2026-03-05 18:54:35'),(2, 201.406, '2026-03-05 17:54:35'),(2, 212.124, '2026-03-05 16:54:35'),(2, 209.146, '2026-03-05 15:54:35'),(2, 220.525, '2026-03-05 14:54:35'),(2, 221.293, '2026-03-05 13:54:35'),(2, 220.892, '2026-03-05 12:54:35'),(2, 216.998, '2026-03-05 11:54:35'),(2, 220.966, '2026-03-05 10:54:35'),(2, 211.909, '2026-03-05 09:54:35'),(2, 308.534, '2026-03-05 08:54:35'),(2, 205.814, '2026-03-05 07:54:35'),(2, 199.057, '2026-03-05 06:54:35'),(2, 194.983, '2026-03-05 05:54:35'),(2, 193.544, '2026-03-05 04:54:35'),(2, 189.519, '2026-03-05 03:54:35'),(2, 180.085, '2026-03-05 02:54:35'),(2, 178.436, '2026-03-05 01:54:35'),(2, 180.949, '2026-03-05 00:54:35'),(2, 185.6, '2026-03-04 23:54:35'),(2, 178.384, '2026-03-04 22:54:35'),(2, 187.61, '2026-03-04 21:54:35'),(2, 187.414, '2026-03-04 20:54:35'),(2, 197.682, '2026-03-04 19:54:35'),(2, 200.042, '2026-03-04 18:54:35'),(2, 206.73, '2026-03-04 17:54:35'),(2, 209.824, '2026-03-04 16:54:35'),(2, 214.416, '2026-03-04 15:54:35'),(2, 213.67, '2026-03-04 14:54:35'),(2, 216.286, '2026-03-04 13:54:35'),(2, 215.492, '2026-03-04 12:54:35'),(2, 221.15, '2026-03-04 11:54:35'),(2, 222.233, '2026-03-04 10:54:35'),(2, 212.395, '2026-03-04 09:54:35'),(2, 211.181, '2026-03-04 08:54:35'),(2, 206.1, '2026-03-04 07:54:35'),(2, 202.388, '2026-03-04 06:54:35'),(2, 195.968, '2026-03-04 05:54:35'),(2, 191.21, '2026-03-04 04:54:35'),(2, 188.812, '2026-03-04 03:54:35'),(2, 184.158, '2026-03-04 02:54:35'),(2, 185.343, '2026-03-04 01:54:35'),(2, 175.318, '2026-03-04 00:54:35'),(2, 185.303, '2026-03-03 23:54:35'),(2, 180.49, '2026-03-03 22:54:35'),(2, 188.151, '2026-03-03 21:54:35'),(2, 194.001, '2026-03-03 20:54:35'),(2, 193.35, '2026-03-03 19:54:35'),(2, 197.31, '2026-03-03 18:54:35'),(2, 203.44, '2026-03-03 17:54:35'),(2, 205.852, '2026-03-03 16:54:35'),(2, 217.12, '2026-03-03 15:54:35'),(2, 221.996, '2026-03-03 14:54:35'),(2, 219.879, '2026-03-03 13:54:35'),(2, 222.203, '2026-03-03 12:54:35'),(2, 217.334, '2026-03-03 11:54:35'),(2, 220.076, '2026-03-03 10:54:35'),(2, 215.256, '2026-03-03 09:54:35'),(2, 214.868, '2026-03-03 08:54:35'),(2, 209.152, '2026-03-03 07:54:35'),(2, 199.954, '2026-03-03 06:54:35'),(2, 192.956, '2026-03-03 05:54:35'),(2, 185.998, '2026-03-03 04:54:35'),(2, 183.31, '2026-03-03 03:54:35'),(2, 183.517, '2026-03-03 02:54:35'),(2, 179.164, '2026-03-03 01:54:35'),(2, 182.193, '2026-03-03 00:54:35'),(2, 183.794, '2026-03-02 23:54:35'),(2, 179.881, '2026-03-02 22:54:35'),(2, 184.065, '2026-03-02 21:54:35'),(2, 192.215, '2026-03-02 20:54:35'),(2, 198.127, '2026-03-02 19:54:35'),(2, 199.555, '2026-03-02 18:54:35'),(2, 201.739, '2026-03-02 17:54:35'),(2, 209.376, '2026-03-02 16:54:35'),(2, 218.587, '2026-03-02 15:54:35'),(2, 216.525, '2026-03-02 14:54:35'),(2, 216.946, '2026-03-02 13:54:35'),(2, 221.809, '2026-03-02 12:54:35'),(2, 218.737, '2026-03-02 11:54:35'),(2, 217.93, '2026-03-02 10:54:35'),(2, 212.135, '2026-03-02 09:54:35'),(2, 206.497, '2026-03-02 08:54:35'),(2, 202.893, '2026-03-02 07:54:35'),(2, 200.361, '2026-03-02 06:54:35'),(2, 198.052, '2026-03-02 05:54:35'),(2, 188.619, '2026-03-02 04:54:35'),(2, 184.505, '2026-03-02 03:54:35'),(2, 178.61, '2026-03-02 02:54:35'),(2, 180.209, '2026-03-02 01:54:35'),(2, 175.813, '2026-03-02 00:54:35'),(2, 178.447, '2026-03-01 23:54:35'),(2, 184.277, '2026-03-01 22:54:35'),(2, 190.041, '2026-03-01 21:54:35'),(2, 194.951, '2026-03-01 20:54:35'),(2, 190.172, '2026-03-01 19:54:35'),(2, 198.65, '2026-03-01 18:54:35'),(2, 207.199, '2026-03-01 17:54:35'),(2, 211.369, '2026-03-01 16:54:35'),(2, 210.524, '2026-03-01 15:54:35'),(2, 220.68, '2026-03-01 14:54:35'),(2, 222.31, '2026-03-01 13:54:35');
INSERT INTO mining_sensors (id, type_id, name, lat, lng, status, current_value) VALUES (3, 1, 'Piezómetro 03', -17.246213311681874, -70.6119873407693, 'active', 200.0);
INSERT INTO mining_sensor_history (sensor_id, value, timestamp) VALUES (3, 215.852, '2026-03-16 12:54:35'),(3, 216.251, '2026-03-16 11:54:35'),(3, 221.927, '2026-03-16 10:54:35'),(3, 214.879, '2026-03-16 09:54:35'),(3, 206.879, '2026-03-16 08:54:35'),(3, 207.034, '2026-03-16 07:54:35'),(3, 198.337, '2026-03-16 06:54:35'),(3, 195.511, '2026-03-16 05:54:35'),(3, 186.353, '2026-03-16 04:54:35'),(3, 184.613, '2026-03-16 03:54:35'),(3, 185.183, '2026-03-16 02:54:35'),(3, 177.906, '2026-03-16 01:54:35'),(3, 181.827, '2026-03-16 00:54:35'),(3, 180.112, '2026-03-15 23:54:35'),(3, 182.63, '2026-03-15 22:54:35'),(3, 185.437, '2026-03-15 21:54:35'),(3, 194.513, '2026-03-15 20:54:35'),(3, 196.84, '2026-03-15 19:54:35'),(3, 201.275, '2026-03-15 18:54:35'),(3, 200.606, '2026-03-15 17:54:35'),(3, 209.068, '2026-03-15 16:54:35'),(3, 218.954, '2026-03-15 15:54:35'),(3, 213.645, '2026-03-15 14:54:35'),(3, 218.876, '2026-03-15 13:54:35'),(3, 221.936, '2026-03-15 12:54:35'),(3, 221.346, '2026-03-15 11:54:35'),(3, 216.852, '2026-03-15 10:54:35'),(3, 218.698, '2026-03-15 09:54:35'),(3, 214.57, '2026-03-15 08:54:35'),(3, 203.756, '2026-03-15 07:54:35'),(3, 200.808, '2026-03-15 06:54:35'),(3, 196.616, '2026-03-15 05:54:35'),(3, 192.137, '2026-03-15 04:54:35'),(3, 187.094, '2026-03-15 03:54:35'),(3, 180.674, '2026-03-15 02:54:35'),(3, 180.227, '2026-03-15 01:54:35'),(3, 181.712, '2026-03-15 00:54:35'),(3, 177.032, '2026-03-14 23:54:35'),(3, 184.782, '2026-03-14 22:54:35'),(3, 187.84, '2026-03-14 21:54:35'),(3, 193.695, '2026-03-14 20:54:35'),(3, 193.479, '2026-03-14 19:54:35'),(3, 200.891, '2026-03-14 18:54:35'),(3, 206.698, '2026-03-14 17:54:35'),(3, 206.338, '2026-03-14 16:54:35'),(3, 212.812, '2026-03-14 15:54:35'),(3, 216.332, '2026-03-14 14:54:35'),(3, 222.037, '2026-03-14 13:54:35'),(3, 217.519, '2026-03-14 12:54:35'),(3, 220.243, '2026-03-14 11:54:35'),(3, 221.669, '2026-03-14 10:54:35'),(3, 212.215, '2026-03-14 09:54:35'),(3, 211.538, '2026-03-14 08:54:35'),(3, 202.585, '2026-03-14 07:54:35'),(3, 196.262, '2026-03-14 06:54:35'),(3, 199.788, '2026-03-14 05:54:35'),(3, 193.515, '2026-03-14 04:54:35'),(3, 190.352, '2026-03-14 03:54:35'),(3, 180.186, '2026-03-14 02:54:35'),(3, 176.024, '2026-03-14 01:54:35'),(3, 182.481, '2026-03-14 00:54:35'),(3, 177.495, '2026-03-13 23:54:35'),(3, 179.254, '2026-03-13 22:54:35'),(3, 182.923, '2026-03-13 21:54:35'),(3, 190.321, '2026-03-13 20:54:35'),(3, 195.404, '2026-03-13 19:54:35'),(3, 201.257, '2026-03-13 18:54:35'),(3, 206.81, '2026-03-13 17:54:35'),(3, 209.503, '2026-03-13 16:54:35'),(3, 215.184, '2026-03-13 15:54:35'),(3, 219.543, '2026-03-13 14:54:35'),(3, 223.218, '2026-03-13 13:54:35'),(3, 222.734, '2026-03-13 12:54:35'),(3, 216.307, '2026-03-13 11:54:35'),(3, 215.691, '2026-03-13 10:54:35'),(3, 210.643, '2026-03-13 09:54:35'),(3, 213.301, '2026-03-13 08:54:35'),(3, 204.998, '2026-03-13 07:54:35'),(3, 199.386, '2026-03-13 06:54:35'),(3, 194.739, '2026-03-13 05:54:35'),(3, 189.375, '2026-03-13 04:54:35'),(3, 190.32, '2026-03-13 03:54:35'),(3, 180.975, '2026-03-13 02:54:35'),(3, 185.672, '2026-03-13 01:54:35'),(3, 179.651, '2026-03-13 00:54:35'),(3, 178.996, '2026-03-12 23:54:35'),(3, 183.788, '2026-03-12 22:54:35'),(3, 189.002, '2026-03-12 21:54:35'),(3, 191.816, '2026-03-12 20:54:35'),(3, 189.979, '2026-03-12 19:54:35'),(3, 198.771, '2026-03-12 18:54:35'),(3, 200.555, '2026-03-12 17:54:35'),(3, 213.067, '2026-03-12 16:54:35'),(3, 214.718, '2026-03-12 15:54:35'),(3, 213.598, '2026-03-12 14:54:35'),(3, 221.912, '2026-03-12 13:54:35'),(3, 217.071, '2026-03-12 12:54:35'),(3, 220.923, '2026-03-12 11:54:35'),(3, 214.268, '2026-03-12 10:54:35'),(3, 213.69, '2026-03-12 09:54:35'),(3, 212.216, '2026-03-12 08:54:35'),(3, 201.108, '2026-03-12 07:54:35'),(3, 195.784, '2026-03-12 06:54:35'),(3, 199.044, '2026-03-12 05:54:35'),(3, 190.135, '2026-03-12 04:54:35'),(3, 189.353, '2026-03-12 03:54:35'),(3, 181.873, '2026-03-12 02:54:35'),(3, 183.459, '2026-03-12 01:54:35'),(3, 181.181, '2026-03-12 00:54:35'),(3, 177.61, '2026-03-11 23:54:35'),(3, 182.021, '2026-03-11 22:54:35'),(3, 185.016, '2026-03-11 21:54:35'),(3, 193.166, '2026-03-11 20:54:35'),(3, 198.533, '2026-03-11 19:54:35'),(3, 195.881, '2026-03-11 18:54:35'),(3, 204.441, '2026-03-11 17:54:35'),(3, 210.442, '2026-03-11 16:54:35'),(3, 216.919, '2026-03-11 15:54:35'),(3, 216.104, '2026-03-11 14:54:35'),(3, 216.426, '2026-03-11 13:54:35'),(3, 222.098, '2026-03-11 12:54:35'),(3, 219.069, '2026-03-11 11:54:35'),(3, 220.319, '2026-03-11 10:54:35'),(3, 215.849, '2026-03-11 09:54:35'),(3, 206.084, '2026-03-11 08:54:35'),(3, 202.185, '2026-03-11 07:54:35'),(3, 195.265, '2026-03-11 06:54:35'),(3, 191.522, '2026-03-11 05:54:35'),(3, 189.294, '2026-03-11 04:54:35'),(3, 190.182, '2026-03-11 03:54:35'),(3, 182.505, '2026-03-11 02:54:35'),(3, 179.253, '2026-03-11 01:54:35'),(3, 175.329, '2026-03-11 00:54:35'),(3, 179.219, '2026-03-10 23:54:35'),(3, 186.673, '2026-03-10 22:54:35'),(3, 187.989, '2026-03-10 21:54:35'),(3, 190.981, '2026-03-10 20:54:35'),(3, 195.855, '2026-03-10 19:54:35'),(3, 204.127, '2026-03-10 18:54:35'),(3, 203.074, '2026-03-10 17:54:35'),(3, 207.041, '2026-03-10 16:54:35'),(3, 212.062, '2026-03-10 15:54:35'),(3, 214.067, '2026-03-10 14:54:35'),(3, 222.723, '2026-03-10 13:54:35'),(3, 218.163, '2026-03-10 12:54:35'),(3, 216.91, '2026-03-10 11:54:35'),(3, 215.882, '2026-03-10 10:54:35'),(3, 210.923, '2026-03-10 09:54:35'),(3, 211.359, '2026-03-10 08:54:35'),(3, 202.21, '2026-03-10 07:54:35'),(3, 202.297, '2026-03-10 06:54:35'),(3, 195.374, '2026-03-10 05:54:35'),(3, 186.734, '2026-03-10 04:54:35'),(3, 181.841, '2026-03-10 03:54:35'),(3, 186.58, '2026-03-10 02:54:35'),(3, 176.943, '2026-03-10 01:54:35'),(3, 179.58, '2026-03-10 00:54:35'),(3, 175.732, '2026-03-09 23:54:35'),(3, 180.785, '2026-03-09 22:54:35'),(3, 188.259, '2026-03-09 21:54:35'),(3, 191.905, '2026-03-09 20:54:35'),(3, 198.265, '2026-03-09 19:54:35'),(3, 196.553, '2026-03-09 18:54:35'),(3, 202.121, '2026-03-09 17:54:35'),(3, 208.531, '2026-03-09 16:54:35'),(3, 209.723, '2026-03-09 15:54:35'),(3, 217.985, '2026-03-09 14:54:35'),(3, 222.169, '2026-03-09 13:54:35'),(3, 218.747, '2026-03-09 12:54:35'),(3, 221.436, '2026-03-09 11:54:35'),(3, 212.913, '2026-03-09 10:54:35'),(3, 218.169, '2026-03-09 09:54:35'),(3, 205.179, '2026-03-09 08:54:35'),(3, 210.017, '2026-03-09 07:54:35'),(3, 203.349, '2026-03-09 06:54:35'),(3, 191.342, '2026-03-09 05:54:35'),(3, 193.957, '2026-03-09 04:54:35'),(3, 185.968, '2026-03-09 03:54:35'),(3, 184.584, '2026-03-09 02:54:35'),(3, 184.039, '2026-03-09 01:54:35'),(3, 178.0, '2026-03-09 00:54:35'),(3, 176.472, '2026-03-08 23:54:35'),(3, 186.525, '2026-03-08 22:54:35'),(3, 186.752, '2026-03-08 21:54:35'),(3, 190.599, '2026-03-08 20:54:35'),(3, 193.735, '2026-03-08 19:54:35'),(3, 195.956, '2026-03-08 18:54:35'),(3, 202.432, '2026-03-08 17:54:35'),(3, 208.063, '2026-03-08 16:54:35'),(3, 214.001, '2026-03-08 15:54:35'),(3, 217.253, '2026-03-08 14:54:35'),(3, 221.775, '2026-03-08 13:54:35'),(3, 224.885, '2026-03-08 12:54:35'),(3, 222.781, '2026-03-08 11:54:35'),(3, 221.951, '2026-03-08 10:54:35'),(3, 216.157, '2026-03-08 09:54:35'),(3, 205.503, '2026-03-08 08:54:35'),(3, 208.527, '2026-03-08 07:54:35'),(3, 197.84, '2026-03-08 06:54:35'),(3, 196.681, '2026-03-08 05:54:35'),(3, 188.785, '2026-03-08 04:54:35'),(3, 181.231, '2026-03-08 03:54:35'),(3, 184.879, '2026-03-08 02:54:35'),(3, 182.419, '2026-03-08 01:54:35'),(3, 177.078, '2026-03-08 00:54:35'),(3, 179.644, '2026-03-07 23:54:35'),(3, 182.237, '2026-03-07 22:54:35'),(3, 184.975, '2026-03-07 21:54:35'),(3, 192.504, '2026-03-07 20:54:35'),(3, 195.858, '2026-03-07 19:54:35'),(3, 198.296, '2026-03-07 18:54:35'),(3, 206.091, '2026-03-07 17:54:35'),(3, 214.214, '2026-03-07 16:54:35'),(3, 216.98, '2026-03-07 15:54:35'),(3, 221.425, '2026-03-07 14:54:35'),(3, 221.423, '2026-03-07 13:54:35'),(3, 223.463, '2026-03-07 12:54:35'),(3, 222.91, '2026-03-07 11:54:35'),(3, 215.52, '2026-03-07 10:54:35'),(3, 209.419, '2026-03-07 09:54:35'),(3, 207.015, '2026-03-07 08:54:35'),(3, 202.855, '2026-03-07 07:54:35'),(3, 197.493, '2026-03-07 06:54:35'),(3, 193.1, '2026-03-07 05:54:35'),(3, 186.782, '2026-03-07 04:54:35'),(3, 182.87, '2026-03-07 03:54:35'),(3, 180.271, '2026-03-07 02:54:35'),(3, 180.031, '2026-03-07 01:54:35'),(3, 179.203, '2026-03-07 00:54:35'),(3, 183.539, '2026-03-06 23:54:35'),(3, 178.053, '2026-03-06 22:54:35'),(3, 186.145, '2026-03-06 21:54:35'),(3, 192.502, '2026-03-06 20:54:35'),(3, 192.429, '2026-03-06 19:54:35'),(3, 199.478, '2026-03-06 18:54:35'),(3, 200.791, '2026-03-06 17:54:35'),(3, 214.533, '2026-03-06 16:54:35'),(3, 213.15, '2026-03-06 15:54:35'),(3, 217.39, '2026-03-06 14:54:35'),(3, 221.611, '2026-03-06 13:54:35'),(3, 218.439, '2026-03-06 12:54:35'),(3, 223.685, '2026-03-06 11:54:35'),(3, 214.029, '2026-03-06 10:54:35'),(3, 215.294, '2026-03-06 09:54:35'),(3, 206.594, '2026-03-06 08:54:35'),(3, 204.195, '2026-03-06 07:54:35'),(3, 197.04, '2026-03-06 06:54:35'),(3, 191.064, '2026-03-06 05:54:35'),(3, 194.444, '2026-03-06 04:54:35'),(3, 187.482, '2026-03-06 03:54:35'),(3, 186.796, '2026-03-06 02:54:35'),(3, 182.544, '2026-03-06 01:54:35'),(3, 178.232, '2026-03-06 00:54:35'),(3, 183.179, '2026-03-05 23:54:35'),(3, 187.332, '2026-03-05 22:54:35'),(3, 189.441, '2026-03-05 21:54:35'),(3, 192.448, '2026-03-05 20:54:35'),(3, 192.713, '2026-03-05 19:54:35'),(3, 203.843, '2026-03-05 18:54:35'),(3, 203.096, '2026-03-05 17:54:35'),(3, 209.518, '2026-03-05 16:54:35'),(3, 212.181, '2026-03-05 15:54:35'),(3, 221.383, '2026-03-05 14:54:35'),(3, 216.882, '2026-03-05 13:54:35'),(3, 220.352, '2026-03-05 12:54:35'),(3, 216.538, '2026-03-05 11:54:35'),(3, 220.073, '2026-03-05 10:54:35'),(3, 215.809, '2026-03-05 09:54:35'),(3, 209.93, '2026-03-05 08:54:35'),(3, 205.202, '2026-03-05 07:54:35'),(3, 198.774, '2026-03-05 06:54:35'),(3, 196.334, '2026-03-05 05:54:35'),(3, 188.836, '2026-03-05 04:54:35'),(3, 181.614, '2026-03-05 03:54:35'),(3, 182.284, '2026-03-05 02:54:35'),(3, 180.205, '2026-03-05 01:54:35'),(3, 181.615, '2026-03-05 00:54:35'),(3, 177.079, '2026-03-04 23:54:35'),(3, 181.671, '2026-03-04 22:54:35'),(3, 186.121, '2026-03-04 21:54:35'),(3, 187.472, '2026-03-04 20:54:35'),(3, 195.286, '2026-03-04 19:54:35'),(3, 203.358, '2026-03-04 18:54:35'),(3, 206.615, '2026-03-04 17:54:35'),(3, 206.271, '2026-03-04 16:54:35'),(3, 218.093, '2026-03-04 15:54:35'),(3, 220.512, '2026-03-04 14:54:35'),(3, 215.525, '2026-03-04 13:54:35'),(3, 220.032, '2026-03-04 12:54:35'),(3, 221.836, '2026-03-04 11:54:35'),(3, 221.285, '2026-03-04 10:54:35'),(3, 213.225, '2026-03-04 09:54:35'),(3, 212.999, '2026-03-04 08:54:35'),(3, 202.455, '2026-03-04 07:54:35'),(3, 199.88, '2026-03-04 06:54:35'),(3, 193.643, '2026-03-04 05:54:35'),(3, 189.822, '2026-03-04 04:54:35'),(3, 188.434, '2026-03-04 03:54:35'),(3, 180.611, '2026-03-04 02:54:35'),(3, 178.41, '2026-03-04 01:54:35'),(3, 184.324, '2026-03-04 00:54:35'),(3, 179.858, '2026-03-03 23:54:35'),(3, 185.447, '2026-03-03 22:54:35'),(3, 184.848, '2026-03-03 21:54:35'),(3, 188.515, '2026-03-03 20:54:35'),(3, 190.203, '2026-03-03 19:54:35'),(3, 202.406, '2026-03-03 18:54:35'),(3, 203.047, '2026-03-03 17:54:35'),(3, 210.793, '2026-03-03 16:54:35'),(3, 213.38, '2026-03-03 15:54:35'),(3, 214.229, '2026-03-03 14:54:35'),(3, 219.59, '2026-03-03 13:54:35'),(3, 216.077, '2026-03-03 12:54:35'),(3, 222.605, '2026-03-03 11:54:35'),(3, 215.977, '2026-03-03 10:54:35'),(3, 211.535, '2026-03-03 09:54:35'),(3, 207.513, '2026-03-03 08:54:35'),(3, 207.305, '2026-03-03 07:54:35'),(3, 195.639, '2026-03-03 06:54:35'),(3, 192.831, '2026-03-03 05:54:35'),(3, 191.853, '2026-03-03 04:54:35'),(3, 185.347, '2026-03-03 03:54:35'),(3, 179.735, '2026-03-03 02:54:35'),(3, 184.336, '2026-03-03 01:54:35'),(3, 181.243, '2026-03-03 00:54:35'),(3, 183.485, '2026-03-02 23:54:35'),(3, 183.897, '2026-03-02 22:54:35'),(3, 183.327, '2026-03-02 21:54:35'),(3, 193.193, '2026-03-02 20:54:35'),(3, 190.292, '2026-03-02 19:54:35'),(3, 199.853, '2026-03-02 18:54:35'),(3, 202.573, '2026-03-02 17:54:35'),(3, 207.628, '2026-03-02 16:54:35'),(3, 212.64, '2026-03-02 15:54:35'),(3, 213.354, '2026-03-02 14:54:35'),(3, 222.032, '2026-03-02 13:54:35'),(3, 215.376, '2026-03-02 12:54:35'),(3, 217.867, '2026-03-02 11:54:35'),(3, 219.534, '2026-03-02 10:54:35'),(3, 211.395, '2026-03-02 09:54:35'),(3, 214.511, '2026-03-02 08:54:35'),(3, 204.672, '2026-03-02 07:54:35'),(3, 204.383, '2026-03-02 06:54:35'),(3, 198.309, '2026-03-02 05:54:35'),(3, 190.492, '2026-03-02 04:54:35'),(3, 189.248, '2026-03-02 03:54:35'),(3, 186.002, '2026-03-02 02:54:35'),(3, 180.149, '2026-03-02 01:54:35'),(3, 179.432, '2026-03-02 00:54:35'),(3, 177.019, '2026-03-01 23:54:35'),(3, 180.139, '2026-03-01 22:54:35'),(3, 189.062, '2026-03-01 21:54:35'),(3, 191.304, '2026-03-01 20:54:35'),(3, 198.567, '2026-03-01 19:54:35'),(3, 199.457, '2026-03-01 18:54:35'),(3, 202.693, '2026-03-01 17:54:35'),(3, 207.37, '2026-03-01 16:54:35'),(3, 214.734, '2026-03-01 15:54:35'),(3, 217.824, '2026-03-01 14:54:35'),(3, 215.701, '2026-03-01 13:54:35');
INSERT INTO mining_sensors (id, type_id, name, lat, lng, status, current_value) VALUES (4, 2, 'Inclinómetro 01', -17.244675956290802, -70.60918585392541, 'active', 0.0);
INSERT INTO mining_sensor_history (sensor_id, value, timestamp) VALUES (4, 0.034, '2026-03-16 12:54:35'),(4, 0.048, '2026-03-16 11:54:35'),(4, 0.048, '2026-03-16 10:54:35'),(4, 0.055, '2026-03-16 09:54:35'),(4, 0.059, '2026-03-16 08:54:35'),(4, 0.055, '2026-03-16 07:54:35'),(4, 0.088, '2026-03-16 06:54:35'),(4, 0.068, '2026-03-16 05:54:35'),(4, 0.095, '2026-03-16 04:54:35'),(4, 0.095, '2026-03-16 03:54:35'),(4, 0.112, '2026-03-16 02:54:35'),(4, 0.089, '2026-03-16 01:54:35'),(4, 0.105, '2026-03-16 00:54:35'),(4, 0.105, '2026-03-15 23:54:35'),(4, 0.137, '2026-03-15 22:54:35'),(4, 0.13, '2026-03-15 21:54:35'),(4, 0.161, '2026-03-15 20:54:35'),(4, 0.149, '2026-03-15 19:54:35'),(4, 0.131, '2026-03-15 18:54:35'),(4, 0.138, '2026-03-15 17:54:35'),(4, 0.149, '2026-03-15 16:54:35'),(4, 0.136, '2026-03-15 15:54:35'),(4, 0.163, '2026-03-15 14:54:35'),(4, 0.15, '2026-03-15 13:54:35'),(4, 0.159, '2026-03-15 12:54:35'),(4, 0.17, '2026-03-15 11:54:35'),(4, 0.172, '2026-03-15 10:54:35'),(4, 0.169, '2026-03-15 09:54:35'),(4, 0.172, '2026-03-15 08:54:35'),(4, 0.183, '2026-03-15 07:54:35'),(4, 0.171, '2026-03-15 06:54:35'),(4, 0.166, '2026-03-15 05:54:35'),(4, 0.171, '2026-03-15 04:54:35'),(4, 0.171, '2026-03-15 03:54:35'),(4, 0.164, '2026-03-15 02:54:35'),(4, 0.161, '2026-03-15 01:54:35'),(4, 0.177, '2026-03-15 00:54:35'),(4, 0.186, '2026-03-14 23:54:35'),(4, 0.197, '2026-03-14 22:54:35'),(4, 0.196, '2026-03-14 21:54:35'),(4, 0.179, '2026-03-14 20:54:35'),(4, 0.168, '2026-03-14 19:54:35'),(4, 0.165, '2026-03-14 18:54:35'),(4, 0.175, '2026-03-14 17:54:35'),(4, 0.167, '2026-03-14 16:54:35'),(4, 0.184, '2026-03-14 15:54:35'),(4, 0.186, '2026-03-14 14:54:35'),(4, 0.184, '2026-03-14 13:54:35'),(4, 0.201, '2026-03-14 12:54:35'),(4, 0.194, '2026-03-14 11:54:35'),(4, 0.194, '2026-03-14 10:54:35'),(4, 0.166, '2026-03-14 09:54:35'),(4, 0.187, '2026-03-14 08:54:35'),(4, 0.181, '2026-03-14 07:54:35'),(4, 0.198, '2026-03-14 06:54:35'),(4, 0.199, '2026-03-14 05:54:35'),(4, 0.193, '2026-03-14 04:54:35'),(4, 0.192, '2026-03-14 03:54:35'),(4, 0.206, '2026-03-14 02:54:35'),(4, 0.2, '2026-03-14 01:54:35'),(4, 0.211, '2026-03-14 00:54:35'),(4, 0.194, '2026-03-13 23:54:35'),(4, 0.204, '2026-03-13 22:54:35'),(4, 0.235, '2026-03-13 21:54:35'),(4, 0.22, '2026-03-13 20:54:35'),(4, 0.204, '2026-03-13 19:54:35'),(4, 0.224, '2026-03-13 18:54:35'),(4, 0.227, '2026-03-13 17:54:35'),(4, 0.206, '2026-03-13 16:54:35'),(4, 0.198, '2026-03-13 15:54:35'),(4, 0.2, '2026-03-13 14:54:35'),(4, 0.179, '2026-03-13 13:54:35'),(4, 0.192, '2026-03-13 12:54:35'),(4, 0.203, '2026-03-13 11:54:35'),(4, 0.225, '2026-03-13 10:54:35'),(4, 0.221, '2026-03-13 09:54:35'),(4, 0.216, '2026-03-13 08:54:35'),(4, 0.188, '2026-03-13 07:54:35'),(4, 0.201, '2026-03-13 06:54:35'),(4, 0.211, '2026-03-13 05:54:35'),(4, 0.224, '2026-03-13 04:54:35'),(4, 0.22, '2026-03-13 03:54:35'),(4, 0.239, '2026-03-13 02:54:35'),(4, 0.255, '2026-03-13 01:54:35'),(4, 0.27, '2026-03-13 00:54:35'),(4, 0.279, '2026-03-12 23:54:35'),(4, 0.252, '2026-03-12 22:54:35'),(4, 0.267, '2026-03-12 21:54:35'),(4, 0.26, '2026-03-12 20:54:35'),(4, 0.257, '2026-03-12 19:54:35'),(4, 0.237, '2026-03-12 18:54:35'),(4, 0.246, '2026-03-12 17:54:35'),(4, 0.249, '2026-03-12 16:54:35'),(4, 0.259, '2026-03-12 15:54:35'),(4, 0.26, '2026-03-12 14:54:35'),(4, 0.267, '2026-03-12 13:54:35'),(4, 0.29, '2026-03-12 12:54:35'),(4, 0.321, '2026-03-12 11:54:35'),(4, 0.327, '2026-03-12 10:54:35'),(4, 0.327, '2026-03-12 09:54:35'),(4, 0.304, '2026-03-12 08:54:35'),(4, 0.303, '2026-03-12 07:54:35'),(4, 0.323, '2026-03-12 06:54:35'),(4, 0.311, '2026-03-12 05:54:35'),(4, 0.313, '2026-03-12 04:54:35'),(4, 0.338, '2026-03-12 03:54:35'),(4, 0.336, '2026-03-12 02:54:35'),(4, 0.347, '2026-03-12 01:54:35'),(4, 0.346, '2026-03-12 00:54:35'),(4, 0.348, '2026-03-11 23:54:35'),(4, 0.33, '2026-03-11 22:54:35'),(4, 0.322, '2026-03-11 21:54:35'),(4, 0.333, '2026-03-11 20:54:35'),(4, 0.309, '2026-03-11 19:54:35'),(4, 0.322, '2026-03-11 18:54:35'),(4, 0.313, '2026-03-11 17:54:35'),(4, 0.344, '2026-03-11 16:54:35'),(4, 0.337, '2026-03-11 15:54:35'),(4, 0.323, '2026-03-11 14:54:35'),(4, 0.309, '2026-03-11 13:54:35'),(4, 0.281, '2026-03-11 12:54:35'),(4, 0.282, '2026-03-11 11:54:35'),(4, 0.301, '2026-03-11 10:54:35'),(4, 0.294, '2026-03-11 09:54:35'),(4, 0.312, '2026-03-11 08:54:35'),(4, 0.328, '2026-03-11 07:54:35'),(4, 0.357, '2026-03-11 06:54:35'),(4, 0.354, '2026-03-11 05:54:35'),(4, 0.382, '2026-03-11 04:54:35'),(4, 0.372, '2026-03-11 03:54:35'),(4, 0.386, '2026-03-11 02:54:35'),(4, 0.405, '2026-03-11 01:54:35'),(4, 0.432, '2026-03-11 00:54:35'),(4, 0.429, '2026-03-10 23:54:35'),(4, 0.462, '2026-03-10 22:54:35'),(4, 0.445, '2026-03-10 21:54:35'),(4, 0.441, '2026-03-10 20:54:35'),(4, 0.428, '2026-03-10 19:54:35'),(4, 0.444, '2026-03-10 18:54:35'),(4, 0.43, '2026-03-10 17:54:35'),(4, 0.44, '2026-03-10 16:54:35'),(4, 0.413, '2026-03-10 15:54:35'),(4, 0.442, '2026-03-10 14:54:35'),(4, 0.429, '2026-03-10 13:54:35'),(4, 0.437, '2026-03-10 12:54:35'),(4, 0.464, '2026-03-10 11:54:35'),(4, 0.487, '2026-03-10 10:54:35'),(4, 0.495, '2026-03-10 09:54:35'),(4, 0.483, '2026-03-10 08:54:35'),(4, 0.463, '2026-03-10 07:54:35'),(4, 0.48, '2026-03-10 06:54:35'),(4, 0.469, '2026-03-10 05:54:35'),(4, 0.492, '2026-03-10 04:54:35'),(4, 0.508, '2026-03-10 03:54:35'),(4, 0.495, '2026-03-10 02:54:35'),(4, 0.472, '2026-03-10 01:54:35'),(4, 0.458, '2026-03-10 00:54:35'),(4, 0.467, '2026-03-09 23:54:35'),(4, 0.455, '2026-03-09 22:54:35'),(4, 0.426, '2026-03-09 21:54:35'),(4, 0.425, '2026-03-09 20:54:35'),(4, 0.424, '2026-03-09 19:54:35'),(4, 0.428, '2026-03-09 18:54:35'),(4, 0.448, '2026-03-09 17:54:35'),(4, 0.431, '2026-03-09 16:54:35'),(4, 0.42, '2026-03-09 15:54:35'),(4, 0.416, '2026-03-09 14:54:35'),(4, 0.418, '2026-03-09 13:54:35'),(4, 0.418, '2026-03-09 12:54:35'),(4, 0.407, '2026-03-09 11:54:35'),(4, 0.388, '2026-03-09 10:54:35'),(4, 0.385, '2026-03-09 09:54:35'),(4, 0.402, '2026-03-09 08:54:35'),(4, 0.408, '2026-03-09 07:54:35'),(4, 0.39, '2026-03-09 06:54:35'),(4, 0.417, '2026-03-09 05:54:35'),(4, 0.424, '2026-03-09 04:54:35'),(4, 0.434, '2026-03-09 03:54:35'),(4, 0.418, '2026-03-09 02:54:35'),(4, 0.412, '2026-03-09 01:54:35'),(4, 0.398, '2026-03-09 00:54:35'),(4, 0.396, '2026-03-08 23:54:35'),(4, 0.385, '2026-03-08 22:54:35'),(4, 0.405, '2026-03-08 21:54:35'),(4, 0.423, '2026-03-08 20:54:35'),(4, 0.425, '2026-03-08 19:54:35'),(4, 0.432, '2026-03-08 18:54:35'),(4, 0.431, '2026-03-08 17:54:35'),(4, 0.418, '2026-03-08 16:54:35'),(4, 0.403, '2026-03-08 15:54:35'),(4, 0.409, '2026-03-08 14:54:35'),(4, 0.384, '2026-03-08 13:54:35'),(4, 0.389, '2026-03-08 12:54:35'),(4, 0.392, '2026-03-08 11:54:35'),(4, 0.413, '2026-03-08 10:54:35'),(4, 0.438, '2026-03-08 09:54:35'),(4, 0.47, '2026-03-08 08:54:35'),(4, 0.445, '2026-03-08 07:54:35'),(4, 0.45, '2026-03-08 06:54:35'),(4, 0.434, '2026-03-08 05:54:35'),(4, 0.448, '2026-03-08 04:54:35'),(4, 0.473, '2026-03-08 03:54:35'),(4, 0.507, '2026-03-08 02:54:35'),(4, 0.503, '2026-03-08 01:54:35'),(4, 0.478, '2026-03-08 00:54:35'),(4, 0.483, '2026-03-07 23:54:35'),(4, 0.47, '2026-03-07 22:54:35'),(4, 0.455, '2026-03-07 21:54:35'),(4, 0.47, '2026-03-07 20:54:35'),(4, 0.487, '2026-03-07 19:54:35'),(4, 0.499, '2026-03-07 18:54:35'),(4, 0.486, '2026-03-07 17:54:35'),(4, 0.504, '2026-03-07 16:54:35'),(4, 0.534, '2026-03-07 15:54:35'),(4, 0.514, '2026-03-07 14:54:35'),(4, 0.507, '2026-03-07 13:54:35'),(4, 0.518, '2026-03-07 12:54:35'),(4, 0.523, '2026-03-07 11:54:35'),(4, 0.499, '2026-03-07 10:54:35'),(4, 0.473, '2026-03-07 09:54:35'),(4, 0.459, '2026-03-07 08:54:35'),(4, 0.446, '2026-03-07 07:54:35'),(4, 0.462, '2026-03-07 06:54:35'),(4, 0.477, '2026-03-07 05:54:35'),(4, 0.499, '2026-03-07 04:54:35'),(4, 0.503, '2026-03-07 03:54:35'),(4, 0.513, '2026-03-07 02:54:35'),(4, 0.534, '2026-03-07 01:54:35'),(4, 0.566, '2026-03-07 00:54:35'),(4, 0.568, '2026-03-06 23:54:35'),(4, 0.584, '2026-03-06 22:54:35'),(4, 0.61, '2026-03-06 21:54:35'),(4, 0.611, '2026-03-06 20:54:35'),(4, 0.601, '2026-03-06 19:54:35'),(4, 0.626, '2026-03-06 18:54:35'),(4, 0.645, '2026-03-06 17:54:35'),(4, 0.662, '2026-03-06 16:54:35'),(4, 0.664, '2026-03-06 15:54:35'),(4, 0.678, '2026-03-06 14:54:35'),(4, 0.651, '2026-03-06 13:54:35'),(4, 0.641, '2026-03-06 12:54:35'),(4, 0.647, '2026-03-06 11:54:35'),(4, 0.635, '2026-03-06 10:54:35'),(4, 0.639, '2026-03-06 09:54:35'),(4, 0.648, '2026-03-06 08:54:35'),(4, 0.679, '2026-03-06 07:54:35'),(4, 0.667, '2026-03-06 06:54:35'),(4, 0.667, '2026-03-06 05:54:35'),(4, 0.657, '2026-03-06 04:54:35'),(4, 0.689, '2026-03-06 03:54:35'),(4, 0.683, '2026-03-06 02:54:35'),(4, 0.671, '2026-03-06 01:54:35'),(4, 0.67, '2026-03-06 00:54:35'),(4, 0.643, '2026-03-05 23:54:35'),(4, 0.66, '2026-03-05 22:54:35'),(4, 0.665, '2026-03-05 21:54:35'),(4, 0.659, '2026-03-05 20:54:35'),(4, 0.683, '2026-03-05 19:54:35'),(4, 0.666, '2026-03-05 18:54:35'),(4, 0.677, '2026-03-05 17:54:35'),(4, 0.676, '2026-03-05 16:54:35'),(4, 0.693, '2026-03-05 15:54:35'),(4, 0.68, '2026-03-05 14:54:35'),(4, 0.688, '2026-03-05 13:54:35'),(4, 0.708, '2026-03-05 12:54:35'),(4, 0.703, '2026-03-05 11:54:35'),(4, 0.712, '2026-03-05 10:54:35'),(4, 0.699, '2026-03-05 09:54:35'),(4, 0.718, '2026-03-05 08:54:35'),(4, 0.746, '2026-03-05 07:54:35'),(4, 0.733, '2026-03-05 06:54:35'),(4, 0.733, '2026-03-05 05:54:35'),(4, 0.757, '2026-03-05 04:54:35'),(4, 0.748, '2026-03-05 03:54:35'),(4, 0.739, '2026-03-05 02:54:35'),(4, 0.735, '2026-03-05 01:54:35'),(4, 0.748, '2026-03-05 00:54:35'),(4, 0.749, '2026-03-04 23:54:35'),(4, 0.738, '2026-03-04 22:54:35'),(4, 0.728, '2026-03-04 21:54:35'),(4, 0.757, '2026-03-04 20:54:35'),(4, 0.754, '2026-03-04 19:54:35'),(4, 0.745, '2026-03-04 18:54:35'),(4, 0.755, '2026-03-04 17:54:35'),(4, 0.776, '2026-03-04 16:54:35'),(4, 0.768, '2026-03-04 15:54:35'),(4, 0.775, '2026-03-04 14:54:35'),(4, 0.769, '2026-03-04 13:54:35'),(4, 0.801, '2026-03-04 12:54:35'),(4, 0.814, '2026-03-04 11:54:35'),(4, 0.8, '2026-03-04 10:54:35'),(4, 0.809, '2026-03-04 09:54:35'),(4, 0.819, '2026-03-04 08:54:35'),(4, 0.817, '2026-03-04 07:54:35'),(4, 0.826, '2026-03-04 06:54:35'),(4, 0.804, '2026-03-04 05:54:35'),(4, 0.817, '2026-03-04 04:54:35'),(4, 0.805, '2026-03-04 03:54:35'),(4, 0.794, '2026-03-04 02:54:35'),(4, 0.764, '2026-03-04 01:54:35'),(4, 0.778, '2026-03-04 00:54:35'),(4, 0.764, '2026-03-03 23:54:35'),(4, 0.75, '2026-03-03 22:54:35'),(4, 0.73, '2026-03-03 21:54:35'),(4, 0.721, '2026-03-03 20:54:35'),(4, 0.722, '2026-03-03 19:54:35'),(4, 0.753, '2026-03-03 18:54:35'),(4, 0.728, '2026-03-03 17:54:35'),(4, 0.742, '2026-03-03 16:54:35'),(4, 0.768, '2026-03-03 15:54:35'),(4, 0.803, '2026-03-03 14:54:35'),(4, 0.821, '2026-03-03 13:54:35'),(4, 0.797, '2026-03-03 12:54:35'),(4, 0.799, '2026-03-03 11:54:35'),(4, 0.83, '2026-03-03 10:54:35'),(4, 0.841, '2026-03-03 09:54:35'),(4, 0.859, '2026-03-03 08:54:35'),(4, 0.87, '2026-03-03 07:54:35'),(4, 0.863, '2026-03-03 06:54:35'),(4, 0.855, '2026-03-03 05:54:35'),(4, 0.851, '2026-03-03 04:54:35'),(4, 0.881, '2026-03-03 03:54:35'),(4, 0.87, '2026-03-03 02:54:35'),(4, 0.874, '2026-03-03 01:54:35'),(4, 0.896, '2026-03-03 00:54:35'),(4, 0.911, '2026-03-02 23:54:35'),(4, 0.905, '2026-03-02 22:54:35'),(4, 0.902, '2026-03-02 21:54:35'),(4, 0.927, '2026-03-02 20:54:35'),(4, 0.935, '2026-03-02 19:54:35'),(4, 0.935, '2026-03-02 18:54:35'),(4, 0.911, '2026-03-02 17:54:35'),(4, 0.924, '2026-03-02 16:54:35'),(4, 0.929, '2026-03-02 15:54:35'),(4, 0.94, '2026-03-02 14:54:35'),(4, 0.928, '2026-03-02 13:54:35'),(4, 0.919, '2026-03-02 12:54:35'),(4, 0.947, '2026-03-02 11:54:35'),(4, 0.963, '2026-03-02 10:54:35'),(4, 0.974, '2026-03-02 09:54:35'),(4, 1.001, '2026-03-02 08:54:35'),(4, 1.015, '2026-03-02 07:54:35'),(4, 1.003, '2026-03-02 06:54:35'),(4, 1.01, '2026-03-02 05:54:35'),(4, 1.008, '2026-03-02 04:54:35'),(4, 1.031, '2026-03-02 03:54:35'),(4, 1.039, '2026-03-02 02:54:35'),(4, 1.033, '2026-03-02 01:54:35'),(4, 1.048, '2026-03-02 00:54:35'),(4, 1.062, '2026-03-01 23:54:35'),(4, 1.052, '2026-03-01 22:54:35'),(4, 1.038, '2026-03-01 21:54:35'),(4, 1.05, '2026-03-01 20:54:35'),(4, 1.07, '2026-03-01 19:54:35'),(4, 1.076, '2026-03-01 18:54:35'),(4, 1.093, '2026-03-01 17:54:35'),(4, 1.098, '2026-03-01 16:54:35'),(4, 1.101, '2026-03-01 15:54:35'),(4, 1.112, '2026-03-01 14:54:35'),(4, 1.143, '2026-03-01 13:54:35');
INSERT INTO mining_sensors (id, type_id, name, lat, lng, status, current_value) VALUES (5, 2, 'Inclinómetro 02', -17.248467542942457, -70.61375392757579, 'active', 0.0);
INSERT INTO mining_sensor_history (sensor_id, value, timestamp) VALUES (5, -0.013, '2026-03-16 12:54:35'),(5, -0.028, '2026-03-16 11:54:35'),(5, -0.017, '2026-03-16 10:54:35'),(5, 0.017, '2026-03-16 09:54:35'),(5, 0.009, '2026-03-16 08:54:35'),(5, 0.03, '2026-03-16 07:54:35'),(5, 0.025, '2026-03-16 06:54:35'),(5, 0.052, '2026-03-16 05:54:35'),(5, 0.061, '2026-03-16 04:54:35'),(5, 0.034, '2026-03-16 03:54:35'),(5, 0.037, '2026-03-16 02:54:35'),(5, 0.034, '2026-03-16 01:54:35'),(5, 0.02, '2026-03-16 00:54:35'),(5, 0.011, '2026-03-15 23:54:35'),(5, 0.042, '2026-03-15 22:54:35'),(5, 0.072, '2026-03-15 21:54:35'),(5, 0.053, '2026-03-15 20:54:35'),(5, 0.037, '2026-03-15 19:54:35'),(5, 0.052, '2026-03-15 18:54:35'),(5, 0.05, '2026-03-15 17:54:35'),(5, 0.08, '2026-03-15 16:54:35'),(5, 0.094, '2026-03-15 15:54:35'),(5, 0.098, '2026-03-15 14:54:35'),(5, 0.129, '2026-03-15 13:54:35'),(5, 0.163, '2026-03-15 12:54:35'),(5, 0.164, '2026-03-15 11:54:35'),(5, 0.147, '2026-03-15 10:54:35'),(5, 0.136, '2026-03-15 09:54:35'),(5, 0.141, '2026-03-15 08:54:35'),(5, 0.137, '2026-03-15 07:54:35'),(5, 0.156, '2026-03-15 06:54:35'),(5, 0.187, '2026-03-15 05:54:35'),(5, 0.173, '2026-03-15 04:54:35'),(5, 0.202, '2026-03-15 03:54:35'),(5, 0.223, '2026-03-15 02:54:35'),(5, 0.203, '2026-03-15 01:54:35'),(5, 0.209, '2026-03-15 00:54:35'),(5, 0.204, '2026-03-14 23:54:35'),(5, 0.202, '2026-03-14 22:54:35'),(5, 0.234, '2026-03-14 21:54:35'),(5, 0.205, '2026-03-14 20:54:35'),(5, 0.198, '2026-03-14 19:54:35'),(5, 0.188, '2026-03-14 18:54:35'),(5, 0.178, '2026-03-14 17:54:35'),(5, 0.157, '2026-03-14 16:54:35'),(5, 0.136, '2026-03-14 15:54:35'),(5, 0.154, '2026-03-14 14:54:35'),(5, 0.147, '2026-03-14 13:54:35'),(5, 0.143, '2026-03-14 12:54:35'),(5, 0.146, '2026-03-14 11:54:35'),(5, 0.161, '2026-03-14 10:54:35'),(5, 0.175, '2026-03-14 09:54:35'),(5, 0.156, '2026-03-14 08:54:35'),(5, 0.167, '2026-03-14 07:54:35'),(5, 0.151, '2026-03-14 06:54:35'),(5, 0.147, '2026-03-14 05:54:35'),(5, 0.172, '2026-03-14 04:54:35'),(5, 0.17, '2026-03-14 03:54:35'),(5, 0.191, '2026-03-14 02:54:35'),(5, 0.186, '2026-03-14 01:54:35'),(5, 0.172, '2026-03-14 00:54:35'),(5, 0.174, '2026-03-13 23:54:35'),(5, 0.162, '2026-03-13 22:54:35'),(5, 0.182, '2026-03-13 21:54:35'),(5, 0.177, '2026-03-13 20:54:35'),(5, 0.167, '2026-03-13 19:54:35'),(5, 0.154, '2026-03-13 18:54:35'),(5, 0.126, '2026-03-13 17:54:35'),(5, 0.143, '2026-03-13 16:54:35'),(5, 0.161, '2026-03-13 15:54:35'),(5, 0.156, '2026-03-13 14:54:35'),(5, 0.154, '2026-03-13 13:54:35'),(5, 0.164, '2026-03-13 12:54:35'),(5, 0.159, '2026-03-13 11:54:35'),(5, 0.149, '2026-03-13 10:54:35'),(5, 0.154, '2026-03-13 09:54:35'),(5, 0.14, '2026-03-13 08:54:35'),(5, 0.155, '2026-03-13 07:54:35'),(5, 0.158, '2026-03-13 06:54:35'),(5, 0.163, '2026-03-13 05:54:35'),(5, 0.172, '2026-03-13 04:54:35'),(5, 0.146, '2026-03-13 03:54:35'),(5, 0.145, '2026-03-13 02:54:35'),(5, 0.159, '2026-03-13 01:54:35'),(5, 0.148, '2026-03-13 00:54:35'),(5, 0.179, '2026-03-12 23:54:35'),(5, 0.185, '2026-03-12 22:54:35'),(5, 0.179, '2026-03-12 21:54:35'),(5, 0.18, '2026-03-12 20:54:35'),(5, 0.188, '2026-03-12 19:54:35'),(5, 0.21, '2026-03-12 18:54:35'),(5, 0.239, '2026-03-12 17:54:35'),(5, 0.253, '2026-03-12 16:54:35'),(5, 0.226, '2026-03-12 15:54:35'),(5, 0.24, '2026-03-12 14:54:35'),(5, 0.227, '2026-03-12 13:54:35'),(5, 0.214, '2026-03-12 12:54:35'),(5, 0.194, '2026-03-12 11:54:35'),(5, 0.22, '2026-03-12 10:54:35'),(5, 0.192, '2026-03-12 09:54:35'),(5, 0.198, '2026-03-12 08:54:35'),(5, 0.231, '2026-03-12 07:54:35'),(5, 0.235, '2026-03-12 06:54:35'),(5, 0.264, '2026-03-12 05:54:35'),(5, 0.256, '2026-03-12 04:54:35'),(5, 0.28, '2026-03-12 03:54:35'),(5, 0.311, '2026-03-12 02:54:35'),(5, 0.338, '2026-03-12 01:54:35'),(5, 0.31, '2026-03-12 00:54:35'),(5, 0.325, '2026-03-11 23:54:35'),(5, 0.307, '2026-03-11 22:54:35'),(5, 0.333, '2026-03-11 21:54:35'),(5, 0.331, '2026-03-11 20:54:35'),(5, 0.328, '2026-03-11 19:54:35'),(5, 0.308, '2026-03-11 18:54:35'),(5, 0.297, '2026-03-11 17:54:35'),(5, 0.313, '2026-03-11 16:54:35'),(5, 0.3, '2026-03-11 15:54:35'),(5, 0.288, '2026-03-11 14:54:35'),(5, 0.312, '2026-03-11 13:54:35'),(5, 0.325, '2026-03-11 12:54:35'),(5, 0.331, '2026-03-11 11:54:35'),(5, 0.333, '2026-03-11 10:54:35'),(5, 0.366, '2026-03-11 09:54:35'),(5, 0.371, '2026-03-11 08:54:35'),(5, 0.359, '2026-03-11 07:54:35'),(5, 0.357, '2026-03-11 06:54:35'),(5, 0.331, '2026-03-11 05:54:35'),(5, 0.335, '2026-03-11 04:54:35'),(5, 0.321, '2026-03-11 03:54:35'),(5, 0.327, '2026-03-11 02:54:35'),(5, 0.342, '2026-03-11 01:54:35'),(5, 0.365, '2026-03-11 00:54:35'),(5, 0.351, '2026-03-10 23:54:35'),(5, 0.343, '2026-03-10 22:54:35'),(5, 0.37, '2026-03-10 21:54:35'),(5, 0.39, '2026-03-10 20:54:35'),(5, 0.422, '2026-03-10 19:54:35'),(5, 0.454, '2026-03-10 18:54:35'),(5, 0.469, '2026-03-10 17:54:35'),(5, 0.452, '2026-03-10 16:54:35'),(5, 0.461, '2026-03-10 15:54:35'),(5, 0.467, '2026-03-10 14:54:35'),(5, 0.469, '2026-03-10 13:54:35'),(5, 0.458, '2026-03-10 12:54:35'),(5, 0.449, '2026-03-10 11:54:35'),(5, 0.436, '2026-03-10 10:54:35'),(5, 0.442, '2026-03-10 09:54:35'),(5, 0.422, '2026-03-10 08:54:35'),(5, 0.412, '2026-03-10 07:54:35'),(5, 0.437, '2026-03-10 06:54:35'),(5, 0.439, '2026-03-10 05:54:35'),(5, 0.443, '2026-03-10 04:54:35'),(5, 0.437, '2026-03-10 03:54:35'),(5, 0.439, '2026-03-10 02:54:35'),(5, 0.436, '2026-03-10 01:54:35'),(5, 0.47, '2026-03-10 00:54:35'),(5, 0.496, '2026-03-09 23:54:35'),(5, 0.517, '2026-03-09 22:54:35'),(5, 0.517, '2026-03-09 21:54:35'),(5, 0.503, '2026-03-09 20:54:35'),(5, 0.482, '2026-03-09 19:54:35'),(5, 0.486, '2026-03-09 18:54:35'),(5, 0.468, '2026-03-09 17:54:35'),(5, 0.447, '2026-03-09 16:54:35'),(5, 0.458, '2026-03-09 15:54:35'),(5, 0.237, '2026-03-09 14:54:35'),(5, 0.508, '2026-03-09 13:54:35'),(5, 0.529, '2026-03-09 12:54:35'),(5, 0.546, '2026-03-09 11:54:35'),(5, 0.574, '2026-03-09 10:54:35'),(5, 0.596, '2026-03-09 09:54:35'),(5, 0.621, '2026-03-09 08:54:35'),(5, 0.613, '2026-03-09 07:54:35'),(5, 0.613, '2026-03-09 06:54:35'),(5, 0.591, '2026-03-09 05:54:35'),(5, 0.57, '2026-03-09 04:54:35'),(5, 0.541, '2026-03-09 03:54:35'),(5, 0.539, '2026-03-09 02:54:35'),(5, 0.558, '2026-03-09 01:54:35'),(5, 0.561, '2026-03-09 00:54:35'),(5, 0.581, '2026-03-08 23:54:35'),(5, 0.61, '2026-03-08 22:54:35'),(5, 0.61, '2026-03-08 21:54:35'),(5, 0.584, '2026-03-08 20:54:35'),(5, 0.584, '2026-03-08 19:54:35'),(5, 0.592, '2026-03-08 18:54:35'),(5, 0.588, '2026-03-08 17:54:35'),(5, 0.57, '2026-03-08 16:54:35'),(5, 0.581, '2026-03-08 15:54:35'),(5, 0.571, '2026-03-08 14:54:35'),(5, 0.575, '2026-03-08 13:54:35'),(5, 0.592, '2026-03-08 12:54:35'),(5, 0.59, '2026-03-08 11:54:35'),(5, 0.589, '2026-03-08 10:54:35'),(5, 0.578, '2026-03-08 09:54:35'),(5, 0.564, '2026-03-08 08:54:35'),(5, 0.56, '2026-03-08 07:54:35'),(5, 0.577, '2026-03-08 06:54:35'),(5, 0.587, '2026-03-08 05:54:35'),(5, 0.606, '2026-03-08 04:54:35'),(5, 0.596, '2026-03-08 03:54:35'),(5, 0.598, '2026-03-08 02:54:35'),(5, 0.6, '2026-03-08 01:54:35'),(5, 0.635, '2026-03-08 00:54:35'),(5, 0.646, '2026-03-07 23:54:35'),(5, 0.631, '2026-03-07 22:54:35'),(5, 0.663, '2026-03-07 21:54:35'),(5, 0.685, '2026-03-07 20:54:35'),(5, 0.695, '2026-03-07 19:54:35'),(5, 0.723, '2026-03-07 18:54:35'),(5, 0.73, '2026-03-07 17:54:35'),(5, 0.735, '2026-03-07 16:54:35'),(5, 0.737, '2026-03-07 15:54:35'),(5, 0.766, '2026-03-07 14:54:35'),(5, 0.765, '2026-03-07 13:54:35'),(5, 0.784, '2026-03-07 12:54:35'),(5, 0.785, '2026-03-07 11:54:35'),(5, 0.801, '2026-03-07 10:54:35'),(5, 0.825, '2026-03-07 09:54:35'),(5, 0.838, '2026-03-07 08:54:35'),(5, 0.834, '2026-03-07 07:54:35'),(5, 0.843, '2026-03-07 06:54:35'),(5, 0.864, '2026-03-07 05:54:35'),(5, 0.852, '2026-03-07 04:54:35'),(5, 0.868, '2026-03-07 03:54:35'),(5, 0.889, '2026-03-07 02:54:35'),(5, 0.872, '2026-03-07 01:54:35'),(5, 0.864, '2026-03-07 00:54:35'),(5, 0.851, '2026-03-06 23:54:35'),(5, 0.873, '2026-03-06 22:54:35'),(5, 0.89, '2026-03-06 21:54:35'),(5, 0.869, '2026-03-06 20:54:35'),(5, 0.878, '2026-03-06 19:54:35'),(5, 0.878, '2026-03-06 18:54:35'),(5, 0.877, '2026-03-06 17:54:35'),(5, 0.853, '2026-03-06 16:54:35'),(5, 0.849, '2026-03-06 15:54:35'),(5, 0.866, '2026-03-06 14:54:35'),(5, 0.898, '2026-03-06 13:54:35'),(5, 0.87, '2026-03-06 12:54:35'),(5, 0.897, '2026-03-06 11:54:35'),(5, 0.931, '2026-03-06 10:54:35'),(5, 0.937, '2026-03-06 09:54:35'),(5, 0.947, '2026-03-06 08:54:35'),(5, 0.974, '2026-03-06 07:54:35'),(5, 0.962, '2026-03-06 06:54:35'),(5, 0.982, '2026-03-06 05:54:35'),(5, 0.978, '2026-03-06 04:54:35'),(5, 0.993, '2026-03-06 03:54:35'),(5, 0.998, '2026-03-06 02:54:35'),(5, 1.023, '2026-03-06 01:54:35'),(5, 1.057, '2026-03-06 00:54:35'),(5, 1.091, '2026-03-05 23:54:35'),(5, 1.084, '2026-03-05 22:54:35'),(5, 1.101, '2026-03-05 21:54:35'),(5, 1.13, '2026-03-05 20:54:35'),(5, 1.152, '2026-03-05 19:54:35'),(5, 1.182, '2026-03-05 18:54:35'),(5, 1.172, '2026-03-05 17:54:35'),(5, 1.149, '2026-03-05 16:54:35'),(5, 1.12, '2026-03-05 15:54:35'),(5, 1.153, '2026-03-05 14:54:35'),(5, 1.153, '2026-03-05 13:54:35'),(5, 1.163, '2026-03-05 12:54:35'),(5, 1.152, '2026-03-05 11:54:35'),(5, 1.173, '2026-03-05 10:54:35'),(5, 1.159, '2026-03-05 09:54:35'),(5, 1.19, '2026-03-05 08:54:35'),(5, 1.21, '2026-03-05 07:54:35'),(5, 1.206, '2026-03-05 06:54:35'),(5, 1.232, '2026-03-05 05:54:35'),(5, 1.237, '2026-03-05 04:54:35'),(5, 1.268, '2026-03-05 03:54:35'),(5, 1.265, '2026-03-05 02:54:35'),(5, 1.255, '2026-03-05 01:54:35'),(5, 1.275, '2026-03-05 00:54:35'),(5, 1.256, '2026-03-04 23:54:35'),(5, 1.284, '2026-03-04 22:54:35'),(5, 1.306, '2026-03-04 21:54:35'),(5, 1.277, '2026-03-04 20:54:35'),(5, 1.301, '2026-03-04 19:54:35'),(5, 1.306, '2026-03-04 18:54:35'),(5, 1.32, '2026-03-04 17:54:35'),(5, 1.306, '2026-03-04 16:54:35'),(5, 1.303, '2026-03-04 15:54:35'),(5, 1.338, '2026-03-04 14:54:35'),(5, 1.322, '2026-03-04 13:54:35'),(5, 1.319, '2026-03-04 12:54:35'),(5, 1.321, '2026-03-04 11:54:35'),(5, 1.292, '2026-03-04 10:54:35'),(5, 1.312, '2026-03-04 09:54:35'),(5, 1.282, '2026-03-04 08:54:35'),(5, 1.266, '2026-03-04 07:54:35'),(5, 1.288, '2026-03-04 06:54:35'),(5, 1.31, '2026-03-04 05:54:35'),(5, 1.333, '2026-03-04 04:54:35'),(5, 1.306, '2026-03-04 03:54:35'),(5, 1.322, '2026-03-04 02:54:35'),(5, 1.336, '2026-03-04 01:54:35'),(5, 1.326, '2026-03-04 00:54:35'),(5, 1.355, '2026-03-03 23:54:35'),(5, 1.338, '2026-03-03 22:54:35'),(5, 1.352, '2026-03-03 21:54:35'),(5, 1.333, '2026-03-03 20:54:35'),(5, 1.305, '2026-03-03 19:54:35'),(5, 1.338, '2026-03-03 18:54:35'),(5, 1.37, '2026-03-03 17:54:35'),(5, 1.396, '2026-03-03 16:54:35'),(5, 1.372, '2026-03-03 15:54:35'),(5, 1.382, '2026-03-03 14:54:35'),(5, 1.362, '2026-03-03 13:54:35'),(5, 1.395, '2026-03-03 12:54:35'),(5, 1.388, '2026-03-03 11:54:35'),(5, 1.402, '2026-03-03 10:54:35'),(5, 1.401, '2026-03-03 09:54:35'),(5, 1.42, '2026-03-03 08:54:35'),(5, 1.433, '2026-03-03 07:54:35'),(5, 1.446, '2026-03-03 06:54:35'),(5, 1.436, '2026-03-03 05:54:35'),(5, 1.422, '2026-03-03 04:54:35'),(5, 1.442, '2026-03-03 03:54:35'),(5, 1.474, '2026-03-03 02:54:35'),(5, 1.447, '2026-03-03 01:54:35'),(5, 1.426, '2026-03-03 00:54:35'),(5, 1.417, '2026-03-02 23:54:35'),(5, 1.391, '2026-03-02 22:54:35'),(5, 1.399, '2026-03-02 21:54:35'),(5, 1.421, '2026-03-02 20:54:35'),(5, 1.422, '2026-03-02 19:54:35'),(5, 1.441, '2026-03-02 18:54:35'),(5, 1.423, '2026-03-02 17:54:35'),(5, 1.453, '2026-03-02 16:54:35'),(5, 1.442, '2026-03-02 15:54:35'),(5, 1.421, '2026-03-02 14:54:35'),(5, 1.447, '2026-03-02 13:54:35'),(5, 1.439, '2026-03-02 12:54:35'),(5, 1.438, '2026-03-02 11:54:35'),(5, 1.425, '2026-03-02 10:54:35'),(5, 1.432, '2026-03-02 09:54:35'),(5, 1.425, '2026-03-02 08:54:35'),(5, 1.412, '2026-03-02 07:54:35'),(5, 1.426, '2026-03-02 06:54:35'),(5, 1.443, '2026-03-02 05:54:35'),(5, 1.431, '2026-03-02 04:54:35'),(5, 1.451, '2026-03-02 03:54:35'),(5, 1.441, '2026-03-02 02:54:35'),(5, 1.452, '2026-03-02 01:54:35'),(5, 1.445, '2026-03-02 00:54:35'),(5, 1.456, '2026-03-01 23:54:35'),(5, 1.475, '2026-03-01 22:54:35'),(5, 1.482, '2026-03-01 21:54:35'),(5, 1.488, '2026-03-01 20:54:35'),(5, 1.507, '2026-03-01 19:54:35'),(5, 1.517, '2026-03-01 18:54:35'),(5, 1.499, '2026-03-01 17:54:35'),(5, 1.5, '2026-03-01 16:54:35'),(5, 1.535, '2026-03-01 15:54:35'),(5, 1.561, '2026-03-01 14:54:35'),(5, 1.578, '2026-03-01 13:54:35');
INSERT INTO mining_sensors (id, type_id, name, lat, lng, status, current_value) VALUES (6, 2, 'Inclinómetro 03', -17.245632945802893, -70.61599702801794, 'active', 0.0);
INSERT INTO mining_sensor_history (sensor_id, value, timestamp) VALUES (6, 0.02, '2026-03-16 12:54:35'),(6, 0.042, '2026-03-16 11:54:35'),(6, 0.071, '2026-03-16 10:54:35'),(6, 0.104, '2026-03-16 09:54:35'),(6, 0.099, '2026-03-16 08:54:35'),(6, 0.113, '2026-03-16 07:54:35'),(6, 0.099, '2026-03-16 06:54:35'),(6, 0.112, '2026-03-16 05:54:35'),(6, 0.135, '2026-03-16 04:54:35'),(6, 0.163, '2026-03-16 03:54:35'),(6, 0.19, '2026-03-16 02:54:35'),(6, 0.182, '2026-03-16 01:54:35'),(6, 0.21, '2026-03-16 00:54:35'),(6, 0.223, '2026-03-15 23:54:35'),(6, 0.208, '2026-03-15 22:54:35'),(6, 0.242, '2026-03-15 21:54:35'),(6, 0.27, '2026-03-15 20:54:35'),(6, 0.269, '2026-03-15 19:54:35'),(6, 0.294, '2026-03-15 18:54:35'),(6, 0.29, '2026-03-15 17:54:35'),(6, 0.307, '2026-03-15 16:54:35'),(6, 0.288, '2026-03-15 15:54:35'),(6, 0.308, '2026-03-15 14:54:35'),(6, 0.314, '2026-03-15 13:54:35'),(6, 0.3, '2026-03-15 12:54:35'),(6, 0.293, '2026-03-15 11:54:35'),(6, 0.297, '2026-03-15 10:54:35'),(6, 0.318, '2026-03-15 09:54:35'),(6, 0.31, '2026-03-15 08:54:35'),(6, 0.296, '2026-03-15 07:54:35'),(6, 0.267, '2026-03-15 06:54:35'),(6, 0.273, '2026-03-15 05:54:35'),(6, 0.264, '2026-03-15 04:54:35'),(6, 0.237, '2026-03-15 03:54:35'),(6, 0.257, '2026-03-15 02:54:35'),(6, 0.254, '2026-03-15 01:54:35'),(6, 0.257, '2026-03-15 00:54:35'),(6, 0.263, '2026-03-14 23:54:35'),(6, 0.25, '2026-03-14 22:54:35'),(6, 0.249, '2026-03-14 21:54:35'),(6, 0.237, '2026-03-14 20:54:35'),(6, 0.212, '2026-03-14 19:54:35'),(6, 0.198, '2026-03-14 18:54:35'),(6, 0.207, '2026-03-14 17:54:35'),(6, 0.235, '2026-03-14 16:54:35'),(6, 0.229, '2026-03-14 15:54:35'),(6, 0.21, '2026-03-14 14:54:35'),(6, 0.209, '2026-03-14 13:54:35'),(6, 0.199, '2026-03-14 12:54:35'),(6, 0.187, '2026-03-14 11:54:35'),(6, 0.208, '2026-03-14 10:54:35'),(6, 0.218, '2026-03-14 09:54:35'),(6, 0.213, '2026-03-14 08:54:35'),(6, 0.213, '2026-03-14 07:54:35'),(6, 0.189, '2026-03-14 06:54:35'),(6, 0.198, '2026-03-14 05:54:35'),(6, 0.21, '2026-03-14 04:54:35'),(6, 0.182, '2026-03-14 03:54:35'),(6, 0.174, '2026-03-14 02:54:35'),(6, 0.174, '2026-03-14 01:54:35'),(6, 0.154, '2026-03-14 00:54:35'),(6, 0.158, '2026-03-13 23:54:35'),(6, 0.077, '2026-03-13 22:54:35'),(6, 0.179, '2026-03-13 21:54:35'),(6, 0.192, '2026-03-13 20:54:35'),(6, 0.204, '2026-03-13 19:54:35'),(6, 0.204, '2026-03-13 18:54:35'),(6, 0.209, '2026-03-13 17:54:35'),(6, 0.182, '2026-03-13 16:54:35'),(6, 0.193, '2026-03-13 15:54:35'),(6, 0.195, '2026-03-13 14:54:35'),(6, 0.223, '2026-03-13 13:54:35'),(6, 0.25, '2026-03-13 12:54:35'),(6, 0.254, '2026-03-13 11:54:35'),(6, 0.256, '2026-03-13 10:54:35'),(6, 0.258, '2026-03-13 09:54:35'),(6, 0.28, '2026-03-13 08:54:35'),(6, 0.294, '2026-03-13 07:54:35'),(6, 0.31, '2026-03-13 06:54:35'),(6, 0.323, '2026-03-13 05:54:35'),(6, 0.336, '2026-03-13 04:54:35'),(6, 0.362, '2026-03-13 03:54:35'),(6, 0.366, '2026-03-13 02:54:35'),(6, 0.389, '2026-03-13 01:54:35'),(6, 0.4, '2026-03-13 00:54:35'),(6, 0.426, '2026-03-12 23:54:35'),(6, 0.429, '2026-03-12 22:54:35'),(6, 0.451, '2026-03-12 21:54:35'),(6, 0.471, '2026-03-12 20:54:35'),(6, 0.461, '2026-03-12 19:54:35'),(6, 0.466, '2026-03-12 18:54:35'),(6, 0.466, '2026-03-12 17:54:35'),(6, 0.462, '2026-03-12 16:54:35'),(6, 0.495, '2026-03-12 15:54:35'),(6, 0.486, '2026-03-12 14:54:35'),(6, 0.484, '2026-03-12 13:54:35'),(6, 0.5, '2026-03-12 12:54:35'),(6, 0.514, '2026-03-12 11:54:35'),(6, 0.535, '2026-03-12 10:54:35'),(6, 0.531, '2026-03-12 09:54:35'),(6, 0.535, '2026-03-12 08:54:35'),(6, 0.567, '2026-03-12 07:54:35'),(6, 0.561, '2026-03-12 06:54:35'),(6, 0.534, '2026-03-12 05:54:35'),(6, 0.782, '2026-03-12 04:54:35'),(6, 0.527, '2026-03-12 03:54:35'),(6, 0.541, '2026-03-12 02:54:35'),(6, 0.53, '2026-03-12 01:54:35'),(6, 0.523, '2026-03-12 00:54:35'),(6, 0.534, '2026-03-11 23:54:35'),(6, 0.536, '2026-03-11 22:54:35'),(6, 0.556, '2026-03-11 21:54:35'),(6, 0.547, '2026-03-11 20:54:35'),(6, 0.562, '2026-03-11 19:54:35'),(6, 0.562, '2026-03-11 18:54:35'),(6, 0.59, '2026-03-11 17:54:35'),(6, 0.608, '2026-03-11 16:54:35'),(6, 0.615, '2026-03-11 15:54:35'),(6, 0.608, '2026-03-11 14:54:35'),(6, 0.627, '2026-03-11 13:54:35'),(6, 0.652, '2026-03-11 12:54:35'),(6, 0.673, '2026-03-11 11:54:35'),(6, 0.684, '2026-03-11 10:54:35'),(6, 0.654, '2026-03-11 09:54:35'),(6, 0.668, '2026-03-11 08:54:35'),(6, 0.65, '2026-03-11 07:54:35'),(6, 0.64, '2026-03-11 06:54:35'),(6, 0.662, '2026-03-11 05:54:35'),(6, 0.675, '2026-03-11 04:54:35'),(6, 0.7, '2026-03-11 03:54:35'),(6, 0.719, '2026-03-11 02:54:35'),(6, 0.724, '2026-03-11 01:54:35'),(6, 0.726, '2026-03-11 00:54:35'),(6, 0.724, '2026-03-10 23:54:35'),(6, 0.728, '2026-03-10 22:54:35'),(6, 0.713, '2026-03-10 21:54:35'),(6, 0.697, '2026-03-10 20:54:35'),(6, 0.719, '2026-03-10 19:54:35'),(6, 0.716, '2026-03-10 18:54:35'),(6, 0.75, '2026-03-10 17:54:35'),(6, 0.744, '2026-03-10 16:54:35'),(6, 0.772, '2026-03-10 15:54:35'),(6, 0.766, '2026-03-10 14:54:35'),(6, 0.773, '2026-03-10 13:54:35'),(6, 0.805, '2026-03-10 12:54:35'),(6, 0.819, '2026-03-10 11:54:35'),(6, 0.822, '2026-03-10 10:54:35'),(6, 0.846, '2026-03-10 09:54:35'),(6, 0.835, '2026-03-10 08:54:35'),(6, 0.837, '2026-03-10 07:54:35'),(6, 0.816, '2026-03-10 06:54:35'),(6, 0.838, '2026-03-10 05:54:35'),(6, 0.833, '2026-03-10 04:54:35'),(6, 0.822, '2026-03-10 03:54:35'),(6, 0.842, '2026-03-10 02:54:35'),(6, 0.833, '2026-03-10 01:54:35'),(6, 0.851, '2026-03-10 00:54:35'),(6, 0.832, '2026-03-09 23:54:35'),(6, 0.858, '2026-03-09 22:54:35'),(6, 0.868, '2026-03-09 21:54:35'),(6, 0.839, '2026-03-09 20:54:35'),(6, 0.849, '2026-03-09 19:54:35'),(6, 0.846, '2026-03-09 18:54:35'),(6, 0.847, '2026-03-09 17:54:35'),(6, 0.854, '2026-03-09 16:54:35'),(6, 0.851, '2026-03-09 15:54:35'),(6, 0.88, '2026-03-09 14:54:35'),(6, 0.912, '2026-03-09 13:54:35'),(6, 0.898, '2026-03-09 12:54:35'),(6, 0.91, '2026-03-09 11:54:35'),(6, 0.924, '2026-03-09 10:54:35'),(6, 0.936, '2026-03-09 09:54:35'),(6, 0.926, '2026-03-09 08:54:35'),(6, 0.94, '2026-03-09 07:54:35'),(6, 0.936, '2026-03-09 06:54:35'),(6, 0.956, '2026-03-09 05:54:35'),(6, 0.971, '2026-03-09 04:54:35'),(6, 0.998, '2026-03-09 03:54:35'),(6, 1.027, '2026-03-09 02:54:35'),(6, 1.016, '2026-03-09 01:54:35'),(6, 1.023, '2026-03-09 00:54:35'),(6, 1.051, '2026-03-08 23:54:35'),(6, 1.064, '2026-03-08 22:54:35'),(6, 1.077, '2026-03-08 21:54:35'),(6, 1.073, '2026-03-08 20:54:35'),(6, 1.083, '2026-03-08 19:54:35'),(6, 1.116, '2026-03-08 18:54:35'),(6, 1.125, '2026-03-08 17:54:35'),(6, 1.133, '2026-03-08 16:54:35'),(6, 1.144, '2026-03-08 15:54:35'),(6, 1.148, '2026-03-08 14:54:35'),(6, 1.159, '2026-03-08 13:54:35'),(6, 1.152, '2026-03-08 12:54:35'),(6, 1.145, '2026-03-08 11:54:35'),(6, 1.166, '2026-03-08 10:54:35'),(6, 1.149, '2026-03-08 09:54:35'),(6, 1.128, '2026-03-08 08:54:35'),(6, 1.111, '2026-03-08 07:54:35'),(6, 1.128, '2026-03-08 06:54:35'),(6, 1.155, '2026-03-08 05:54:35'),(6, 1.175, '2026-03-08 04:54:35'),(6, 1.181, '2026-03-08 03:54:35'),(6, 1.189, '2026-03-08 02:54:35'),(6, 1.172, '2026-03-08 01:54:35'),(6, 1.192, '2026-03-08 00:54:35'),(6, 1.199, '2026-03-07 23:54:35'),(6, 1.221, '2026-03-07 22:54:35'),(6, 1.252, '2026-03-07 21:54:35'),(6, 1.247, '2026-03-07 20:54:35'),(6, 1.251, '2026-03-07 19:54:35'),(6, 1.232, '2026-03-07 18:54:35'),(6, 1.231, '2026-03-07 17:54:35'),(6, 1.246, '2026-03-07 16:54:35'),(6, 1.228, '2026-03-07 15:54:35'),(6, 1.244, '2026-03-07 14:54:35'),(6, 1.234, '2026-03-07 13:54:35'),(6, 1.226, '2026-03-07 12:54:35'),(6, 1.221, '2026-03-07 11:54:35'),(6, 1.252, '2026-03-07 10:54:35'),(6, 1.281, '2026-03-07 09:54:35'),(6, 1.254, '2026-03-07 08:54:35'),(6, 1.271, '2026-03-07 07:54:35'),(6, 1.27, '2026-03-07 06:54:35'),(6, 1.28, '2026-03-07 05:54:35'),(6, 1.293, '2026-03-07 04:54:35'),(6, 1.291, '2026-03-07 03:54:35'),(6, 1.28, '2026-03-07 02:54:35'),(6, 1.31, '2026-03-07 01:54:35'),(6, 1.299, '2026-03-07 00:54:35'),(6, 1.332, '2026-03-06 23:54:35'),(6, 1.309, '2026-03-06 22:54:35'),(6, 1.28, '2026-03-06 21:54:35'),(6, 1.256, '2026-03-06 20:54:35'),(6, 1.258, '2026-03-06 19:54:35'),(6, 1.247, '2026-03-06 18:54:35'),(6, 1.24, '2026-03-06 17:54:35'),(6, 1.23, '2026-03-06 16:54:35'),(6, 1.209, '2026-03-06 15:54:35'),(6, 1.234, '2026-03-06 14:54:35'),(6, 1.219, '2026-03-06 13:54:35'),(6, 1.245, '2026-03-06 12:54:35'),(6, 1.261, '2026-03-06 11:54:35'),(6, 1.284, '2026-03-06 10:54:35'),(6, 1.277, '2026-03-06 09:54:35'),(6, 1.293, '2026-03-06 08:54:35'),(6, 1.311, '2026-03-06 07:54:35'),(6, 1.331, '2026-03-06 06:54:35'),(6, 1.333, '2026-03-06 05:54:35'),(6, 1.351, '2026-03-06 04:54:35'),(6, 1.369, '2026-03-06 03:54:35'),(6, 1.374, '2026-03-06 02:54:35'),(6, 1.407, '2026-03-06 01:54:35'),(6, 1.384, '2026-03-06 00:54:35'),(6, 1.367, '2026-03-05 23:54:35'),(6, 1.351, '2026-03-05 22:54:35'),(6, 1.369, '2026-03-05 21:54:35'),(6, 1.341, '2026-03-05 20:54:35'),(6, 1.36, '2026-03-05 19:54:35'),(6, 1.369, '2026-03-05 18:54:35'),(6, 1.378, '2026-03-05 17:54:35'),(6, 1.393, '2026-03-05 16:54:35'),(6, 1.404, '2026-03-05 15:54:35'),(6, 1.397, '2026-03-05 14:54:35'),(6, 1.419, '2026-03-05 13:54:35'),(6, 1.414, '2026-03-05 12:54:35'),(6, 1.412, '2026-03-05 11:54:35'),(6, 1.41, '2026-03-05 10:54:35'),(6, 1.392, '2026-03-05 09:54:35'),(6, 1.4, '2026-03-05 08:54:35'),(6, 1.416, '2026-03-05 07:54:35'),(6, 1.409, '2026-03-05 06:54:35'),(6, 1.43, '2026-03-05 05:54:35'),(6, 1.449, '2026-03-05 04:54:35'),(6, 1.468, '2026-03-05 03:54:35'),(6, 1.45, '2026-03-05 02:54:35'),(6, 1.453, '2026-03-05 01:54:35'),(6, 1.445, '2026-03-05 00:54:35'),(6, 1.445, '2026-03-04 23:54:35'),(6, 1.448, '2026-03-04 22:54:35'),(6, 1.465, '2026-03-04 21:54:35'),(6, 1.486, '2026-03-04 20:54:35'),(6, 1.473, '2026-03-04 19:54:35'),(6, 1.452, '2026-03-04 18:54:35'),(6, 1.484, '2026-03-04 17:54:35'),(6, 1.488, '2026-03-04 16:54:35'),(6, 1.515, '2026-03-04 15:54:35'),(6, 1.489, '2026-03-04 14:54:35'),(6, 1.482, '2026-03-04 13:54:35'),(6, 1.502, '2026-03-04 12:54:35'),(6, 1.473, '2026-03-04 11:54:35'),(6, 1.48, '2026-03-04 10:54:35'),(6, 1.477, '2026-03-04 09:54:35'),(6, 1.472, '2026-03-04 08:54:35'),(6, 1.445, '2026-03-04 07:54:35'),(6, 1.429, '2026-03-04 06:54:35'),(6, 1.43, '2026-03-04 05:54:35'),(6, 1.465, '2026-03-04 04:54:35'),(6, 1.498, '2026-03-04 03:54:35'),(6, 1.515, '2026-03-04 02:54:35'),(6, 1.49, '2026-03-04 01:54:35'),(6, 1.518, '2026-03-04 00:54:35'),(6, 1.512, '2026-03-03 23:54:35'),(6, 1.497, '2026-03-03 22:54:35'),(6, 1.517, '2026-03-03 21:54:35'),(6, 1.545, '2026-03-03 20:54:35'),(6, 1.548, '2026-03-03 19:54:35'),(6, 1.567, '2026-03-03 18:54:35'),(6, 1.56, '2026-03-03 17:54:35'),(6, 1.564, '2026-03-03 16:54:35'),(6, 1.582, '2026-03-03 15:54:35'),(6, 1.584, '2026-03-03 14:54:35'),(6, 1.582, '2026-03-03 13:54:35'),(6, 1.613, '2026-03-03 12:54:35'),(6, 1.604, '2026-03-03 11:54:35'),(6, 1.631, '2026-03-03 10:54:35'),(6, 1.636, '2026-03-03 09:54:35'),(6, 1.609, '2026-03-03 08:54:35'),(6, 1.613, '2026-03-03 07:54:35'),(6, 1.613, '2026-03-03 06:54:35'),(6, 1.601, '2026-03-03 05:54:35'),(6, 1.593, '2026-03-03 04:54:35'),(6, 1.604, '2026-03-03 03:54:35'),(6, 1.597, '2026-03-03 02:54:35'),(6, 1.6, '2026-03-03 01:54:35'),(6, 1.574, '2026-03-03 00:54:35'),(6, 1.566, '2026-03-02 23:54:35'),(6, 1.591, '2026-03-02 22:54:35'),(6, 1.612, '2026-03-02 21:54:35'),(6, 1.604, '2026-03-02 20:54:35'),(6, 1.579, '2026-03-02 19:54:35'),(6, 1.605, '2026-03-02 18:54:35'),(6, 1.618, '2026-03-02 17:54:35'),(6, 1.613, '2026-03-02 16:54:35'),(6, 1.601, '2026-03-02 15:54:35'),(6, 1.588, '2026-03-02 14:54:35'),(6, 1.588, '2026-03-02 13:54:35'),(6, 1.58, '2026-03-02 12:54:35'),(6, 1.589, '2026-03-02 11:54:35'),(6, 1.581, '2026-03-02 10:54:35'),(6, 1.57, '2026-03-02 09:54:35'),(6, 1.596, '2026-03-02 08:54:35'),(6, 1.595, '2026-03-02 07:54:35'),(6, 1.591, '2026-03-02 06:54:35'),(6, 1.565, '2026-03-02 05:54:35'),(6, 1.592, '2026-03-02 04:54:35'),(6, 1.599, '2026-03-02 03:54:35'),(6, 1.629, '2026-03-02 02:54:35'),(6, 1.649, '2026-03-02 01:54:35'),(6, 1.681, '2026-03-02 00:54:35'),(6, 1.689, '2026-03-01 23:54:35'),(6, 1.713, '2026-03-01 22:54:35'),(6, 1.735, '2026-03-01 21:54:35'),(6, 1.732, '2026-03-01 20:54:35'),(6, 1.733, '2026-03-01 19:54:35'),(6, 1.749, '2026-03-01 18:54:35'),(6, 1.74, '2026-03-01 17:54:35'),(6, 1.769, '2026-03-01 16:54:35'),(6, 1.753, '2026-03-01 15:54:35'),(6, 1.78, '2026-03-01 14:54:35'),(6, 1.75, '2026-03-01 13:54:35');
INSERT INTO mining_sensors (id, type_id, name, lat, lng, status, current_value) VALUES (7, 3, 'Extensómetro 01', -17.245893096299536, -70.61250702038905, 'active', 50.0);
INSERT INTO mining_sensor_history (sensor_id, value, timestamp) VALUES (7, 49.987, '2026-03-16 12:54:35'),(7, 49.973, '2026-03-16 11:54:35'),(7, 49.944, '2026-03-16 10:54:35'),(7, 49.968, '2026-03-16 09:54:35'),(7, 50.001, '2026-03-16 08:54:35'),(7, 49.991, '2026-03-16 07:54:35'),(7, 50.01, '2026-03-16 06:54:35'),(7, 50.027, '2026-03-16 05:54:35'),(7, 50.018, '2026-03-16 04:54:35'),(7, 50.036, '2026-03-16 03:54:35'),(7, 50.047, '2026-03-16 02:54:35'),(7, 50.037, '2026-03-16 01:54:35'),(7, 50.032, '2026-03-16 00:54:35'),(7, 50.054, '2026-03-15 23:54:35'),(7, 50.046, '2026-03-15 22:54:35'),(7, 50.081, '2026-03-15 21:54:35'),(7, 50.051, '2026-03-15 20:54:35'),(7, 50.04, '2026-03-15 19:54:35'),(7, 50.047, '2026-03-15 18:54:35'),(7, 50.082, '2026-03-15 17:54:35'),(7, 50.059, '2026-03-15 16:54:35'),(7, 50.077, '2026-03-15 15:54:35'),(7, 50.047, '2026-03-15 14:54:35'),(7, 50.028, '2026-03-15 13:54:35'),(7, 50.015, '2026-03-15 12:54:35'),(7, 50.016, '2026-03-15 11:54:35'),(7, 50.005, '2026-03-15 10:54:35'),(7, 50.026, '2026-03-15 09:54:35'),(7, 50.026, '2026-03-15 08:54:35'),(7, 50.021, '2026-03-15 07:54:35'),(7, 50.052, '2026-03-15 06:54:35'),(7, 50.041, '2026-03-15 05:54:35'),(7, 50.053, '2026-03-15 04:54:35'),(7, 50.065, '2026-03-15 03:54:35'),(7, 50.085, '2026-03-15 02:54:35'),(7, 50.08, '2026-03-15 01:54:35'),(7, 50.112, '2026-03-15 00:54:35'),(7, 50.102, '2026-03-14 23:54:35'),(7, 50.133, '2026-03-14 22:54:35'),(7, 50.128, '2026-03-14 21:54:35'),(7, 50.143, '2026-03-14 20:54:35'),(7, 50.157, '2026-03-14 19:54:35'),(7, 50.135, '2026-03-14 18:54:35'),(7, 50.113, '2026-03-14 17:54:35'),(7, 50.109, '2026-03-14 16:54:35'),(7, 50.14, '2026-03-14 15:54:35'),(7, 50.136, '2026-03-14 14:54:35'),(7, 50.162, '2026-03-14 13:54:35'),(7, 50.187, '2026-03-14 12:54:35'),(7, 50.201, '2026-03-14 11:54:35'),(7, 50.209, '2026-03-14 10:54:35'),(7, 50.213, '2026-03-14 09:54:35'),(7, 50.203, '2026-03-14 08:54:35'),(7, 50.221, '2026-03-14 07:54:35'),(7, 50.255, '2026-03-14 06:54:35'),(7, 50.249, '2026-03-14 05:54:35'),(7, 50.251, '2026-03-14 04:54:35'),(7, 50.239, '2026-03-14 03:54:35'),(7, 50.249, '2026-03-14 02:54:35'),(7, 50.255, '2026-03-14 01:54:35'),(7, 50.255, '2026-03-14 00:54:35'),(7, 50.243, '2026-03-13 23:54:35'),(7, 50.214, '2026-03-13 22:54:35'),(7, 50.188, '2026-03-13 21:54:35'),(7, 50.199, '2026-03-13 20:54:35'),(7, 50.222, '2026-03-13 19:54:35'),(7, 50.221, '2026-03-13 18:54:35'),(7, 50.217, '2026-03-13 17:54:35'),(7, 50.246, '2026-03-13 16:54:35'),(7, 50.261, '2026-03-13 15:54:35'),(7, 50.251, '2026-03-13 14:54:35'),(7, 50.286, '2026-03-13 13:54:35'),(7, 50.273, '2026-03-13 12:54:35'),(7, 50.306, '2026-03-13 11:54:35'),(7, 50.277, '2026-03-13 10:54:35'),(7, 50.267, '2026-03-13 09:54:35'),(7, 50.271, '2026-03-13 08:54:35'),(7, 50.293, '2026-03-13 07:54:35'),(7, 50.311, '2026-03-13 06:54:35'),(7, 50.282, '2026-03-13 05:54:35'),(7, 50.276, '2026-03-13 04:54:35'),(7, 50.284, '2026-03-13 03:54:35'),(7, 50.267, '2026-03-13 02:54:35'),(7, 50.289, '2026-03-13 01:54:35'),(7, 50.287, '2026-03-13 00:54:35'),(7, 50.315, '2026-03-12 23:54:35'),(7, 50.328, '2026-03-12 22:54:35'),(7, 50.313, '2026-03-12 21:54:35'),(7, 50.338, '2026-03-12 20:54:35'),(7, 50.366, '2026-03-12 19:54:35'),(7, 50.385, '2026-03-12 18:54:35'),(7, 50.383, '2026-03-12 17:54:35'),(7, 50.364, '2026-03-12 16:54:35'),(7, 50.383, '2026-03-12 15:54:35'),(7, 50.391, '2026-03-12 14:54:35'),(7, 50.423, '2026-03-12 13:54:35'),(7, 50.45, '2026-03-12 12:54:35'),(7, 50.46, '2026-03-12 11:54:35'),(7, 50.44, '2026-03-12 10:54:35'),(7, 50.43, '2026-03-12 09:54:35'),(7, 50.445, '2026-03-12 08:54:35'),(7, 50.436, '2026-03-12 07:54:35'),(7, 50.462, '2026-03-12 06:54:35'),(7, 50.456, '2026-03-12 05:54:35'),(7, 50.455, '2026-03-12 04:54:35'),(7, 50.473, '2026-03-12 03:54:35'),(7, 50.473, '2026-03-12 02:54:35'),(7, 50.471, '2026-03-12 01:54:35'),(7, 50.469, '2026-03-12 00:54:35'),(7, 50.464, '2026-03-11 23:54:35'),(7, 50.444, '2026-03-11 22:54:35'),(7, 50.463, '2026-03-11 21:54:35'),(7, 50.46, '2026-03-11 20:54:35'),(7, 50.479, '2026-03-11 19:54:35'),(7, 50.498, '2026-03-11 18:54:35'),(7, 50.513, '2026-03-11 17:54:35'),(7, 50.521, '2026-03-11 16:54:35'),(7, 50.522, '2026-03-11 15:54:35'),(7, 50.557, '2026-03-11 14:54:35'),(7, 50.557, '2026-03-11 13:54:35'),(7, 50.549, '2026-03-11 12:54:35'),(7, 50.534, '2026-03-11 11:54:35'),(7, 50.565, '2026-03-11 10:54:35'),(7, 50.557, '2026-03-11 09:54:35'),(7, 50.568, '2026-03-11 08:54:35'),(7, 50.576, '2026-03-11 07:54:35'),(7, 50.586, '2026-03-11 06:54:35'),(7, 50.578, '2026-03-11 05:54:35'),(7, 50.566, '2026-03-11 04:54:35'),(7, 50.573, '2026-03-11 03:54:35'),(7, 50.575, '2026-03-11 02:54:35'),(7, 50.586, '2026-03-11 01:54:35'),(7, 50.605, '2026-03-11 00:54:35'),(7, 50.608, '2026-03-10 23:54:35'),(7, 50.61, '2026-03-10 22:54:35'),(7, 50.617, '2026-03-10 21:54:35'),(7, 50.595, '2026-03-10 20:54:35'),(7, 50.612, '2026-03-10 19:54:35'),(7, 50.595, '2026-03-10 18:54:35'),(7, 50.585, '2026-03-10 17:54:35'),(7, 50.563, '2026-03-10 16:54:35'),(7, 50.597, '2026-03-10 15:54:35'),(7, 50.608, '2026-03-10 14:54:35'),(7, 50.618, '2026-03-10 13:54:35'),(7, 50.615, '2026-03-10 12:54:35'),(7, 50.602, '2026-03-10 11:54:35'),(7, 50.624, '2026-03-10 10:54:35'),(7, 50.605, '2026-03-10 09:54:35'),(7, 50.617, '2026-03-10 08:54:35'),(7, 50.611, '2026-03-10 07:54:35'),(7, 50.6, '2026-03-10 06:54:35'),(7, 50.598, '2026-03-10 05:54:35'),(7, 25.295, '2026-03-10 04:54:35'),(7, 50.571, '2026-03-10 03:54:35'),(7, 50.579, '2026-03-10 02:54:35'),(7, 50.591, '2026-03-10 01:54:35'),(7, 50.566, '2026-03-10 00:54:35'),(7, 50.59, '2026-03-09 23:54:35'),(7, 50.61, '2026-03-09 22:54:35'),(7, 50.603, '2026-03-09 21:54:35'),(7, 50.605, '2026-03-09 20:54:35'),(7, 50.634, '2026-03-09 19:54:35'),(7, 50.642, '2026-03-09 18:54:35'),(7, 50.676, '2026-03-09 17:54:35'),(7, 50.686, '2026-03-09 16:54:35'),(7, 50.685, '2026-03-09 15:54:35'),(7, 50.707, '2026-03-09 14:54:35'),(7, 50.69, '2026-03-09 13:54:35'),(7, 50.671, '2026-03-09 12:54:35'),(7, 50.686, '2026-03-09 11:54:35'),(7, 50.689, '2026-03-09 10:54:35'),(7, 50.716, '2026-03-09 09:54:35'),(7, 50.739, '2026-03-09 08:54:35'),(7, 50.735, '2026-03-09 07:54:35'),(7, 50.754, '2026-03-09 06:54:35'),(7, 50.751, '2026-03-09 05:54:35'),(7, 50.724, '2026-03-09 04:54:35'),(7, 50.721, '2026-03-09 03:54:35'),(7, 50.731, '2026-03-09 02:54:35'),(7, 50.742, '2026-03-09 01:54:35'),(7, 50.747, '2026-03-09 00:54:35'),(7, 50.766, '2026-03-08 23:54:35'),(7, 50.741, '2026-03-08 22:54:35'),(7, 50.768, '2026-03-08 21:54:35'),(7, 50.77, '2026-03-08 20:54:35'),(7, 50.762, '2026-03-08 19:54:35'),(7, 50.788, '2026-03-08 18:54:35'),(7, 50.801, '2026-03-08 17:54:35'),(7, 50.802, '2026-03-08 16:54:35'),(7, 50.817, '2026-03-08 15:54:35'),(7, 50.829, '2026-03-08 14:54:35'),(7, 50.83, '2026-03-08 13:54:35'),(7, 50.845, '2026-03-08 12:54:35'),(7, 50.865, '2026-03-08 11:54:35'),(7, 50.882, '2026-03-08 10:54:35'),(7, 50.891, '2026-03-08 09:54:35'),(7, 50.886, '2026-03-08 08:54:35'),(7, 50.872, '2026-03-08 07:54:35'),(7, 50.853, '2026-03-08 06:54:35'),(7, 50.886, '2026-03-08 05:54:35'),(7, 50.869, '2026-03-08 04:54:35'),(7, 50.892, '2026-03-08 03:54:35'),(7, 50.91, '2026-03-08 02:54:35'),(7, 50.913, '2026-03-08 01:54:35'),(7, 50.93, '2026-03-08 00:54:35'),(7, 50.944, '2026-03-07 23:54:35'),(7, 50.948, '2026-03-07 22:54:35'),(7, 50.959, '2026-03-07 21:54:35'),(7, 50.988, '2026-03-07 20:54:35'),(7, 51.014, '2026-03-07 19:54:35'),(7, 51.025, '2026-03-07 18:54:35'),(7, 51.056, '2026-03-07 17:54:35'),(7, 51.044, '2026-03-07 16:54:35'),(7, 51.059, '2026-03-07 15:54:35'),(7, 51.078, '2026-03-07 14:54:35'),(7, 51.069, '2026-03-07 13:54:35'),(7, 51.075, '2026-03-07 12:54:35'),(7, 51.085, '2026-03-07 11:54:35'),(7, 51.12, '2026-03-07 10:54:35'),(7, 51.121, '2026-03-07 09:54:35'),(7, 51.129, '2026-03-07 08:54:35'),(7, 51.116, '2026-03-07 07:54:35'),(7, 51.11, '2026-03-07 06:54:35'),(7, 51.088, '2026-03-07 05:54:35'),(7, 51.109, '2026-03-07 04:54:35'),(7, 51.109, '2026-03-07 03:54:35'),(7, 51.085, '2026-03-07 02:54:35'),(7, 51.099, '2026-03-07 01:54:35'),(7, 51.112, '2026-03-07 00:54:35'),(7, 51.089, '2026-03-06 23:54:35'),(7, 51.101, '2026-03-06 22:54:35'),(7, 51.116, '2026-03-06 21:54:35'),(7, 51.106, '2026-03-06 20:54:35'),(7, 51.116, '2026-03-06 19:54:35'),(7, 51.1, '2026-03-06 18:54:35'),(7, 51.094, '2026-03-06 17:54:35'),(7, 51.082, '2026-03-06 16:54:35'),(7, 51.082, '2026-03-06 15:54:35'),(7, 51.088, '2026-03-06 14:54:35'),(7, 51.11, '2026-03-06 13:54:35'),(7, 51.13, '2026-03-06 12:54:35'),(7, 51.127, '2026-03-06 11:54:35'),(7, 51.159, '2026-03-06 10:54:35'),(7, 51.168, '2026-03-06 09:54:35'),(7, 51.154, '2026-03-06 08:54:35'),(7, 51.173, '2026-03-06 07:54:35'),(7, 51.167, '2026-03-06 06:54:35'),(7, 51.169, '2026-03-06 05:54:35'),(7, 51.145, '2026-03-06 04:54:35'),(7, 51.162, '2026-03-06 03:54:35'),(7, 51.134, '2026-03-06 02:54:35'),(7, 51.125, '2026-03-06 01:54:35'),(7, 51.112, '2026-03-06 00:54:35'),(7, 51.103, '2026-03-05 23:54:35'),(7, 51.075, '2026-03-05 22:54:35'),(7, 51.083, '2026-03-05 21:54:35'),(7, 51.057, '2026-03-05 20:54:35'),(7, 51.065, '2026-03-05 19:54:35'),(7, 51.054, '2026-03-05 18:54:35'),(7, 51.061, '2026-03-05 17:54:35'),(7, 51.053, '2026-03-05 16:54:35'),(7, 51.087, '2026-03-05 15:54:35'),(7, 51.095, '2026-03-05 14:54:35'),(7, 51.106, '2026-03-05 13:54:35'),(7, 51.089, '2026-03-05 12:54:35'),(7, 51.117, '2026-03-05 11:54:35'),(7, 51.095, '2026-03-05 10:54:35'),(7, 51.098, '2026-03-05 09:54:35'),(7, 51.099, '2026-03-05 08:54:35'),(7, 51.111, '2026-03-05 07:54:35'),(7, 51.107, '2026-03-05 06:54:35'),(7, 51.097, '2026-03-05 05:54:35'),(7, 51.105, '2026-03-05 04:54:35'),(7, 51.13, '2026-03-05 03:54:35'),(7, 51.127, '2026-03-05 02:54:35'),(7, 51.123, '2026-03-05 01:54:35'),(7, 51.147, '2026-03-05 00:54:35'),(7, 51.135, '2026-03-04 23:54:35'),(7, 51.144, '2026-03-04 22:54:35'),(7, 51.133, '2026-03-04 21:54:35'),(7, 51.135, '2026-03-04 20:54:35'),(7, 51.144, '2026-03-04 19:54:35'),(7, 51.144, '2026-03-04 18:54:35'),(7, 51.119, '2026-03-04 17:54:35'),(7, 51.134, '2026-03-04 16:54:35'),(7, 51.161, '2026-03-04 15:54:35'),(7, 51.183, '2026-03-04 14:54:35'),(7, 51.181, '2026-03-04 13:54:35'),(7, 51.175, '2026-03-04 12:54:35'),(7, 51.186, '2026-03-04 11:54:35'),(7, 51.183, '2026-03-04 10:54:35'),(7, 51.172, '2026-03-04 09:54:35'),(7, 51.158, '2026-03-04 08:54:35'),(7, 51.149, '2026-03-04 07:54:35'),(7, 51.171, '2026-03-04 06:54:35'),(7, 51.166, '2026-03-04 05:54:35'),(7, 51.18, '2026-03-04 04:54:35'),(7, 51.151, '2026-03-04 03:54:35'),(7, 51.161, '2026-03-04 02:54:35'),(7, 51.147, '2026-03-04 01:54:35'),(7, 51.151, '2026-03-04 00:54:35'),(7, 51.13, '2026-03-03 23:54:35'),(7, 51.146, '2026-03-03 22:54:35'),(7, 51.141, '2026-03-03 21:54:35'),(7, 51.132, '2026-03-03 20:54:35'),(7, 51.122, '2026-03-03 19:54:35'),(7, 51.148, '2026-03-03 18:54:35'),(7, 51.153, '2026-03-03 17:54:35'),(7, 51.147, '2026-03-03 16:54:35'),(7, 51.142, '2026-03-03 15:54:35'),(7, 51.155, '2026-03-03 14:54:35'),(7, 51.151, '2026-03-03 13:54:35'),(7, 51.134, '2026-03-03 12:54:35'),(7, 51.153, '2026-03-03 11:54:35'),(7, 51.15, '2026-03-03 10:54:35'),(7, 51.182, '2026-03-03 09:54:35'),(7, 51.189, '2026-03-03 08:54:35'),(7, 51.173, '2026-03-03 07:54:35'),(7, 51.185, '2026-03-03 06:54:35'),(7, 51.218, '2026-03-03 05:54:35'),(7, 51.23, '2026-03-03 04:54:35'),(7, 51.253, '2026-03-03 03:54:35'),(7, 51.252, '2026-03-03 02:54:35'),(7, 51.224, '2026-03-03 01:54:35'),(7, 51.247, '2026-03-03 00:54:35'),(7, 51.255, '2026-03-02 23:54:35'),(7, 51.285, '2026-03-02 22:54:35'),(7, 51.287, '2026-03-02 21:54:35'),(7, 51.289, '2026-03-02 20:54:35'),(7, 51.261, '2026-03-02 19:54:35'),(7, 51.266, '2026-03-02 18:54:35'),(7, 51.281, '2026-03-02 17:54:35'),(7, 51.289, '2026-03-02 16:54:35'),(7, 51.311, '2026-03-02 15:54:35'),(7, 51.323, '2026-03-02 14:54:35'),(7, 51.314, '2026-03-02 13:54:35'),(7, 51.3, '2026-03-02 12:54:35'),(7, 51.286, '2026-03-02 11:54:35'),(7, 51.318, '2026-03-02 10:54:35'),(7, 51.332, '2026-03-02 09:54:35'),(7, 51.317, '2026-03-02 08:54:35'),(7, 51.337, '2026-03-02 07:54:35'),(7, 51.366, '2026-03-02 06:54:35'),(7, 51.381, '2026-03-02 05:54:35'),(7, 51.368, '2026-03-02 04:54:35'),(7, 51.396, '2026-03-02 03:54:35'),(7, 51.414, '2026-03-02 02:54:35'),(7, 51.404, '2026-03-02 01:54:35'),(7, 51.409, '2026-03-02 00:54:35'),(7, 51.385, '2026-03-01 23:54:35'),(7, 51.388, '2026-03-01 22:54:35'),(7, 51.381, '2026-03-01 21:54:35'),(7, 51.375, '2026-03-01 20:54:35'),(7, 51.38, '2026-03-01 19:54:35'),(7, 51.411, '2026-03-01 18:54:35'),(7, 51.398, '2026-03-01 17:54:35'),(7, 51.417, '2026-03-01 16:54:35'),(7, 51.416, '2026-03-01 15:54:35'),(7, 51.409, '2026-03-01 14:54:35'),(7, 51.395, '2026-03-01 13:54:35');
INSERT INTO mining_sensors (id, type_id, name, lat, lng, status, current_value) VALUES (8, 3, 'Extensómetro 02', -17.24828069194937, -70.60982194451401, 'active', 50.0);
INSERT INTO mining_sensor_history (sensor_id, value, timestamp) VALUES (8, 49.987, '2026-03-16 12:54:35'),(8, 50.0, '2026-03-16 11:54:35'),(8, 50.0, '2026-03-16 10:54:35'),(8, 50.022, '2026-03-16 09:54:35'),(8, 50.041, '2026-03-16 08:54:35'),(8, 50.022, '2026-03-16 07:54:35'),(8, 50.034, '2026-03-16 06:54:35'),(8, 50.041, '2026-03-16 05:54:35'),(8, 50.044, '2026-03-16 04:54:35'),(8, 50.064, '2026-03-16 03:54:35'),(8, 50.09, '2026-03-16 02:54:35'),(8, 50.107, '2026-03-16 01:54:35'),(8, 50.134, '2026-03-16 00:54:35'),(8, 50.159, '2026-03-15 23:54:35'),(8, 50.162, '2026-03-15 22:54:35'),(8, 50.145, '2026-03-15 21:54:35'),(8, 50.124, '2026-03-15 20:54:35'),(8, 50.159, '2026-03-15 19:54:35'),(8, 50.137, '2026-03-15 18:54:35'),(8, 50.147, '2026-03-15 17:54:35'),(8, 50.139, '2026-03-15 16:54:35'),(8, 50.118, '2026-03-15 15:54:35'),(8, 50.12, '2026-03-15 14:54:35'),(8, 50.151, '2026-03-15 13:54:35'),(8, 50.177, '2026-03-15 12:54:35'),(8, 50.193, '2026-03-15 11:54:35'),(8, 50.208, '2026-03-15 10:54:35'),(8, 50.237, '2026-03-15 09:54:35'),(8, 50.261, '2026-03-15 08:54:35'),(8, 50.247, '2026-03-15 07:54:35'),(8, 50.223, '2026-03-15 06:54:35'),(8, 50.195, '2026-03-15 05:54:35'),(8, 50.194, '2026-03-15 04:54:35'),(8, 50.203, '2026-03-15 03:54:35'),(8, 50.181, '2026-03-15 02:54:35'),(8, 50.189, '2026-03-15 01:54:35'),(8, 50.173, '2026-03-15 00:54:35'),(8, 50.162, '2026-03-14 23:54:35'),(8, 50.157, '2026-03-14 22:54:35'),(8, 50.148, '2026-03-14 21:54:35'),(8, 50.182, '2026-03-14 20:54:35'),(8, 50.167, '2026-03-14 19:54:35'),(8, 50.144, '2026-03-14 18:54:35'),(8, 50.152, '2026-03-14 17:54:35'),(8, 50.161, '2026-03-14 16:54:35'),(8, 50.178, '2026-03-14 15:54:35'),(8, 50.187, '2026-03-14 14:54:35'),(8, 50.194, '2026-03-14 13:54:35'),(8, 50.211, '2026-03-14 12:54:35'),(8, 50.182, '2026-03-14 11:54:35'),(8, 50.184, '2026-03-14 10:54:35'),(8, 50.178, '2026-03-14 09:54:35'),(8, 50.188, '2026-03-14 08:54:35'),(8, 50.194, '2026-03-14 07:54:35'),(8, 50.184, '2026-03-14 06:54:35'),(8, 50.206, '2026-03-14 05:54:35'),(8, 50.193, '2026-03-14 04:54:35'),(8, 50.18, '2026-03-14 03:54:35'),(8, 50.193, '2026-03-14 02:54:35'),(8, 50.204, '2026-03-14 01:54:35'),(8, 50.183, '2026-03-14 00:54:35'),(8, 50.19, '2026-03-13 23:54:35'),(8, 50.199, '2026-03-13 22:54:35'),(8, 50.196, '2026-03-13 21:54:35'),(8, 50.19, '2026-03-13 20:54:35'),(8, 50.181, '2026-03-13 19:54:35'),(8, 50.183, '2026-03-13 18:54:35'),(8, 50.194, '2026-03-13 17:54:35'),(8, 50.189, '2026-03-13 16:54:35'),(8, 50.206, '2026-03-13 15:54:35'),(8, 50.196, '2026-03-13 14:54:35'),(8, 50.199, '2026-03-13 13:54:35'),(8, 50.196, '2026-03-13 12:54:35'),(8, 50.221, '2026-03-13 11:54:35'),(8, 50.212, '2026-03-13 10:54:35'),(8, 50.211, '2026-03-13 09:54:35'),(8, 50.202, '2026-03-13 08:54:35'),(8, 50.173, '2026-03-13 07:54:35'),(8, 50.152, '2026-03-13 06:54:35'),(8, 50.155, '2026-03-13 05:54:35'),(8, 50.152, '2026-03-13 04:54:35'),(8, 50.169, '2026-03-13 03:54:35'),(8, 50.194, '2026-03-13 02:54:35'),(8, 50.184, '2026-03-13 01:54:35'),(8, 50.219, '2026-03-13 00:54:35'),(8, 50.211, '2026-03-12 23:54:35'),(8, 50.221, '2026-03-12 22:54:35'),(8, 50.232, '2026-03-12 21:54:35'),(8, 50.242, '2026-03-12 20:54:35'),(8, 50.222, '2026-03-12 19:54:35'),(8, 50.226, '2026-03-12 18:54:35'),(8, 25.114, '2026-03-12 17:54:35'),(8, 50.217, '2026-03-12 16:54:35'),(8, 50.215, '2026-03-12 15:54:35'),(8, 50.188, '2026-03-12 14:54:35'),(8, 50.222, '2026-03-12 13:54:35'),(8, 50.228, '2026-03-12 12:54:35'),(8, 50.23, '2026-03-12 11:54:35'),(8, 50.248, '2026-03-12 10:54:35'),(8, 50.251, '2026-03-12 09:54:35'),(8, 50.221, '2026-03-12 08:54:35'),(8, 50.214, '2026-03-12 07:54:35'),(8, 50.228, '2026-03-12 06:54:35'),(8, 50.222, '2026-03-12 05:54:35'),(8, 50.22, '2026-03-12 04:54:35'),(8, 50.237, '2026-03-12 03:54:35'),(8, 50.236, '2026-03-12 02:54:35'),(8, 50.244, '2026-03-12 01:54:35'),(8, 50.276, '2026-03-12 00:54:35'),(8, 50.268, '2026-03-11 23:54:35'),(8, 50.266, '2026-03-11 22:54:35'),(8, 50.263, '2026-03-11 21:54:35'),(8, 50.237, '2026-03-11 20:54:35'),(8, 50.233, '2026-03-11 19:54:35'),(8, 50.266, '2026-03-11 18:54:35'),(8, 50.252, '2026-03-11 17:54:35'),(8, 50.258, '2026-03-11 16:54:35'),(8, 50.26, '2026-03-11 15:54:35'),(8, 50.232, '2026-03-11 14:54:35'),(8, 50.218, '2026-03-11 13:54:35'),(8, 50.239, '2026-03-11 12:54:35'),(8, 50.253, '2026-03-11 11:54:35'),(8, 50.237, '2026-03-11 10:54:35'),(8, 50.246, '2026-03-11 09:54:35'),(8, 50.242, '2026-03-11 08:54:35'),(8, 50.234, '2026-03-11 07:54:35'),(8, 50.244, '2026-03-11 06:54:35'),(8, 50.264, '2026-03-11 05:54:35'),(8, 50.252, '2026-03-11 04:54:35'),(8, 50.251, '2026-03-11 03:54:35'),(8, 50.26, '2026-03-11 02:54:35'),(8, 50.243, '2026-03-11 01:54:35'),(8, 50.249, '2026-03-11 00:54:35'),(8, 50.237, '2026-03-10 23:54:35'),(8, 50.246, '2026-03-10 22:54:35'),(8, 50.247, '2026-03-10 21:54:35'),(8, 50.273, '2026-03-10 20:54:35'),(8, 50.298, '2026-03-10 19:54:35'),(8, 50.294, '2026-03-10 18:54:35'),(8, 50.292, '2026-03-10 17:54:35'),(8, 50.299, '2026-03-10 16:54:35'),(8, 50.306, '2026-03-10 15:54:35'),(8, 50.341, '2026-03-10 14:54:35'),(8, 50.364, '2026-03-10 13:54:35'),(8, 50.391, '2026-03-10 12:54:35'),(8, 50.406, '2026-03-10 11:54:35'),(8, 50.423, '2026-03-10 10:54:35'),(8, 50.435, '2026-03-10 09:54:35'),(8, 50.458, '2026-03-10 08:54:35'),(8, 50.459, '2026-03-10 07:54:35'),(8, 50.477, '2026-03-10 06:54:35'),(8, 50.503, '2026-03-10 05:54:35'),(8, 50.507, '2026-03-10 04:54:35'),(8, 50.522, '2026-03-10 03:54:35'),(8, 50.536, '2026-03-10 02:54:35'),(8, 50.536, '2026-03-10 01:54:35'),(8, 50.547, '2026-03-10 00:54:35'),(8, 50.535, '2026-03-09 23:54:35'),(8, 50.543, '2026-03-09 22:54:35'),(8, 50.536, '2026-03-09 21:54:35'),(8, 50.519, '2026-03-09 20:54:35'),(8, 50.539, '2026-03-09 19:54:35'),(8, 50.53, '2026-03-09 18:54:35'),(8, 50.536, '2026-03-09 17:54:35'),(8, 50.537, '2026-03-09 16:54:35'),(8, 50.511, '2026-03-09 15:54:35'),(8, 50.512, '2026-03-09 14:54:35'),(8, 50.522, '2026-03-09 13:54:35'),(8, 50.541, '2026-03-09 12:54:35'),(8, 50.551, '2026-03-09 11:54:35'),(8, 50.546, '2026-03-09 10:54:35'),(8, 50.543, '2026-03-09 09:54:35'),(8, 50.57, '2026-03-09 08:54:35'),(8, 50.603, '2026-03-09 07:54:35'),(8, 50.634, '2026-03-09 06:54:35'),(8, 50.627, '2026-03-09 05:54:35'),(8, 50.6, '2026-03-09 04:54:35'),(8, 50.572, '2026-03-09 03:54:35'),(8, 50.591, '2026-03-09 02:54:35'),(8, 50.608, '2026-03-09 01:54:35'),(8, 50.605, '2026-03-09 00:54:35'),(8, 50.609, '2026-03-08 23:54:35'),(8, 50.611, '2026-03-08 22:54:35'),(8, 50.645, '2026-03-08 21:54:35'),(8, 50.668, '2026-03-08 20:54:35'),(8, 50.693, '2026-03-08 19:54:35'),(8, 50.686, '2026-03-08 18:54:35'),(8, 50.673, '2026-03-08 17:54:35'),(8, 50.669, '2026-03-08 16:54:35'),(8, 50.68, '2026-03-08 15:54:35'),(8, 50.685, '2026-03-08 14:54:35'),(8, 50.703, '2026-03-08 13:54:35'),(8, 50.695, '2026-03-08 12:54:35'),(8, 50.687, '2026-03-08 11:54:35'),(8, 50.68, '2026-03-08 10:54:35'),(8, 50.669, '2026-03-08 09:54:35'),(8, 50.674, '2026-03-08 08:54:35'),(8, 50.699, '2026-03-08 07:54:35'),(8, 50.688, '2026-03-08 06:54:35'),(8, 50.682, '2026-03-08 05:54:35'),(8, 50.69, '2026-03-08 04:54:35'),(8, 50.706, '2026-03-08 03:54:35'),(8, 50.68, '2026-03-08 02:54:35'),(8, 50.651, '2026-03-08 01:54:35'),(8, 25.322, '2026-03-08 00:54:35'),(8, 50.622, '2026-03-07 23:54:35'),(8, 50.641, '2026-03-07 22:54:35'),(8, 50.66, '2026-03-07 21:54:35'),(8, 50.68, '2026-03-07 20:54:35'),(8, 50.68, '2026-03-07 19:54:35'),(8, 50.701, '2026-03-07 18:54:35'),(8, 50.723, '2026-03-07 17:54:35'),(8, 50.74, '2026-03-07 16:54:35'),(8, 50.746, '2026-03-07 15:54:35'),(8, 50.745, '2026-03-07 14:54:35'),(8, 50.778, '2026-03-07 13:54:35'),(8, 50.803, '2026-03-07 12:54:35'),(8, 50.835, '2026-03-07 11:54:35'),(8, 50.834, '2026-03-07 10:54:35'),(8, 50.844, '2026-03-07 09:54:35'),(8, 50.834, '2026-03-07 08:54:35'),(8, 50.827, '2026-03-07 07:54:35'),(8, 50.803, '2026-03-07 06:54:35'),(8, 50.816, '2026-03-07 05:54:35'),(8, 50.822, '2026-03-07 04:54:35'),(8, 50.828, '2026-03-07 03:54:35'),(8, 50.826, '2026-03-07 02:54:35'),(8, 50.8, '2026-03-07 01:54:35'),(8, 50.79, '2026-03-07 00:54:35'),(8, 50.792, '2026-03-06 23:54:35'),(8, 50.821, '2026-03-06 22:54:35'),(8, 50.815, '2026-03-06 21:54:35'),(8, 50.814, '2026-03-06 20:54:35'),(8, 50.793, '2026-03-06 19:54:35'),(8, 50.799, '2026-03-06 18:54:35'),(8, 50.816, '2026-03-06 17:54:35'),(8, 50.83, '2026-03-06 16:54:35'),(8, 50.827, '2026-03-06 15:54:35'),(8, 50.832, '2026-03-06 14:54:35'),(8, 50.851, '2026-03-06 13:54:35'),(8, 50.833, '2026-03-06 12:54:35'),(8, 50.867, '2026-03-06 11:54:35'),(8, 50.838, '2026-03-06 10:54:35'),(8, 50.824, '2026-03-06 09:54:35'),(8, 50.818, '2026-03-06 08:54:35'),(8, 50.826, '2026-03-06 07:54:35'),(8, 50.848, '2026-03-06 06:54:35'),(8, 50.841, '2026-03-06 05:54:35'),(8, 50.867, '2026-03-06 04:54:35'),(8, 50.858, '2026-03-06 03:54:35'),(8, 50.843, '2026-03-06 02:54:35'),(8, 50.847, '2026-03-06 01:54:35'),(8, 50.874, '2026-03-06 00:54:35'),(8, 50.88, '2026-03-05 23:54:35'),(8, 50.863, '2026-03-05 22:54:35'),(8, 50.88, '2026-03-05 21:54:35'),(8, 50.899, '2026-03-05 20:54:35'),(8, 50.916, '2026-03-05 19:54:35'),(8, 50.928, '2026-03-05 18:54:35'),(8, 50.945, '2026-03-05 17:54:35'),(8, 50.944, '2026-03-05 16:54:35'),(8, 50.978, '2026-03-05 15:54:35'),(8, 50.978, '2026-03-05 14:54:35'),(8, 51.011, '2026-03-05 13:54:35'),(8, 50.987, '2026-03-05 12:54:35'),(8, 50.993, '2026-03-05 11:54:35'),(8, 50.974, '2026-03-05 10:54:35'),(8, 50.981, '2026-03-05 09:54:35'),(8, 50.972, '2026-03-05 08:54:35'),(8, 50.969, '2026-03-05 07:54:35'),(8, 50.985, '2026-03-05 06:54:35'),(8, 50.971, '2026-03-05 05:54:35'),(8, 50.978, '2026-03-05 04:54:35'),(8, 50.976, '2026-03-05 03:54:35'),(8, 50.983, '2026-03-05 02:54:35'),(8, 51.012, '2026-03-05 01:54:35'),(8, 50.992, '2026-03-05 00:54:35'),(8, 50.964, '2026-03-04 23:54:35'),(8, 50.969, '2026-03-04 22:54:35'),(8, 50.963, '2026-03-04 21:54:35'),(8, 50.97, '2026-03-04 20:54:35'),(8, 50.948, '2026-03-04 19:54:35'),(8, 50.978, '2026-03-04 18:54:35'),(8, 51.01, '2026-03-04 17:54:35'),(8, 51.014, '2026-03-04 16:54:35'),(8, 51.025, '2026-03-04 15:54:35'),(8, 51.0, '2026-03-04 14:54:35'),(8, 51.029, '2026-03-04 13:54:35'),(8, 51.056, '2026-03-04 12:54:35'),(8, 51.034, '2026-03-04 11:54:35'),(8, 51.047, '2026-03-04 10:54:35'),(8, 51.047, '2026-03-04 09:54:35'),(8, 51.057, '2026-03-04 08:54:35'),(8, 51.047, '2026-03-04 07:54:35'),(8, 51.044, '2026-03-04 06:54:35'),(8, 51.014, '2026-03-04 05:54:35'),(8, 51.011, '2026-03-04 04:54:35'),(8, 50.992, '2026-03-04 03:54:35'),(8, 50.986, '2026-03-04 02:54:35'),(8, 50.996, '2026-03-04 01:54:35'),(8, 50.985, '2026-03-04 00:54:35'),(8, 50.971, '2026-03-03 23:54:35'),(8, 50.99, '2026-03-03 22:54:35'),(8, 50.999, '2026-03-03 21:54:35'),(8, 51.017, '2026-03-03 20:54:35'),(8, 51.016, '2026-03-03 19:54:35'),(8, 51.019, '2026-03-03 18:54:35'),(8, 51.034, '2026-03-03 17:54:35'),(8, 51.064, '2026-03-03 16:54:35'),(8, 51.067, '2026-03-03 15:54:35'),(8, 51.09, '2026-03-03 14:54:35'),(8, 51.102, '2026-03-03 13:54:35'),(8, 51.115, '2026-03-03 12:54:35'),(8, 51.116, '2026-03-03 11:54:35'),(8, 51.131, '2026-03-03 10:54:35'),(8, 51.117, '2026-03-03 09:54:35'),(8, 51.134, '2026-03-03 08:54:35'),(8, 51.126, '2026-03-03 07:54:35'),(8, 51.138, '2026-03-03 06:54:35'),(8, 51.154, '2026-03-03 05:54:35'),(8, 51.136, '2026-03-03 04:54:35'),(8, 51.158, '2026-03-03 03:54:35'),(8, 51.139, '2026-03-03 02:54:35'),(8, 51.121, '2026-03-03 01:54:35'),(8, 51.121, '2026-03-03 00:54:35'),(8, 51.142, '2026-03-02 23:54:35'),(8, 51.117, '2026-03-02 22:54:35'),(8, 51.15, '2026-03-02 21:54:35'),(8, 51.168, '2026-03-02 20:54:35'),(8, 51.167, '2026-03-02 19:54:35'),(8, 51.193, '2026-03-02 18:54:35'),(8, 51.195, '2026-03-02 17:54:35'),(8, 51.168, '2026-03-02 16:54:35'),(8, 51.188, '2026-03-02 15:54:35'),(8, 51.191, '2026-03-02 14:54:35'),(8, 51.17, '2026-03-02 13:54:35'),(8, 51.196, '2026-03-02 12:54:35'),(8, 51.187, '2026-03-02 11:54:35'),(8, 51.173, '2026-03-02 10:54:35'),(8, 51.166, '2026-03-02 09:54:35'),(8, 51.182, '2026-03-02 08:54:35'),(8, 51.191, '2026-03-02 07:54:35'),(8, 51.201, '2026-03-02 06:54:35'),(8, 51.202, '2026-03-02 05:54:35'),(8, 51.201, '2026-03-02 04:54:35'),(8, 51.212, '2026-03-02 03:54:35'),(8, 51.229, '2026-03-02 02:54:35'),(8, 51.236, '2026-03-02 01:54:35'),(8, 51.231, '2026-03-02 00:54:35'),(8, 51.227, '2026-03-01 23:54:35'),(8, 51.233, '2026-03-01 22:54:35'),(8, 51.249, '2026-03-01 21:54:35'),(8, 51.236, '2026-03-01 20:54:35'),(8, 51.242, '2026-03-01 19:54:35'),(8, 51.254, '2026-03-01 18:54:35'),(8, 51.277, '2026-03-01 17:54:35'),(8, 51.274, '2026-03-01 16:54:35'),(8, 51.266, '2026-03-01 15:54:35'),(8, 51.289, '2026-03-01 14:54:35'),(8, 51.297, '2026-03-01 13:54:35');
INSERT INTO mining_sensors (id, type_id, name, lat, lng, status, current_value) VALUES (9, 3, 'Extensómetro 03', -17.245623710594238, -70.60742101446041, 'active', 50.0);
INSERT INTO mining_sensor_history (sensor_id, value, timestamp) VALUES (9, 49.976, '2026-03-16 12:54:35'),(9, 49.99, '2026-03-16 11:54:35'),(9, 49.96, '2026-03-16 10:54:35'),(9, 49.968, '2026-03-16 09:54:35'),(9, 49.996, '2026-03-16 08:54:35'),(9, 50.028, '2026-03-16 07:54:35'),(9, 50.016, '2026-03-16 06:54:35'),(9, 50.024, '2026-03-16 05:54:35'),(9, 50.017, '2026-03-16 04:54:35'),(9, 50.045, '2026-03-16 03:54:35'),(9, 50.034, '2026-03-16 02:54:35'),(9, 50.032, '2026-03-16 01:54:35'),(9, 50.034, '2026-03-16 00:54:35'),(9, 50.007, '2026-03-15 23:54:35'),(9, 49.978, '2026-03-15 22:54:35'),(9, 49.97, '2026-03-15 21:54:35'),(9, 49.976, '2026-03-15 20:54:35'),(9, 49.987, '2026-03-15 19:54:35'),(9, 49.994, '2026-03-15 18:54:35'),(9, 49.997, '2026-03-15 17:54:35'),(9, 49.972, '2026-03-15 16:54:35'),(9, 49.96, '2026-03-15 15:54:35'),(9, 49.982, '2026-03-15 14:54:35'),(9, 49.958, '2026-03-15 13:54:35'),(9, 49.96, '2026-03-15 12:54:35'),(9, 49.942, '2026-03-15 11:54:35'),(9, 49.955, '2026-03-15 10:54:35'),(9, 49.954, '2026-03-15 09:54:35'),(9, 49.944, '2026-03-15 08:54:35'),(9, 49.94, '2026-03-15 07:54:35'),(9, 49.939, '2026-03-15 06:54:35'),(9, 49.933, '2026-03-15 05:54:35'),(9, 49.965, '2026-03-15 04:54:35'),(9, 49.975, '2026-03-15 03:54:35'),(9, 49.976, '2026-03-15 02:54:35'),(9, 50.008, '2026-03-15 01:54:35'),(9, 49.998, '2026-03-15 00:54:35'),(9, 49.995, '2026-03-14 23:54:35'),(9, 49.973, '2026-03-14 22:54:35'),(9, 49.97, '2026-03-14 21:54:35'),(9, 49.966, '2026-03-14 20:54:35'),(9, 49.979, '2026-03-14 19:54:35'),(9, 49.985, '2026-03-14 18:54:35'),(9, 49.966, '2026-03-14 17:54:35'),(9, 49.941, '2026-03-14 16:54:35'),(9, 49.948, '2026-03-14 15:54:35'),(9, 49.979, '2026-03-14 14:54:35'),(9, 49.97, '2026-03-14 13:54:35'),(9, 50.004, '2026-03-14 12:54:35'),(9, 50.007, '2026-03-14 11:54:35'),(9, 49.997, '2026-03-14 10:54:35'),(9, 50.017, '2026-03-14 09:54:35'),(9, 50.044, '2026-03-14 08:54:35'),(9, 50.066, '2026-03-14 07:54:35'),(9, 50.065, '2026-03-14 06:54:35'),(9, 50.064, '2026-03-14 05:54:35'),(9, 50.06, '2026-03-14 04:54:35'),(9, 50.069, '2026-03-14 03:54:35'),(9, 50.061, '2026-03-14 02:54:35'),(9, 50.056, '2026-03-14 01:54:35'),(9, 50.036, '2026-03-14 00:54:35'),(9, 50.041, '2026-03-13 23:54:35'),(9, 50.047, '2026-03-13 22:54:35'),(9, 50.045, '2026-03-13 21:54:35'),(9, 50.028, '2026-03-13 20:54:35'),(9, 50.006, '2026-03-13 19:54:35'),(9, 50.033, '2026-03-13 18:54:35'),(9, 50.068, '2026-03-13 17:54:35'),(9, 50.103, '2026-03-13 16:54:35'),(9, 50.108, '2026-03-13 15:54:35'),(9, 50.123, '2026-03-13 14:54:35'),(9, 50.136, '2026-03-13 13:54:35'),(9, 50.123, '2026-03-13 12:54:35'),(9, 50.14, '2026-03-13 11:54:35'),(9, 50.142, '2026-03-13 10:54:35'),(9, 50.155, '2026-03-13 09:54:35'),(9, 50.179, '2026-03-13 08:54:35'),(9, 50.167, '2026-03-13 07:54:35'),(9, 50.187, '2026-03-13 06:54:35'),(9, 50.21, '2026-03-13 05:54:35'),(9, 50.231, '2026-03-13 04:54:35'),(9, 50.245, '2026-03-13 03:54:35'),(9, 50.245, '2026-03-13 02:54:35'),(9, 50.27, '2026-03-13 01:54:35'),(9, 50.27, '2026-03-13 00:54:35'),(9, 50.297, '2026-03-12 23:54:35'),(9, 50.294, '2026-03-12 22:54:35'),(9, 50.3, '2026-03-12 21:54:35'),(9, 50.31, '2026-03-12 20:54:35'),(9, 50.333, '2026-03-12 19:54:35'),(9, 50.344, '2026-03-12 18:54:35'),(9, 50.341, '2026-03-12 17:54:35'),(9, 50.362, '2026-03-12 16:54:35'),(9, 50.367, '2026-03-12 15:54:35'),(9, 50.348, '2026-03-12 14:54:35'),(9, 50.367, '2026-03-12 13:54:35'),(9, 50.384, '2026-03-12 12:54:35'),(9, 50.398, '2026-03-12 11:54:35'),(9, 50.431, '2026-03-12 10:54:35'),(9, 50.415, '2026-03-12 09:54:35'),(9, 50.423, '2026-03-12 08:54:35'),(9, 50.425, '2026-03-12 07:54:35'),(9, 50.431, '2026-03-12 06:54:35'),(9, 50.411, '2026-03-12 05:54:35'),(9, 50.41, '2026-03-12 04:54:35'),(9, 50.435, '2026-03-12 03:54:35'),(9, 50.422, '2026-03-12 02:54:35'),(9, 50.411, '2026-03-12 01:54:35'),(9, 50.439, '2026-03-12 00:54:35'),(9, 50.473, '2026-03-11 23:54:35'),(9, 50.471, '2026-03-11 22:54:35'),(9, 50.446, '2026-03-11 21:54:35'),(9, 50.44, '2026-03-11 20:54:35'),(9, 50.433, '2026-03-11 19:54:35'),(9, 50.413, '2026-03-11 18:54:35'),(9, 50.433, '2026-03-11 17:54:35'),(9, 50.417, '2026-03-11 16:54:35'),(9, 50.425, '2026-03-11 15:54:35'),(9, 50.431, '2026-03-11 14:54:35'),(9, 50.445, '2026-03-11 13:54:35'),(9, 50.434, '2026-03-11 12:54:35'),(9, 50.42, '2026-03-11 11:54:35'),(9, 50.407, '2026-03-11 10:54:35'),(9, 50.426, '2026-03-11 09:54:35'),(9, 50.411, '2026-03-11 08:54:35'),(9, 50.399, '2026-03-11 07:54:35'),(9, 50.427, '2026-03-11 06:54:35'),(9, 50.428, '2026-03-11 05:54:35'),(9, 50.399, '2026-03-11 04:54:35'),(9, 50.405, '2026-03-11 03:54:35'),(9, 50.396, '2026-03-11 02:54:35'),(9, 50.429, '2026-03-11 01:54:35'),(9, 50.435, '2026-03-11 00:54:35'),(9, 50.437, '2026-03-10 23:54:35'),(9, 50.442, '2026-03-10 22:54:35'),(9, 50.445, '2026-03-10 21:54:35'),(9, 50.437, '2026-03-10 20:54:35'),(9, 50.451, '2026-03-10 19:54:35'),(9, 50.477, '2026-03-10 18:54:35'),(9, 50.5, '2026-03-10 17:54:35'),(9, 50.517, '2026-03-10 16:54:35'),(9, 50.523, '2026-03-10 15:54:35'),(9, 50.516, '2026-03-10 14:54:35'),(9, 50.505, '2026-03-10 13:54:35'),(9, 50.511, '2026-03-10 12:54:35'),(9, 50.491, '2026-03-10 11:54:35'),(9, 50.494, '2026-03-10 10:54:35'),(9, 50.507, '2026-03-10 09:54:35'),(9, 50.505, '2026-03-10 08:54:35'),(9, 50.478, '2026-03-10 07:54:35'),(9, 50.509, '2026-03-10 06:54:35'),(9, 50.524, '2026-03-10 05:54:35'),(9, 50.541, '2026-03-10 04:54:35'),(9, 50.572, '2026-03-10 03:54:35'),(9, 50.561, '2026-03-10 02:54:35'),(9, 50.547, '2026-03-10 01:54:35'),(9, 50.524, '2026-03-10 00:54:35'),(9, 50.542, '2026-03-09 23:54:35'),(9, 50.538, '2026-03-09 22:54:35'),(9, 50.517, '2026-03-09 21:54:35'),(9, 50.52, '2026-03-09 20:54:35'),(9, 50.535, '2026-03-09 19:54:35'),(9, 50.51, '2026-03-09 18:54:35'),(9, 50.528, '2026-03-09 17:54:35'),(9, 50.516, '2026-03-09 16:54:35'),(9, 50.536, '2026-03-09 15:54:35'),(9, 50.526, '2026-03-09 14:54:35'),(9, 50.515, '2026-03-09 13:54:35'),(9, 50.491, '2026-03-09 12:54:35'),(9, 50.519, '2026-03-09 11:54:35'),(9, 50.507, '2026-03-09 10:54:35'),(9, 50.527, '2026-03-09 09:54:35'),(9, 50.524, '2026-03-09 08:54:35'),(9, 50.549, '2026-03-09 07:54:35'),(9, 50.563, '2026-03-09 06:54:35'),(9, 50.562, '2026-03-09 05:54:35'),(9, 50.579, '2026-03-09 04:54:35'),(9, 50.58, '2026-03-09 03:54:35'),(9, 50.578, '2026-03-09 02:54:35'),(9, 50.548, '2026-03-09 01:54:35'),(9, 50.573, '2026-03-09 00:54:35'),(9, 50.571, '2026-03-08 23:54:35'),(9, 50.58, '2026-03-08 22:54:35'),(9, 50.605, '2026-03-08 21:54:35'),(9, 50.615, '2026-03-08 20:54:35'),(9, 50.613, '2026-03-08 19:54:35'),(9, 50.613, '2026-03-08 18:54:35'),(9, 50.611, '2026-03-08 17:54:35'),(9, 50.628, '2026-03-08 16:54:35'),(9, 50.638, '2026-03-08 15:54:35'),(9, 50.64, '2026-03-08 14:54:35'),(9, 50.637, '2026-03-08 13:54:35'),(9, 50.65, '2026-03-08 12:54:35'),(9, 50.661, '2026-03-08 11:54:35'),(9, 50.64, '2026-03-08 10:54:35'),(9, 50.644, '2026-03-08 09:54:35'),(9, 50.632, '2026-03-08 08:54:35'),(9, 50.643, '2026-03-08 07:54:35'),(9, 50.655, '2026-03-08 06:54:35'),(9, 50.682, '2026-03-08 05:54:35'),(9, 50.676, '2026-03-08 04:54:35'),(9, 50.695, '2026-03-08 03:54:35'),(9, 50.692, '2026-03-08 02:54:35'),(9, 50.675, '2026-03-08 01:54:35'),(9, 50.686, '2026-03-08 00:54:35'),(9, 50.674, '2026-03-07 23:54:35'),(9, 50.673, '2026-03-07 22:54:35'),(9, 50.669, '2026-03-07 21:54:35'),(9, 50.683, '2026-03-07 20:54:35'),(9, 50.659, '2026-03-07 19:54:35'),(9, 50.678, '2026-03-07 18:54:35'),(9, 50.664, '2026-03-07 17:54:35'),(9, 50.695, '2026-03-07 16:54:35'),(9, 50.729, '2026-03-07 15:54:35'),(9, 50.729, '2026-03-07 14:54:35'),(9, 50.735, '2026-03-07 13:54:35'),(9, 50.726, '2026-03-07 12:54:35'),(9, 50.739, '2026-03-07 11:54:35'),(9, 50.731, '2026-03-07 10:54:35'),(9, 50.717, '2026-03-07 09:54:35'),(9, 50.707, '2026-03-07 08:54:35'),(9, 50.707, '2026-03-07 07:54:35'),(9, 50.706, '2026-03-07 06:54:35'),(9, 50.72, '2026-03-07 05:54:35'),(9, 50.744, '2026-03-07 04:54:35'),(9, 50.751, '2026-03-07 03:54:35'),(9, 50.74, '2026-03-07 02:54:35'),(9, 50.714, '2026-03-07 01:54:35'),(9, 50.695, '2026-03-07 00:54:35'),(9, 50.705, '2026-03-06 23:54:35'),(9, 50.73, '2026-03-06 22:54:35'),(9, 50.726, '2026-03-06 21:54:35'),(9, 50.735, '2026-03-06 20:54:35'),(9, 50.748, '2026-03-06 19:54:35'),(9, 50.746, '2026-03-06 18:54:35'),(9, 50.755, '2026-03-06 17:54:35'),(9, 50.757, '2026-03-06 16:54:35'),(9, 50.788, '2026-03-06 15:54:35'),(9, 50.787, '2026-03-06 14:54:35'),(9, 50.798, '2026-03-06 13:54:35'),(9, 50.794, '2026-03-06 12:54:35'),(9, 50.808, '2026-03-06 11:54:35'),(9, 50.778, '2026-03-06 10:54:35'),(9, 50.772, '2026-03-06 09:54:35'),(9, 50.766, '2026-03-06 08:54:35'),(9, 50.761, '2026-03-06 07:54:35'),(9, 50.755, '2026-03-06 06:54:35'),(9, 50.727, '2026-03-06 05:54:35'),(9, 50.706, '2026-03-06 04:54:35'),(9, 50.718, '2026-03-06 03:54:35'),(9, 50.702, '2026-03-06 02:54:35'),(9, 50.715, '2026-03-06 01:54:35'),(9, 50.699, '2026-03-06 00:54:35'),(9, 50.705, '2026-03-05 23:54:35'),(9, 50.739, '2026-03-05 22:54:35'),(9, 50.739, '2026-03-05 21:54:35'),(9, 50.751, '2026-03-05 20:54:35'),(9, 50.767, '2026-03-05 19:54:35'),(9, 50.763, '2026-03-05 18:54:35'),(9, 50.779, '2026-03-05 17:54:35'),(9, 50.771, '2026-03-05 16:54:35'),(9, 50.765, '2026-03-05 15:54:35'),(9, 50.736, '2026-03-05 14:54:35'),(9, 50.744, '2026-03-05 13:54:35'),(9, 50.716, '2026-03-05 12:54:35'),(9, 50.706, '2026-03-05 11:54:35'),(9, 50.696, '2026-03-05 10:54:35'),(9, 50.705, '2026-03-05 09:54:35'),(9, 50.738, '2026-03-05 08:54:35'),(9, 50.737, '2026-03-05 07:54:35'),(9, 50.733, '2026-03-05 06:54:35'),(9, 50.741, '2026-03-05 05:54:35'),(9, 50.757, '2026-03-05 04:54:35'),(9, 50.754, '2026-03-05 03:54:35'),(9, 50.76, '2026-03-05 02:54:35'),(9, 50.776, '2026-03-05 01:54:35'),(9, 50.77, '2026-03-05 00:54:35'),(9, 50.77, '2026-03-04 23:54:35'),(9, 50.773, '2026-03-04 22:54:35'),(9, 50.769, '2026-03-04 21:54:35'),(9, 50.755, '2026-03-04 20:54:35'),(9, 50.757, '2026-03-04 19:54:35'),(9, 50.768, '2026-03-04 18:54:35'),(9, 50.79, '2026-03-04 17:54:35'),(9, 50.797, '2026-03-04 16:54:35'),(9, 50.806, '2026-03-04 15:54:35'),(9, 50.808, '2026-03-04 14:54:35'),(9, 50.798, '2026-03-04 13:54:35'),(9, 50.821, '2026-03-04 12:54:35'),(9, 50.855, '2026-03-04 11:54:35'),(9, 50.877, '2026-03-04 10:54:35'),(9, 50.894, '2026-03-04 09:54:35'),(9, 50.876, '2026-03-04 08:54:35'),(9, 50.871, '2026-03-04 07:54:35'),(9, 50.867, '2026-03-04 06:54:35'),(9, 50.875, '2026-03-04 05:54:35'),(9, 50.861, '2026-03-04 04:54:35'),(9, 50.862, '2026-03-04 03:54:35'),(9, 50.863, '2026-03-04 02:54:35'),(9, 50.847, '2026-03-04 01:54:35'),(9, 50.844, '2026-03-04 00:54:35'),(9, 50.822, '2026-03-03 23:54:35'),(9, 50.837, '2026-03-03 22:54:35'),(9, 50.867, '2026-03-03 21:54:35'),(9, 50.85, '2026-03-03 20:54:35'),(9, 50.862, '2026-03-03 19:54:35'),(9, 50.85, '2026-03-03 18:54:35'),(9, 50.866, '2026-03-03 17:54:35'),(9, 50.884, '2026-03-03 16:54:35'),(9, 50.882, '2026-03-03 15:54:35'),(9, 50.888, '2026-03-03 14:54:35'),(9, 50.898, '2026-03-03 13:54:35'),(9, 50.919, '2026-03-03 12:54:35'),(9, 50.894, '2026-03-03 11:54:35'),(9, 50.922, '2026-03-03 10:54:35'),(9, 50.893, '2026-03-03 09:54:35'),(9, 50.901, '2026-03-03 08:54:35'),(9, 50.89, '2026-03-03 07:54:35'),(9, 50.867, '2026-03-03 06:54:35'),(9, 50.866, '2026-03-03 05:54:35'),(9, 50.868, '2026-03-03 04:54:35'),(9, 50.873, '2026-03-03 03:54:35'),(9, 50.859, '2026-03-03 02:54:35'),(9, 50.868, '2026-03-03 01:54:35'),(9, 50.865, '2026-03-03 00:54:35'),(9, 50.865, '2026-03-02 23:54:35'),(9, 50.85, '2026-03-02 22:54:35'),(9, 50.852, '2026-03-02 21:54:35'),(9, 50.871, '2026-03-02 20:54:35'),(9, 50.885, '2026-03-02 19:54:35'),(9, 50.902, '2026-03-02 18:54:35'),(9, 50.906, '2026-03-02 17:54:35'),(9, 50.933, '2026-03-02 16:54:35'),(9, 50.956, '2026-03-02 15:54:35'),(9, 50.953, '2026-03-02 14:54:35'),(9, 50.946, '2026-03-02 13:54:35'),(9, 50.953, '2026-03-02 12:54:35'),(9, 50.968, '2026-03-02 11:54:35'),(9, 50.973, '2026-03-02 10:54:35'),(9, 50.974, '2026-03-02 09:54:35'),(9, 50.992, '2026-03-02 08:54:35'),(9, 51.009, '2026-03-02 07:54:35'),(9, 51.035, '2026-03-02 06:54:35'),(9, 51.068, '2026-03-02 05:54:35'),(9, 51.077, '2026-03-02 04:54:35'),(9, 51.075, '2026-03-02 03:54:35'),(9, 51.066, '2026-03-02 02:54:35'),(9, 51.09, '2026-03-02 01:54:35'),(9, 51.098, '2026-03-02 00:54:35'),(9, 51.098, '2026-03-01 23:54:35'),(9, 51.094, '2026-03-01 22:54:35'),(9, 51.113, '2026-03-01 21:54:35'),(9, 51.127, '2026-03-01 20:54:35'),(9, 51.123, '2026-03-01 19:54:35'),(9, 51.109, '2026-03-01 18:54:35'),(9, 51.098, '2026-03-01 17:54:35'),(9, 51.132, '2026-03-01 16:54:35'),(9, 51.123, '2026-03-01 15:54:35'),(9, 51.11, '2026-03-01 14:54:35'),(9, 51.123, '2026-03-01 13:54:35');
INSERT INTO mining_sensors (id, type_id, name, lat, lng, status, current_value) VALUES (10, 4, 'Radar de Taludes 01', -17.248376558447337, -70.6162627936944, 'active', 50.0);
INSERT INTO mining_sensor_history (sensor_id, value, timestamp) VALUES (10, 49.712, '2026-03-16 12:54:35'),(10, 49.883, '2026-03-16 11:54:35'),(10, 49.998, '2026-03-16 10:54:35'),(10, 50.342, '2026-03-16 09:54:35'),(10, 49.563, '2026-03-16 08:54:35'),(10, 49.695, '2026-03-16 07:54:35'),(10, 49.844, '2026-03-16 06:54:35'),(10, 49.648, '2026-03-16 05:54:35'),(10, 49.627, '2026-03-16 04:54:35'),(10, 50.278, '2026-03-16 03:54:35'),(10, 50.29, '2026-03-16 02:54:35'),(10, 50.027, '2026-03-16 01:54:35'),(10, 49.705, '2026-03-16 00:54:35'),(10, 50.173, '2026-03-15 23:54:35'),(10, 50.299, '2026-03-15 22:54:35'),(10, 50.279, '2026-03-15 21:54:35'),(10, 50.312, '2026-03-15 20:54:35'),(10, 49.635, '2026-03-15 19:54:35'),(10, 50.274, '2026-03-15 18:54:35'),(10, 49.52, '2026-03-15 17:54:35'),(10, 50.35, '2026-03-15 16:54:35'),(10, 49.907, '2026-03-15 15:54:35'),(10, 50.472, '2026-03-15 14:54:35'),(10, 49.504, '2026-03-15 13:54:35'),(10, 50.038, '2026-03-15 12:54:35'),(10, 49.972, '2026-03-15 11:54:35'),(10, 49.934, '2026-03-15 10:54:35'),(10, 49.729, '2026-03-15 09:54:35'),(10, 49.561, '2026-03-15 08:54:35'),(10, 49.858, '2026-03-15 07:54:35'),(10, 50.35, '2026-03-15 06:54:35'),(10, 50.448, '2026-03-15 05:54:35'),(10, 49.612, '2026-03-15 04:54:35'),(10, 49.52, '2026-03-15 03:54:35'),(10, 49.868, '2026-03-15 02:54:35'),(10, 50.311, '2026-03-15 01:54:35'),(10, 49.957, '2026-03-15 00:54:35'),(10, 49.793, '2026-03-14 23:54:35'),(10, 49.885, '2026-03-14 22:54:35'),(10, 50.49, '2026-03-14 21:54:35'),(10, 50.35, '2026-03-14 20:54:35'),(10, 49.57, '2026-03-14 19:54:35'),(10, 49.664, '2026-03-14 18:54:35'),(10, 49.728, '2026-03-14 17:54:35'),(10, 50.4, '2026-03-14 16:54:35'),(10, 49.981, '2026-03-14 15:54:35'),(10, 50.316, '2026-03-14 14:54:35'),(10, 50.454, '2026-03-14 13:54:35'),(10, 50.286, '2026-03-14 12:54:35'),(10, 50.309, '2026-03-14 11:54:35'),(10, 50.238, '2026-03-14 10:54:35'),(10, 49.778, '2026-03-14 09:54:35'),(10, 49.854, '2026-03-14 08:54:35'),(10, 50.352, '2026-03-14 07:54:35'),(10, 50.216, '2026-03-14 06:54:35'),(10, 49.93, '2026-03-14 05:54:35'),(10, 49.75, '2026-03-14 04:54:35'),(10, 50.432, '2026-03-14 03:54:35'),(10, 49.911, '2026-03-14 02:54:35'),(10, 50.482, '2026-03-14 01:54:35'),(10, 49.954, '2026-03-14 00:54:35'),(10, 50.414, '2026-03-13 23:54:35'),(10, 49.697, '2026-03-13 22:54:35'),(10, 49.973, '2026-03-13 21:54:35'),(10, 50.308, '2026-03-13 20:54:35'),(10, 49.693, '2026-03-13 19:54:35'),(10, 49.872, '2026-03-13 18:54:35'),(10, 50.101, '2026-03-13 17:54:35'),(10, 50.364, '2026-03-13 16:54:35'),(10, 50.498, '2026-03-13 15:54:35'),(10, 50.415, '2026-03-13 14:54:35'),(10, 49.529, '2026-03-13 13:54:35'),(10, 49.879, '2026-03-13 12:54:35'),(10, 49.516, '2026-03-13 11:54:35'),(10, 49.632, '2026-03-13 10:54:35'),(10, 50.483, '2026-03-13 09:54:35'),(10, 50.314, '2026-03-13 08:54:35'),(10, 49.566, '2026-03-13 07:54:35'),(10, 49.862, '2026-03-13 06:54:35'),(10, 50.195, '2026-03-13 05:54:35'),(10, 50.303, '2026-03-13 04:54:35'),(10, 49.593, '2026-03-13 03:54:35'),(10, 49.708, '2026-03-13 02:54:35'),(10, 49.626, '2026-03-13 01:54:35'),(10, 49.724, '2026-03-13 00:54:35'),(10, 49.837, '2026-03-12 23:54:35'),(10, 50.371, '2026-03-12 22:54:35'),(10, 49.889, '2026-03-12 21:54:35'),(10, 49.628, '2026-03-12 20:54:35'),(10, 49.949, '2026-03-12 19:54:35'),(10, 50.064, '2026-03-12 18:54:35'),(10, 49.869, '2026-03-12 17:54:35'),(10, 49.982, '2026-03-12 16:54:35'),(10, 49.615, '2026-03-12 15:54:35'),(10, 49.635, '2026-03-12 14:54:35'),(10, 50.132, '2026-03-12 13:54:35'),(10, 49.61, '2026-03-12 12:54:35'),(10, 49.84, '2026-03-12 11:54:35'),(10, 49.999, '2026-03-12 10:54:35'),(10, 50.212, '2026-03-12 09:54:35'),(10, 49.731, '2026-03-12 08:54:35'),(10, 49.768, '2026-03-12 07:54:35'),(10, 49.877, '2026-03-12 06:54:35'),(10, 49.636, '2026-03-12 05:54:35'),(10, 49.702, '2026-03-12 04:54:35'),(10, 49.731, '2026-03-12 03:54:35'),(10, 49.503, '2026-03-12 02:54:35'),(10, 50.483, '2026-03-12 01:54:35'),(10, 50.496, '2026-03-12 00:54:35'),(10, 49.708, '2026-03-11 23:54:35'),(10, 49.917, '2026-03-11 22:54:35'),(10, 50.498, '2026-03-11 21:54:35'),(10, 50.23, '2026-03-11 20:54:35'),(10, 50.021, '2026-03-11 19:54:35'),(10, 50.101, '2026-03-11 18:54:35'),(10, 50.459, '2026-03-11 17:54:35'),(10, 50.152, '2026-03-11 16:54:35'),(10, 50.035, '2026-03-11 15:54:35'),(10, 50.093, '2026-03-11 14:54:35'),(10, 49.836, '2026-03-11 13:54:35'),(10, 49.844, '2026-03-11 12:54:35'),(10, 50.359, '2026-03-11 11:54:35'),(10, 49.586, '2026-03-11 10:54:35'),(10, 49.604, '2026-03-11 09:54:35'),(10, 50.289, '2026-03-11 08:54:35'),(10, 49.78, '2026-03-11 07:54:35'),(10, 50.424, '2026-03-11 06:54:35'),(10, 50.133, '2026-03-11 05:54:35'),(10, 49.653, '2026-03-11 04:54:35'),(10, 49.92, '2026-03-11 03:54:35'),(10, 50.334, '2026-03-11 02:54:35'),(10, 49.575, '2026-03-11 01:54:35'),(10, 50.326, '2026-03-11 00:54:35'),(10, 49.696, '2026-03-10 23:54:35'),(10, 25.244, '2026-03-10 22:54:35'),(10, 50.467, '2026-03-10 21:54:35'),(10, 50.379, '2026-03-10 20:54:35'),(10, 49.824, '2026-03-10 19:54:35'),(10, 49.619, '2026-03-10 18:54:35'),(10, 50.014, '2026-03-10 17:54:35'),(10, 50.392, '2026-03-10 16:54:35'),(10, 50.1, '2026-03-10 15:54:35'),(10, 49.551, '2026-03-10 14:54:35'),(10, 49.613, '2026-03-10 13:54:35'),(10, 49.572, '2026-03-10 12:54:35'),(10, 49.667, '2026-03-10 11:54:35'),(10, 50.451, '2026-03-10 10:54:35'),(10, 50.414, '2026-03-10 09:54:35'),(10, 50.223, '2026-03-10 08:54:35'),(10, 50.472, '2026-03-10 07:54:35'),(10, 49.688, '2026-03-10 06:54:35'),(10, 50.172, '2026-03-10 05:54:35'),(10, 49.931, '2026-03-10 04:54:35'),(10, 74.409, '2026-03-10 03:54:35'),(10, 49.728, '2026-03-10 02:54:35'),(10, 49.995, '2026-03-10 01:54:35'),(10, 50.25, '2026-03-10 00:54:35'),(10, 49.873, '2026-03-09 23:54:35'),(10, 50.072, '2026-03-09 22:54:35'),(10, 50.13, '2026-03-09 21:54:35'),(10, 49.738, '2026-03-09 20:54:35'),(10, 49.692, '2026-03-09 19:54:35'),(10, 49.783, '2026-03-09 18:54:35'),(10, 50.426, '2026-03-09 17:54:35'),(10, 50.195, '2026-03-09 16:54:35'),(10, 50.43, '2026-03-09 15:54:35'),(10, 49.878, '2026-03-09 14:54:35'),(10, 49.795, '2026-03-09 13:54:35'),(10, 50.405, '2026-03-09 12:54:35'),(10, 50.092, '2026-03-09 11:54:35'),(10, 49.55, '2026-03-09 10:54:35'),(10, 49.877, '2026-03-09 09:54:35'),(10, 49.579, '2026-03-09 08:54:35'),(10, 49.99, '2026-03-09 07:54:35'),(10, 49.528, '2026-03-09 06:54:35'),(10, 49.844, '2026-03-09 05:54:35'),(10, 49.516, '2026-03-09 04:54:35'),(10, 50.151, '2026-03-09 03:54:35'),(10, 49.63, '2026-03-09 02:54:35'),(10, 50.224, '2026-03-09 01:54:35'),(10, 50.419, '2026-03-09 00:54:35'),(10, 50.121, '2026-03-08 23:54:35'),(10, 50.318, '2026-03-08 22:54:35'),(10, 50.2, '2026-03-08 21:54:35'),(10, 49.768, '2026-03-08 20:54:35'),(10, 49.78, '2026-03-08 19:54:35'),(10, 49.76, '2026-03-08 18:54:35'),(10, 50.439, '2026-03-08 17:54:35'),(10, 74.603, '2026-03-08 16:54:35'),(10, 49.594, '2026-03-08 15:54:35'),(10, 49.506, '2026-03-08 14:54:35'),(10, 49.554, '2026-03-08 13:54:35'),(10, 49.604, '2026-03-08 12:54:35'),(10, 50.454, '2026-03-08 11:54:35'),(10, 49.782, '2026-03-08 10:54:35'),(10, 49.878, '2026-03-08 09:54:35'),(10, 50.164, '2026-03-08 08:54:35'),(10, 50.156, '2026-03-08 07:54:35'),(10, 49.579, '2026-03-08 06:54:35'),(10, 50.166, '2026-03-08 05:54:35'),(10, 49.551, '2026-03-08 04:54:35'),(10, 50.268, '2026-03-08 03:54:35'),(10, 49.801, '2026-03-08 02:54:35'),(10, 50.155, '2026-03-08 01:54:35'),(10, 50.206, '2026-03-08 00:54:35'),(10, 50.295, '2026-03-07 23:54:35'),(10, 49.885, '2026-03-07 22:54:35'),(10, 50.468, '2026-03-07 21:54:35'),(10, 50.392, '2026-03-07 20:54:35'),(10, 49.886, '2026-03-07 19:54:35'),(10, 50.08, '2026-03-07 18:54:35'),(10, 49.633, '2026-03-07 17:54:35'),(10, 50.274, '2026-03-07 16:54:35'),(10, 50.458, '2026-03-07 15:54:35'),(10, 50.426, '2026-03-07 14:54:35'),(10, 49.576, '2026-03-07 13:54:35'),(10, 49.516, '2026-03-07 12:54:35'),(10, 49.822, '2026-03-07 11:54:35'),(10, 49.712, '2026-03-07 10:54:35'),(10, 49.968, '2026-03-07 09:54:35'),(10, 50.077, '2026-03-07 08:54:35'),(10, 49.713, '2026-03-07 07:54:35'),(10, 49.621, '2026-03-07 06:54:35'),(10, 49.634, '2026-03-07 05:54:35'),(10, 49.872, '2026-03-07 04:54:35'),(10, 50.014, '2026-03-07 03:54:35'),(10, 49.769, '2026-03-07 02:54:35'),(10, 49.867, '2026-03-07 01:54:35'),(10, 49.538, '2026-03-07 00:54:35'),(10, 49.719, '2026-03-06 23:54:35'),(10, 50.01, '2026-03-06 22:54:35'),(10, 50.246, '2026-03-06 21:54:35'),(10, 49.918, '2026-03-06 20:54:35'),(10, 50.128, '2026-03-06 19:54:35'),(10, 49.534, '2026-03-06 18:54:35'),(10, 49.806, '2026-03-06 17:54:35'),(10, 50.059, '2026-03-06 16:54:35'),(10, 49.676, '2026-03-06 15:54:35'),(10, 49.703, '2026-03-06 14:54:35'),(10, 49.54, '2026-03-06 13:54:35'),(10, 50.092, '2026-03-06 12:54:35'),(10, 50.295, '2026-03-06 11:54:35'),(10, 49.799, '2026-03-06 10:54:35'),(10, 49.758, '2026-03-06 09:54:35'),(10, 49.869, '2026-03-06 08:54:35'),(10, 50.495, '2026-03-06 07:54:35'),(10, 50.114, '2026-03-06 06:54:35'),(10, 50.017, '2026-03-06 05:54:35'),(10, 49.521, '2026-03-06 04:54:35'),(10, 49.705, '2026-03-06 03:54:35'),(10, 49.726, '2026-03-06 02:54:35'),(10, 49.993, '2026-03-06 01:54:35'),(10, 50.141, '2026-03-06 00:54:35'),(10, 49.717, '2026-03-05 23:54:35'),(10, 49.622, '2026-03-05 22:54:35'),(10, 49.557, '2026-03-05 21:54:35'),(10, 50.015, '2026-03-05 20:54:35'),(10, 50.176, '2026-03-05 19:54:35'),(10, 50.475, '2026-03-05 18:54:35'),(10, 49.675, '2026-03-05 17:54:35'),(10, 49.847, '2026-03-05 16:54:35'),(10, 49.67, '2026-03-05 15:54:35'),(10, 49.904, '2026-03-05 14:54:35'),(10, 50.457, '2026-03-05 13:54:35'),(10, 49.629, '2026-03-05 12:54:35'),(10, 49.819, '2026-03-05 11:54:35'),(10, 49.889, '2026-03-05 10:54:35'),(10, 50.143, '2026-03-05 09:54:35'),(10, 49.6, '2026-03-05 08:54:35'),(10, 49.533, '2026-03-05 07:54:35'),(10, 49.647, '2026-03-05 06:54:35'),(10, 49.576, '2026-03-05 05:54:35'),(10, 50.254, '2026-03-05 04:54:35'),(10, 50.204, '2026-03-05 03:54:35'),(10, 50.239, '2026-03-05 02:54:35'),(10, 50.242, '2026-03-05 01:54:35'),(10, 50.016, '2026-03-05 00:54:35'),(10, 50.171, '2026-03-04 23:54:35'),(10, 50.028, '2026-03-04 22:54:35'),(10, 50.358, '2026-03-04 21:54:35'),(10, 50.093, '2026-03-04 20:54:35'),(10, 50.209, '2026-03-04 19:54:35'),(10, 50.394, '2026-03-04 18:54:35'),(10, 50.005, '2026-03-04 17:54:35'),(10, 50.427, '2026-03-04 16:54:35'),(10, 50.157, '2026-03-04 15:54:35'),(10, 50.111, '2026-03-04 14:54:35'),(10, 49.511, '2026-03-04 13:54:35'),(10, 49.823, '2026-03-04 12:54:35'),(10, 49.562, '2026-03-04 11:54:35'),(10, 49.965, '2026-03-04 10:54:35'),(10, 50.479, '2026-03-04 09:54:35'),(10, 49.889, '2026-03-04 08:54:35'),(10, 49.555, '2026-03-04 07:54:35'),(10, 50.383, '2026-03-04 06:54:35'),(10, 50.152, '2026-03-04 05:54:35'),(10, 50.092, '2026-03-04 04:54:35'),(10, 50.342, '2026-03-04 03:54:35'),(10, 49.925, '2026-03-04 02:54:35'),(10, 49.747, '2026-03-04 01:54:35'),(10, 49.916, '2026-03-04 00:54:35'),(10, 49.694, '2026-03-03 23:54:35'),(10, 50.101, '2026-03-03 22:54:35'),(10, 49.977, '2026-03-03 21:54:35'),(10, 50.399, '2026-03-03 20:54:35'),(10, 50.078, '2026-03-03 19:54:35'),(10, 50.22, '2026-03-03 18:54:35'),(10, 49.587, '2026-03-03 17:54:35'),(10, 49.637, '2026-03-03 16:54:35'),(10, 49.615, '2026-03-03 15:54:35'),(10, 50.306, '2026-03-03 14:54:35'),(10, 49.765, '2026-03-03 13:54:35'),(10, 50.195, '2026-03-03 12:54:35'),(10, 49.791, '2026-03-03 11:54:35'),(10, 49.698, '2026-03-03 10:54:35'),(10, 50.142, '2026-03-03 09:54:35'),(10, 49.644, '2026-03-03 08:54:35'),(10, 50.321, '2026-03-03 07:54:35'),(10, 50.018, '2026-03-03 06:54:35'),(10, 49.726, '2026-03-03 05:54:35'),(10, 50.235, '2026-03-03 04:54:35'),(10, 50.029, '2026-03-03 03:54:35'),(10, 49.89, '2026-03-03 02:54:35'),(10, 50.28, '2026-03-03 01:54:35'),(10, 50.306, '2026-03-03 00:54:35'),(10, 50.475, '2026-03-02 23:54:35'),(10, 50.487, '2026-03-02 22:54:35'),(10, 49.619, '2026-03-02 21:54:35'),(10, 49.911, '2026-03-02 20:54:35'),(10, 49.798, '2026-03-02 19:54:35'),(10, 49.578, '2026-03-02 18:54:35'),(10, 50.103, '2026-03-02 17:54:35'),(10, 49.592, '2026-03-02 16:54:35'),(10, 49.709, '2026-03-02 15:54:35'),(10, 49.78, '2026-03-02 14:54:35'),(10, 50.453, '2026-03-02 13:54:35'),(10, 50.107, '2026-03-02 12:54:35'),(10, 50.039, '2026-03-02 11:54:35'),(10, 50.097, '2026-03-02 10:54:35'),(10, 50.277, '2026-03-02 09:54:35'),(10, 50.18, '2026-03-02 08:54:35'),(10, 50.297, '2026-03-02 07:54:35'),(10, 50.302, '2026-03-02 06:54:35'),(10, 50.491, '2026-03-02 05:54:35'),(10, 49.972, '2026-03-02 04:54:35'),(10, 50.091, '2026-03-02 03:54:35'),(10, 49.642, '2026-03-02 02:54:35'),(10, 49.735, '2026-03-02 01:54:35'),(10, 50.182, '2026-03-02 00:54:35'),(10, 50.355, '2026-03-01 23:54:35'),(10, 50.211, '2026-03-01 22:54:35'),(10, 50.274, '2026-03-01 21:54:35'),(10, 50.102, '2026-03-01 20:54:35'),(10, 49.651, '2026-03-01 19:54:35'),(10, 49.947, '2026-03-01 18:54:35'),(10, 50.274, '2026-03-01 17:54:35'),(10, 50.498, '2026-03-01 16:54:35'),(10, 49.915, '2026-03-01 15:54:35'),(10, 50.006, '2026-03-01 14:54:35'),(10, 49.521, '2026-03-01 13:54:35');
INSERT INTO mining_sensors (id, type_id, name, lat, lng, status, current_value) VALUES (11, 4, 'Radar de Taludes 02', -17.243282378165983, -70.6108129373654, 'active', 50.0);
INSERT INTO mining_sensor_history (sensor_id, value, timestamp) VALUES (11, 50.45, '2026-03-16 12:54:35'),(11, 50.427, '2026-03-16 11:54:35'),(11, 50.455, '2026-03-16 10:54:35'),(11, 49.716, '2026-03-16 09:54:35'),(11, 49.538, '2026-03-16 08:54:35'),(11, 49.838, '2026-03-16 07:54:35'),(11, 50.04, '2026-03-16 06:54:35'),(11, 49.702, '2026-03-16 05:54:35'),(11, 50.133, '2026-03-16 04:54:35'),(11, 49.901, '2026-03-16 03:54:35'),(11, 49.629, '2026-03-16 02:54:35'),(11, 49.82, '2026-03-16 01:54:35'),(11, 49.521, '2026-03-16 00:54:35'),(11, 49.981, '2026-03-15 23:54:35'),(11, 49.866, '2026-03-15 22:54:35'),(11, 49.66, '2026-03-15 21:54:35'),(11, 50.423, '2026-03-15 20:54:35'),(11, 50.266, '2026-03-15 19:54:35'),(11, 50.033, '2026-03-15 18:54:35'),(11, 49.868, '2026-03-15 17:54:35'),(11, 49.548, '2026-03-15 16:54:35'),(11, 49.992, '2026-03-15 15:54:35'),(11, 50.364, '2026-03-15 14:54:35'),(11, 50.233, '2026-03-15 13:54:35'),(11, 49.67, '2026-03-15 12:54:35'),(11, 49.505, '2026-03-15 11:54:35'),(11, 50.109, '2026-03-15 10:54:35'),(11, 49.958, '2026-03-15 09:54:35'),(11, 50.349, '2026-03-15 08:54:35'),(11, 49.882, '2026-03-15 07:54:35'),(11, 50.235, '2026-03-15 06:54:35'),(11, 50.355, '2026-03-15 05:54:35'),(11, 49.661, '2026-03-15 04:54:35'),(11, 50.193, '2026-03-15 03:54:35'),(11, 49.974, '2026-03-15 02:54:35'),(11, 49.967, '2026-03-15 01:54:35'),(11, 50.044, '2026-03-15 00:54:35'),(11, 49.641, '2026-03-14 23:54:35'),(11, 49.525, '2026-03-14 22:54:35'),(11, 49.941, '2026-03-14 21:54:35'),(11, 50.113, '2026-03-14 20:54:35'),(11, 49.949, '2026-03-14 19:54:35'),(11, 49.901, '2026-03-14 18:54:35'),(11, 50.18, '2026-03-14 17:54:35'),(11, 49.877, '2026-03-14 16:54:35'),(11, 50.198, '2026-03-14 15:54:35'),(11, 49.696, '2026-03-14 14:54:35'),(11, 49.911, '2026-03-14 13:54:35'),(11, 50.342, '2026-03-14 12:54:35'),(11, 50.202, '2026-03-14 11:54:35'),(11, 49.779, '2026-03-14 10:54:35'),(11, 49.93, '2026-03-14 09:54:35'),(11, 50.373, '2026-03-14 08:54:35'),(11, 50.266, '2026-03-14 07:54:35'),(11, 49.998, '2026-03-14 06:54:35'),(11, 49.772, '2026-03-14 05:54:35'),(11, 49.711, '2026-03-14 04:54:35'),(11, 50.186, '2026-03-14 03:54:35'),(11, 49.965, '2026-03-14 02:54:35'),(11, 50.177, '2026-03-14 01:54:35'),(11, 50.12, '2026-03-14 00:54:35'),(11, 49.715, '2026-03-13 23:54:35'),(11, 50.031, '2026-03-13 22:54:35'),(11, 50.014, '2026-03-13 21:54:35'),(11, 49.693, '2026-03-13 20:54:35'),(11, 49.992, '2026-03-13 19:54:35'),(11, 50.206, '2026-03-13 18:54:35'),(11, 49.599, '2026-03-13 17:54:35'),(11, 49.547, '2026-03-13 16:54:35'),(11, 49.927, '2026-03-13 15:54:35'),(11, 50.105, '2026-03-13 14:54:35'),(11, 49.892, '2026-03-13 13:54:35'),(11, 50.172, '2026-03-13 12:54:35'),(11, 50.279, '2026-03-13 11:54:35'),(11, 50.487, '2026-03-13 10:54:35'),(11, 49.898, '2026-03-13 09:54:35'),(11, 49.625, '2026-03-13 08:54:35'),(11, 50.184, '2026-03-13 07:54:35'),(11, 49.671, '2026-03-13 06:54:35'),(11, 49.817, '2026-03-13 05:54:35'),(11, 49.527, '2026-03-13 04:54:35'),(11, 50.474, '2026-03-13 03:54:35'),(11, 50.0, '2026-03-13 02:54:35'),(11, 49.512, '2026-03-13 01:54:35'),(11, 49.501, '2026-03-13 00:54:35'),(11, 49.927, '2026-03-12 23:54:35'),(11, 49.559, '2026-03-12 22:54:35'),(11, 50.402, '2026-03-12 21:54:35'),(11, 50.244, '2026-03-12 20:54:35'),(11, 49.824, '2026-03-12 19:54:35'),(11, 49.722, '2026-03-12 18:54:35'),(11, 50.325, '2026-03-12 17:54:35'),(11, 50.306, '2026-03-12 16:54:35'),(11, 50.184, '2026-03-12 15:54:35'),(11, 50.001, '2026-03-12 14:54:35'),(11, 50.014, '2026-03-12 13:54:35'),(11, 50.117, '2026-03-12 12:54:35'),(11, 49.792, '2026-03-12 11:54:35'),(11, 49.726, '2026-03-12 10:54:35'),(11, 49.961, '2026-03-12 09:54:35'),(11, 49.903, '2026-03-12 08:54:35'),(11, 49.907, '2026-03-12 07:54:35'),(11, 50.036, '2026-03-12 06:54:35'),(11, 50.096, '2026-03-12 05:54:35'),(11, 49.54, '2026-03-12 04:54:35'),(11, 50.325, '2026-03-12 03:54:35'),(11, 49.628, '2026-03-12 02:54:35'),(11, 50.34, '2026-03-12 01:54:35'),(11, 49.805, '2026-03-12 00:54:35'),(11, 49.539, '2026-03-11 23:54:35'),(11, 49.758, '2026-03-11 22:54:35'),(11, 50.071, '2026-03-11 21:54:35'),(11, 50.264, '2026-03-11 20:54:35'),(11, 50.088, '2026-03-11 19:54:35'),(11, 49.519, '2026-03-11 18:54:35'),(11, 49.976, '2026-03-11 17:54:35'),(11, 49.576, '2026-03-11 16:54:35'),(11, 50.381, '2026-03-11 15:54:35'),(11, 49.958, '2026-03-11 14:54:35'),(11, 49.822, '2026-03-11 13:54:35'),(11, 50.06, '2026-03-11 12:54:35'),(11, 49.876, '2026-03-11 11:54:35'),(11, 50.316, '2026-03-11 10:54:35'),(11, 49.997, '2026-03-11 09:54:35'),(11, 49.855, '2026-03-11 08:54:35'),(11, 49.923, '2026-03-11 07:54:35'),(11, 50.423, '2026-03-11 06:54:35'),(11, 49.76, '2026-03-11 05:54:35'),(11, 50.437, '2026-03-11 04:54:35'),(11, 50.417, '2026-03-11 03:54:35'),(11, 49.931, '2026-03-11 02:54:35'),(11, 49.735, '2026-03-11 01:54:35'),(11, 49.508, '2026-03-11 00:54:35'),(11, 49.87, '2026-03-10 23:54:35'),(11, 50.007, '2026-03-10 22:54:35'),(11, 50.376, '2026-03-10 21:54:35'),(11, 50.328, '2026-03-10 20:54:35'),(11, 49.984, '2026-03-10 19:54:35'),(11, 50.095, '2026-03-10 18:54:35'),(11, 50.22, '2026-03-10 17:54:35'),(11, 49.682, '2026-03-10 16:54:35'),(11, 49.677, '2026-03-10 15:54:35'),(11, 50.427, '2026-03-10 14:54:35'),(11, 49.577, '2026-03-10 13:54:35'),(11, 50.334, '2026-03-10 12:54:35'),(11, 50.412, '2026-03-10 11:54:35'),(11, 50.045, '2026-03-10 10:54:35'),(11, 49.674, '2026-03-10 09:54:35'),(11, 49.843, '2026-03-10 08:54:35'),(11, 49.74, '2026-03-10 07:54:35'),(11, 49.783, '2026-03-10 06:54:35'),(11, 50.143, '2026-03-10 05:54:35'),(11, 50.073, '2026-03-10 04:54:35'),(11, 50.191, '2026-03-10 03:54:35'),(11, 50.146, '2026-03-10 02:54:35'),(11, 50.037, '2026-03-10 01:54:35'),(11, 50.323, '2026-03-10 00:54:35'),(11, 50.215, '2026-03-09 23:54:35'),(11, 50.042, '2026-03-09 22:54:35'),(11, 49.849, '2026-03-09 21:54:35'),(11, 50.31, '2026-03-09 20:54:35'),(11, 49.578, '2026-03-09 19:54:35'),(11, 50.313, '2026-03-09 18:54:35'),(11, 49.579, '2026-03-09 17:54:35'),(11, 49.817, '2026-03-09 16:54:35'),(11, 50.295, '2026-03-09 15:54:35'),(11, 49.952, '2026-03-09 14:54:35'),(11, 50.117, '2026-03-09 13:54:35'),(11, 49.638, '2026-03-09 12:54:35'),(11, 49.647, '2026-03-09 11:54:35'),(11, 49.842, '2026-03-09 10:54:35'),(11, 50.249, '2026-03-09 09:54:35'),(11, 49.658, '2026-03-09 08:54:35'),(11, 49.994, '2026-03-09 07:54:35'),(11, 50.413, '2026-03-09 06:54:35'),(11, 49.993, '2026-03-09 05:54:35'),(11, 49.775, '2026-03-09 04:54:35'),(11, 49.693, '2026-03-09 03:54:35'),(11, 49.752, '2026-03-09 02:54:35'),(11, 49.554, '2026-03-09 01:54:35'),(11, 49.573, '2026-03-09 00:54:35'),(11, 50.409, '2026-03-08 23:54:35'),(11, 50.393, '2026-03-08 22:54:35'),(11, 49.93, '2026-03-08 21:54:35'),(11, 49.736, '2026-03-08 20:54:35'),(11, 49.674, '2026-03-08 19:54:35'),(11, 50.104, '2026-03-08 18:54:35'),(11, 50.216, '2026-03-08 17:54:35'),(11, 50.388, '2026-03-08 16:54:35'),(11, 49.905, '2026-03-08 15:54:35'),(11, 50.009, '2026-03-08 14:54:35'),(11, 49.811, '2026-03-08 13:54:35'),(11, 50.036, '2026-03-08 12:54:35'),(11, 50.219, '2026-03-08 11:54:35'),(11, 50.483, '2026-03-08 10:54:35'),(11, 50.185, '2026-03-08 09:54:35'),(11, 49.775, '2026-03-08 08:54:35'),(11, 50.168, '2026-03-08 07:54:35'),(11, 50.022, '2026-03-08 06:54:35'),(11, 49.66, '2026-03-08 05:54:35'),(11, 50.482, '2026-03-08 04:54:35'),(11, 49.536, '2026-03-08 03:54:35'),(11, 50.072, '2026-03-08 02:54:35'),(11, 50.066, '2026-03-08 01:54:35'),(11, 49.668, '2026-03-08 00:54:35'),(11, 49.836, '2026-03-07 23:54:35'),(11, 49.546, '2026-03-07 22:54:35'),(11, 50.342, '2026-03-07 21:54:35'),(11, 49.772, '2026-03-07 20:54:35'),(11, 49.96, '2026-03-07 19:54:35'),(11, 50.247, '2026-03-07 18:54:35'),(11, 49.755, '2026-03-07 17:54:35'),(11, 49.616, '2026-03-07 16:54:35'),(11, 50.158, '2026-03-07 15:54:35'),(11, 49.641, '2026-03-07 14:54:35'),(11, 49.701, '2026-03-07 13:54:35'),(11, 49.812, '2026-03-07 12:54:35'),(11, 49.551, '2026-03-07 11:54:35'),(11, 50.451, '2026-03-07 10:54:35'),(11, 50.326, '2026-03-07 09:54:35'),(11, 50.219, '2026-03-07 08:54:35'),(11, 49.767, '2026-03-07 07:54:35'),(11, 50.249, '2026-03-07 06:54:35'),(11, 49.893, '2026-03-07 05:54:35'),(11, 50.134, '2026-03-07 04:54:35'),(11, 50.449, '2026-03-07 03:54:35'),(11, 50.267, '2026-03-07 02:54:35'),(11, 50.18, '2026-03-07 01:54:35'),(11, 49.537, '2026-03-07 00:54:35'),(11, 49.817, '2026-03-06 23:54:35'),(11, 49.793, '2026-03-06 22:54:35'),(11, 50.469, '2026-03-06 21:54:35'),(11, 49.86, '2026-03-06 20:54:35'),(11, 49.655, '2026-03-06 19:54:35'),(11, 49.711, '2026-03-06 18:54:35'),(11, 49.651, '2026-03-06 17:54:35'),(11, 49.565, '2026-03-06 16:54:35'),(11, 49.878, '2026-03-06 15:54:35'),(11, 49.506, '2026-03-06 14:54:35'),(11, 49.551, '2026-03-06 13:54:35'),(11, 50.411, '2026-03-06 12:54:35'),(11, 49.896, '2026-03-06 11:54:35'),(11, 49.565, '2026-03-06 10:54:35'),(11, 50.439, '2026-03-06 09:54:35'),(11, 50.003, '2026-03-06 08:54:35'),(11, 49.933, '2026-03-06 07:54:35'),(11, 50.119, '2026-03-06 06:54:35'),(11, 49.837, '2026-03-06 05:54:35'),(11, 49.631, '2026-03-06 04:54:35'),(11, 50.134, '2026-03-06 03:54:35'),(11, 49.62, '2026-03-06 02:54:35'),(11, 50.253, '2026-03-06 01:54:35'),(11, 49.714, '2026-03-06 00:54:35'),(11, 50.301, '2026-03-05 23:54:35'),(11, 24.881, '2026-03-05 22:54:35'),(11, 50.399, '2026-03-05 21:54:35'),(11, 50.038, '2026-03-05 20:54:35'),(11, 49.886, '2026-03-05 19:54:35'),(11, 49.921, '2026-03-05 18:54:35'),(11, 49.658, '2026-03-05 17:54:35'),(11, 50.132, '2026-03-05 16:54:35'),(11, 50.076, '2026-03-05 15:54:35'),(11, 50.165, '2026-03-05 14:54:35'),(11, 50.006, '2026-03-05 13:54:35'),(11, 50.067, '2026-03-05 12:54:35'),(11, 49.74, '2026-03-05 11:54:35'),(11, 50.01, '2026-03-05 10:54:35'),(11, 49.787, '2026-03-05 09:54:35'),(11, 50.27, '2026-03-05 08:54:35'),(11, 49.827, '2026-03-05 07:54:35'),(11, 49.73, '2026-03-05 06:54:35'),(11, 49.562, '2026-03-05 05:54:35'),(11, 50.459, '2026-03-05 04:54:35'),(11, 49.907, '2026-03-05 03:54:35'),(11, 49.841, '2026-03-05 02:54:35'),(11, 49.759, '2026-03-05 01:54:35'),(11, 49.525, '2026-03-05 00:54:35'),(11, 49.517, '2026-03-04 23:54:35'),(11, 49.537, '2026-03-04 22:54:35'),(11, 50.339, '2026-03-04 21:54:35'),(11, 49.932, '2026-03-04 20:54:35'),(11, 49.933, '2026-03-04 19:54:35'),(11, 50.357, '2026-03-04 18:54:35'),(11, 49.82, '2026-03-04 17:54:35'),(11, 50.37, '2026-03-04 16:54:35'),(11, 49.596, '2026-03-04 15:54:35'),(11, 49.617, '2026-03-04 14:54:35'),(11, 49.632, '2026-03-04 13:54:35'),(11, 49.883, '2026-03-04 12:54:35'),(11, 24.964, '2026-03-04 11:54:35'),(11, 49.607, '2026-03-04 10:54:35'),(11, 49.968, '2026-03-04 09:54:35'),(11, 49.592, '2026-03-04 08:54:35'),(11, 49.829, '2026-03-04 07:54:35'),(11, 49.55, '2026-03-04 06:54:35'),(11, 49.896, '2026-03-04 05:54:35'),(11, 50.381, '2026-03-04 04:54:35'),(11, 49.861, '2026-03-04 03:54:35'),(11, 50.38, '2026-03-04 02:54:35'),(11, 50.069, '2026-03-04 01:54:35'),(11, 49.79, '2026-03-04 00:54:35'),(11, 49.607, '2026-03-03 23:54:35'),(11, 50.204, '2026-03-03 22:54:35'),(11, 50.499, '2026-03-03 21:54:35'),(11, 50.145, '2026-03-03 20:54:35'),(11, 49.642, '2026-03-03 19:54:35'),(11, 50.156, '2026-03-03 18:54:35'),(11, 50.031, '2026-03-03 17:54:35'),(11, 49.628, '2026-03-03 16:54:35'),(11, 49.67, '2026-03-03 15:54:35'),(11, 50.309, '2026-03-03 14:54:35'),(11, 50.303, '2026-03-03 13:54:35'),(11, 49.677, '2026-03-03 12:54:35'),(11, 49.541, '2026-03-03 11:54:35'),(11, 49.999, '2026-03-03 10:54:35'),(11, 49.591, '2026-03-03 09:54:35'),(11, 49.867, '2026-03-03 08:54:35'),(11, 49.678, '2026-03-03 07:54:35'),(11, 50.133, '2026-03-03 06:54:35'),(11, 49.76, '2026-03-03 05:54:35'),(11, 49.705, '2026-03-03 04:54:35'),(11, 49.705, '2026-03-03 03:54:35'),(11, 50.072, '2026-03-03 02:54:35'),(11, 50.002, '2026-03-03 01:54:35'),(11, 50.336, '2026-03-03 00:54:35'),(11, 50.441, '2026-03-02 23:54:35'),(11, 50.409, '2026-03-02 22:54:35'),(11, 49.722, '2026-03-02 21:54:35'),(11, 49.842, '2026-03-02 20:54:35'),(11, 50.406, '2026-03-02 19:54:35'),(11, 50.015, '2026-03-02 18:54:35'),(11, 50.24, '2026-03-02 17:54:35'),(11, 49.923, '2026-03-02 16:54:35'),(11, 49.858, '2026-03-02 15:54:35'),(11, 49.524, '2026-03-02 14:54:35'),(11, 50.043, '2026-03-02 13:54:35'),(11, 49.797, '2026-03-02 12:54:35'),(11, 50.062, '2026-03-02 11:54:35'),(11, 49.91, '2026-03-02 10:54:35'),(11, 50.234, '2026-03-02 09:54:35'),(11, 49.988, '2026-03-02 08:54:35'),(11, 49.521, '2026-03-02 07:54:35'),(11, 49.913, '2026-03-02 06:54:35'),(11, 50.449, '2026-03-02 05:54:35'),(11, 50.268, '2026-03-02 04:54:35'),(11, 50.059, '2026-03-02 03:54:35'),(11, 50.491, '2026-03-02 02:54:35'),(11, 49.976, '2026-03-02 01:54:35'),(11, 49.914, '2026-03-02 00:54:35'),(11, 49.726, '2026-03-01 23:54:35'),(11, 50.288, '2026-03-01 22:54:35'),(11, 49.902, '2026-03-01 21:54:35'),(11, 50.165, '2026-03-01 20:54:35'),(11, 50.435, '2026-03-01 19:54:35'),(11, 49.833, '2026-03-01 18:54:35'),(11, 50.015, '2026-03-01 17:54:35'),(11, 49.712, '2026-03-01 16:54:35'),(11, 50.337, '2026-03-01 15:54:35'),(11, 49.574, '2026-03-01 14:54:35'),(11, 49.821, '2026-03-01 13:54:35');
INSERT INTO mining_sensors (id, type_id, name, lat, lng, status, current_value) VALUES (12, 4, 'Radar de Taludes 03', -17.249448439264633, -70.61451071052169, 'active', 50.0);
INSERT INTO mining_sensor_history (sensor_id, value, timestamp) VALUES (12, 50.092, '2026-03-16 12:54:35'),(12, 50.074, '2026-03-16 11:54:35'),(12, 50.169, '2026-03-16 10:54:35'),(12, 50.152, '2026-03-16 09:54:35'),(12, 50.144, '2026-03-16 08:54:35'),(12, 50.393, '2026-03-16 07:54:35'),(12, 50.38, '2026-03-16 06:54:35'),(12, 49.502, '2026-03-16 05:54:35'),(12, 50.089, '2026-03-16 04:54:35'),(12, 50.005, '2026-03-16 03:54:35'),(12, 49.563, '2026-03-16 02:54:35'),(12, 50.483, '2026-03-16 01:54:35'),(12, 50.046, '2026-03-16 00:54:35'),(12, 50.261, '2026-03-15 23:54:35'),(12, 50.001, '2026-03-15 22:54:35'),(12, 49.664, '2026-03-15 21:54:35'),(12, 50.407, '2026-03-15 20:54:35'),(12, 50.279, '2026-03-15 19:54:35'),(12, 49.936, '2026-03-15 18:54:35'),(12, 49.541, '2026-03-15 17:54:35'),(12, 50.247, '2026-03-15 16:54:35'),(12, 50.433, '2026-03-15 15:54:35'),(12, 50.292, '2026-03-15 14:54:35'),(12, 49.771, '2026-03-15 13:54:35'),(12, 49.721, '2026-03-15 12:54:35'),(12, 49.583, '2026-03-15 11:54:35'),(12, 49.913, '2026-03-15 10:54:35'),(12, 49.915, '2026-03-15 09:54:35'),(12, 50.408, '2026-03-15 08:54:35'),(12, 50.487, '2026-03-15 07:54:35'),(12, 49.606, '2026-03-15 06:54:35'),(12, 50.406, '2026-03-15 05:54:35'),(12, 50.304, '2026-03-15 04:54:35'),(12, 49.763, '2026-03-15 03:54:35'),(12, 50.006, '2026-03-15 02:54:35'),(12, 49.615, '2026-03-15 01:54:35'),(12, 49.712, '2026-03-15 00:54:35'),(12, 50.307, '2026-03-14 23:54:35'),(12, 49.823, '2026-03-14 22:54:35'),(12, 50.25, '2026-03-14 21:54:35'),(12, 50.204, '2026-03-14 20:54:35'),(12, 50.344, '2026-03-14 19:54:35'),(12, 49.596, '2026-03-14 18:54:35'),(12, 49.918, '2026-03-14 17:54:35'),(12, 50.452, '2026-03-14 16:54:35'),(12, 50.321, '2026-03-14 15:54:35'),(12, 50.413, '2026-03-14 14:54:35'),(12, 49.737, '2026-03-14 13:54:35'),(12, 49.77, '2026-03-14 12:54:35'),(12, 49.815, '2026-03-14 11:54:35'),(12, 50.309, '2026-03-14 10:54:35'),(12, 49.747, '2026-03-14 09:54:35'),(12, 50.126, '2026-03-14 08:54:35'),(12, 50.055, '2026-03-14 07:54:35'),(12, 49.913, '2026-03-14 06:54:35'),(12, 50.136, '2026-03-14 05:54:35'),(12, 49.967, '2026-03-14 04:54:35'),(12, 50.442, '2026-03-14 03:54:35'),(12, 49.553, '2026-03-14 02:54:35'),(12, 49.501, '2026-03-14 01:54:35'),(12, 49.637, '2026-03-14 00:54:35'),(12, 49.776, '2026-03-13 23:54:35'),(12, 49.99, '2026-03-13 22:54:35'),(12, 50.113, '2026-03-13 21:54:35'),(12, 49.688, '2026-03-13 20:54:35'),(12, 49.985, '2026-03-13 19:54:35'),(12, 50.473, '2026-03-13 18:54:35'),(12, 49.585, '2026-03-13 17:54:35'),(12, 49.539, '2026-03-13 16:54:35'),(12, 49.706, '2026-03-13 15:54:35'),(12, 49.8, '2026-03-13 14:54:35'),(12, 50.31, '2026-03-13 13:54:35'),(12, 49.944, '2026-03-13 12:54:35'),(12, 49.652, '2026-03-13 11:54:35'),(12, 49.728, '2026-03-13 10:54:35'),(12, 50.248, '2026-03-13 09:54:35'),(12, 50.234, '2026-03-13 08:54:35'),(12, 49.512, '2026-03-13 07:54:35'),(12, 50.488, '2026-03-13 06:54:35'),(12, 49.874, '2026-03-13 05:54:35'),(12, 49.715, '2026-03-13 04:54:35'),(12, 50.357, '2026-03-13 03:54:35'),(12, 50.414, '2026-03-13 02:54:35'),(12, 50.191, '2026-03-13 01:54:35'),(12, 50.391, '2026-03-13 00:54:35'),(12, 49.765, '2026-03-12 23:54:35'),(12, 49.983, '2026-03-12 22:54:35'),(12, 50.094, '2026-03-12 21:54:35'),(12, 49.77, '2026-03-12 20:54:35'),(12, 50.155, '2026-03-12 19:54:35'),(12, 49.883, '2026-03-12 18:54:35'),(12, 75.212, '2026-03-12 17:54:35'),(12, 50.058, '2026-03-12 16:54:35'),(12, 50.437, '2026-03-12 15:54:35'),(12, 49.609, '2026-03-12 14:54:35'),(12, 50.094, '2026-03-12 13:54:35'),(12, 50.283, '2026-03-12 12:54:35'),(12, 49.549, '2026-03-12 11:54:35'),(12, 49.703, '2026-03-12 10:54:35'),(12, 50.156, '2026-03-12 09:54:35'),(12, 49.52, '2026-03-12 08:54:35'),(12, 50.408, '2026-03-12 07:54:35'),(12, 50.059, '2026-03-12 06:54:35'),(12, 50.179, '2026-03-12 05:54:35'),(12, 49.779, '2026-03-12 04:54:35'),(12, 49.739, '2026-03-12 03:54:35'),(12, 49.864, '2026-03-12 02:54:35'),(12, 49.956, '2026-03-12 01:54:35'),(12, 49.772, '2026-03-12 00:54:35'),(12, 50.285, '2026-03-11 23:54:35'),(12, 50.209, '2026-03-11 22:54:35'),(12, 49.885, '2026-03-11 21:54:35'),(12, 49.622, '2026-03-11 20:54:35'),(12, 49.871, '2026-03-11 19:54:35'),(12, 50.35, '2026-03-11 18:54:35'),(12, 49.943, '2026-03-11 17:54:35'),(12, 50.105, '2026-03-11 16:54:35'),(12, 50.489, '2026-03-11 15:54:35'),(12, 49.554, '2026-03-11 14:54:35'),(12, 50.107, '2026-03-11 13:54:35'),(12, 49.972, '2026-03-11 12:54:35'),(12, 49.602, '2026-03-11 11:54:35'),(12, 50.351, '2026-03-11 10:54:35'),(12, 49.641, '2026-03-11 09:54:35'),(12, 49.704, '2026-03-11 08:54:35'),(12, 50.219, '2026-03-11 07:54:35'),(12, 50.257, '2026-03-11 06:54:35'),(12, 49.529, '2026-03-11 05:54:35'),(12, 49.51, '2026-03-11 04:54:35'),(12, 49.809, '2026-03-11 03:54:35'),(12, 50.462, '2026-03-11 02:54:35'),(12, 50.186, '2026-03-11 01:54:35'),(12, 49.657, '2026-03-11 00:54:35'),(12, 50.002, '2026-03-10 23:54:35'),(12, 50.192, '2026-03-10 22:54:35'),(12, 50.202, '2026-03-10 21:54:35'),(12, 50.038, '2026-03-10 20:54:35'),(12, 50.169, '2026-03-10 19:54:35'),(12, 50.379, '2026-03-10 18:54:35'),(12, 49.593, '2026-03-10 17:54:35'),(12, 50.158, '2026-03-10 16:54:35'),(12, 49.72, '2026-03-10 15:54:35'),(12, 49.81, '2026-03-10 14:54:35'),(12, 50.341, '2026-03-10 13:54:35'),(12, 49.632, '2026-03-10 12:54:35'),(12, 49.7, '2026-03-10 11:54:35'),(12, 50.265, '2026-03-10 10:54:35'),(12, 49.696, '2026-03-10 09:54:35'),(12, 49.918, '2026-03-10 08:54:35'),(12, 50.327, '2026-03-10 07:54:35'),(12, 50.368, '2026-03-10 06:54:35'),(12, 49.724, '2026-03-10 05:54:35'),(12, 49.708, '2026-03-10 04:54:35'),(12, 50.197, '2026-03-10 03:54:35'),(12, 50.216, '2026-03-10 02:54:35'),(12, 49.512, '2026-03-10 01:54:35'),(12, 50.108, '2026-03-10 00:54:35'),(12, 50.011, '2026-03-09 23:54:35'),(12, 50.179, '2026-03-09 22:54:35'),(12, 50.332, '2026-03-09 21:54:35'),(12, 50.436, '2026-03-09 20:54:35'),(12, 50.486, '2026-03-09 19:54:35'),(12, 49.537, '2026-03-09 18:54:35'),(12, 50.343, '2026-03-09 17:54:35'),(12, 50.416, '2026-03-09 16:54:35'),(12, 49.953, '2026-03-09 15:54:35'),(12, 50.353, '2026-03-09 14:54:35'),(12, 50.079, '2026-03-09 13:54:35'),(12, 50.057, '2026-03-09 12:54:35'),(12, 49.882, '2026-03-09 11:54:35'),(12, 49.706, '2026-03-09 10:54:35'),(12, 49.95, '2026-03-09 09:54:35'),(12, 50.027, '2026-03-09 08:54:35'),(12, 49.626, '2026-03-09 07:54:35'),(12, 50.242, '2026-03-09 06:54:35'),(12, 49.819, '2026-03-09 05:54:35'),(12, 50.203, '2026-03-09 04:54:35'),(12, 24.868, '2026-03-09 03:54:35'),(12, 49.543, '2026-03-09 02:54:35'),(12, 49.756, '2026-03-09 01:54:35'),(12, 50.378, '2026-03-09 00:54:35'),(12, 49.986, '2026-03-08 23:54:35'),(12, 50.057, '2026-03-08 22:54:35'),(12, 49.61, '2026-03-08 21:54:35'),(12, 50.118, '2026-03-08 20:54:35'),(12, 50.142, '2026-03-08 19:54:35'),(12, 50.327, '2026-03-08 18:54:35'),(12, 50.347, '2026-03-08 17:54:35'),(12, 49.812, '2026-03-08 16:54:35'),(12, 50.487, '2026-03-08 15:54:35'),(12, 50.295, '2026-03-08 14:54:35'),(12, 50.473, '2026-03-08 13:54:35'),(12, 50.358, '2026-03-08 12:54:35'),(12, 49.691, '2026-03-08 11:54:35'),(12, 49.766, '2026-03-08 10:54:35'),(12, 50.486, '2026-03-08 09:54:35'),(12, 49.907, '2026-03-08 08:54:35'),(12, 50.487, '2026-03-08 07:54:35'),(12, 49.976, '2026-03-08 06:54:35'),(12, 50.315, '2026-03-08 05:54:35'),(12, 49.943, '2026-03-08 04:54:35'),(12, 50.275, '2026-03-08 03:54:35'),(12, 50.361, '2026-03-08 02:54:35'),(12, 49.761, '2026-03-08 01:54:35'),(12, 50.496, '2026-03-08 00:54:35'),(12, 50.065, '2026-03-07 23:54:35'),(12, 50.319, '2026-03-07 22:54:35'),(12, 49.61, '2026-03-07 21:54:35'),(12, 50.373, '2026-03-07 20:54:35'),(12, 49.787, '2026-03-07 19:54:35'),(12, 50.137, '2026-03-07 18:54:35'),(12, 50.378, '2026-03-07 17:54:35'),(12, 50.185, '2026-03-07 16:54:35'),(12, 50.238, '2026-03-07 15:54:35'),(12, 50.185, '2026-03-07 14:54:35'),(12, 49.734, '2026-03-07 13:54:35'),(12, 49.873, '2026-03-07 12:54:35'),(12, 49.975, '2026-03-07 11:54:35'),(12, 50.2, '2026-03-07 10:54:35'),(12, 49.825, '2026-03-07 09:54:35'),(12, 49.51, '2026-03-07 08:54:35'),(12, 49.78, '2026-03-07 07:54:35'),(12, 49.549, '2026-03-07 06:54:35'),(12, 49.769, '2026-03-07 05:54:35'),(12, 49.689, '2026-03-07 04:54:35'),(12, 50.351, '2026-03-07 03:54:35'),(12, 50.375, '2026-03-07 02:54:35'),(12, 49.54, '2026-03-07 01:54:35'),(12, 49.943, '2026-03-07 00:54:35'),(12, 50.229, '2026-03-06 23:54:35'),(12, 50.02, '2026-03-06 22:54:35'),(12, 50.345, '2026-03-06 21:54:35'),(12, 50.267, '2026-03-06 20:54:35'),(12, 49.847, '2026-03-06 19:54:35'),(12, 50.462, '2026-03-06 18:54:35'),(12, 50.358, '2026-03-06 17:54:35'),(12, 50.407, '2026-03-06 16:54:35'),(12, 49.88, '2026-03-06 15:54:35'),(12, 49.686, '2026-03-06 14:54:35'),(12, 49.748, '2026-03-06 13:54:35'),(12, 50.335, '2026-03-06 12:54:35'),(12, 49.752, '2026-03-06 11:54:35'),(12, 50.074, '2026-03-06 10:54:35'),(12, 49.643, '2026-03-06 09:54:35'),(12, 50.026, '2026-03-06 08:54:35'),(12, 49.732, '2026-03-06 07:54:35'),(12, 50.303, '2026-03-06 06:54:35'),(12, 50.139, '2026-03-06 05:54:35'),(12, 24.946, '2026-03-06 04:54:35'),(12, 49.962, '2026-03-06 03:54:35'),(12, 49.988, '2026-03-06 02:54:35'),(12, 49.767, '2026-03-06 01:54:35'),(12, 50.242, '2026-03-06 00:54:35'),(12, 50.416, '2026-03-05 23:54:35'),(12, 49.792, '2026-03-05 22:54:35'),(12, 50.187, '2026-03-05 21:54:35'),(12, 49.599, '2026-03-05 20:54:35'),(12, 50.117, '2026-03-05 19:54:35'),(12, 49.974, '2026-03-05 18:54:35'),(12, 50.296, '2026-03-05 17:54:35'),(12, 49.864, '2026-03-05 16:54:35'),(12, 49.957, '2026-03-05 15:54:35'),(12, 50.199, '2026-03-05 14:54:35'),(12, 49.583, '2026-03-05 13:54:35'),(12, 50.301, '2026-03-05 12:54:35'),(12, 50.32, '2026-03-05 11:54:35'),(12, 49.713, '2026-03-05 10:54:35'),(12, 49.513, '2026-03-05 09:54:35'),(12, 49.79, '2026-03-05 08:54:35'),(12, 49.754, '2026-03-05 07:54:35'),(12, 49.716, '2026-03-05 06:54:35'),(12, 49.529, '2026-03-05 05:54:35'),(12, 50.293, '2026-03-05 04:54:35'),(12, 49.749, '2026-03-05 03:54:35'),(12, 49.782, '2026-03-05 02:54:35'),(12, 50.435, '2026-03-05 01:54:35'),(12, 49.598, '2026-03-05 00:54:35'),(12, 50.196, '2026-03-04 23:54:35'),(12, 49.511, '2026-03-04 22:54:35'),(12, 49.977, '2026-03-04 21:54:35'),(12, 49.773, '2026-03-04 20:54:35'),(12, 49.837, '2026-03-04 19:54:35'),(12, 50.406, '2026-03-04 18:54:35'),(12, 49.636, '2026-03-04 17:54:35'),(12, 49.755, '2026-03-04 16:54:35'),(12, 49.616, '2026-03-04 15:54:35'),(12, 49.644, '2026-03-04 14:54:35'),(12, 50.31, '2026-03-04 13:54:35'),(12, 50.438, '2026-03-04 12:54:35'),(12, 49.931, '2026-03-04 11:54:35'),(12, 49.586, '2026-03-04 10:54:35'),(12, 49.765, '2026-03-04 09:54:35'),(12, 49.904, '2026-03-04 08:54:35'),(12, 49.97, '2026-03-04 07:54:35'),(12, 49.985, '2026-03-04 06:54:35'),(12, 50.054, '2026-03-04 05:54:35'),(12, 50.023, '2026-03-04 04:54:35'),(12, 50.138, '2026-03-04 03:54:35'),(12, 50.413, '2026-03-04 02:54:35'),(12, 50.39, '2026-03-04 01:54:35'),(12, 50.495, '2026-03-04 00:54:35'),(12, 50.101, '2026-03-03 23:54:35'),(12, 50.054, '2026-03-03 22:54:35'),(12, 50.055, '2026-03-03 21:54:35'),(12, 50.032, '2026-03-03 20:54:35'),(12, 50.174, '2026-03-03 19:54:35'),(12, 50.278, '2026-03-03 18:54:35'),(12, 49.707, '2026-03-03 17:54:35'),(12, 50.064, '2026-03-03 16:54:35'),(12, 50.223, '2026-03-03 15:54:35'),(12, 49.638, '2026-03-03 14:54:35'),(12, 49.516, '2026-03-03 13:54:35'),(12, 50.403, '2026-03-03 12:54:35'),(12, 49.879, '2026-03-03 11:54:35'),(12, 50.385, '2026-03-03 10:54:35'),(12, 49.886, '2026-03-03 09:54:35'),(12, 49.957, '2026-03-03 08:54:35'),(12, 50.162, '2026-03-03 07:54:35'),(12, 50.468, '2026-03-03 06:54:35'),(12, 50.184, '2026-03-03 05:54:35'),(12, 49.828, '2026-03-03 04:54:35'),(12, 50.017, '2026-03-03 03:54:35'),(12, 49.545, '2026-03-03 02:54:35'),(12, 49.693, '2026-03-03 01:54:35'),(12, 49.913, '2026-03-03 00:54:35'),(12, 50.478, '2026-03-02 23:54:35'),(12, 49.642, '2026-03-02 22:54:35'),(12, 50.204, '2026-03-02 21:54:35'),(12, 50.462, '2026-03-02 20:54:35'),(12, 49.75, '2026-03-02 19:54:35'),(12, 50.173, '2026-03-02 18:54:35'),(12, 49.688, '2026-03-02 17:54:35'),(12, 49.587, '2026-03-02 16:54:35'),(12, 50.373, '2026-03-02 15:54:35'),(12, 49.734, '2026-03-02 14:54:35'),(12, 50.443, '2026-03-02 13:54:35'),(12, 49.647, '2026-03-02 12:54:35'),(12, 49.938, '2026-03-02 11:54:35'),(12, 49.708, '2026-03-02 10:54:35'),(12, 49.877, '2026-03-02 09:54:35'),(12, 50.208, '2026-03-02 08:54:35'),(12, 49.67, '2026-03-02 07:54:35'),(12, 50.152, '2026-03-02 06:54:35'),(12, 49.541, '2026-03-02 05:54:35'),(12, 50.225, '2026-03-02 04:54:35'),(12, 50.197, '2026-03-02 03:54:35'),(12, 49.735, '2026-03-02 02:54:35'),(12, 49.599, '2026-03-02 01:54:35'),(12, 49.527, '2026-03-02 00:54:35'),(12, 49.822, '2026-03-01 23:54:35'),(12, 50.464, '2026-03-01 22:54:35'),(12, 49.764, '2026-03-01 21:54:35'),(12, 49.857, '2026-03-01 20:54:35'),(12, 50.442, '2026-03-01 19:54:35'),(12, 50.223, '2026-03-01 18:54:35'),(12, 50.085, '2026-03-01 17:54:35'),(12, 49.6, '2026-03-01 16:54:35'),(12, 49.984, '2026-03-01 15:54:35'),(12, 50.321, '2026-03-01 14:54:35'),(12, 50.332, '2026-03-01 13:54:35');
INSERT INTO mining_sensors (id, type_id, name, lat, lng, status, current_value) VALUES (13, 5, 'GPS Geodésico 01', -17.250986790227824, -70.61137708620566, 'active', 50.0);
INSERT INTO mining_sensor_history (sensor_id, value, timestamp) VALUES (13, 50.03, '2026-03-16 12:54:35'),(13, 50.059, '2026-03-16 11:54:35'),(13, 50.036, '2026-03-16 10:54:35'),(13, 50.037, '2026-03-16 09:54:35'),(13, 50.024, '2026-03-16 08:54:35'),(13, 50.017, '2026-03-16 07:54:35'),(13, 50.028, '2026-03-16 06:54:35'),(13, 50.013, '2026-03-16 05:54:35'),(13, 50.033, '2026-03-16 04:54:35'),(13, 50.013, '2026-03-16 03:54:35'),(13, 50.022, '2026-03-16 02:54:35'),(13, 50.033, '2026-03-16 01:54:35'),(13, 50.02, '2026-03-16 00:54:35'),(13, 50.026, '2026-03-15 23:54:35'),(13, 50.045, '2026-03-15 22:54:35'),(13, 50.035, '2026-03-15 21:54:35'),(13, 50.02, '2026-03-15 20:54:35'),(13, 50.053, '2026-03-15 19:54:35'),(13, 50.074, '2026-03-15 18:54:35'),(13, 50.064, '2026-03-15 17:54:35'),(13, 75.106, '2026-03-15 16:54:35'),(13, 50.051, '2026-03-15 15:54:35'),(13, 50.082, '2026-03-15 14:54:35'),(13, 50.083, '2026-03-15 13:54:35'),(13, 50.089, '2026-03-15 12:54:35'),(13, 50.061, '2026-03-15 11:54:35'),(13, 50.042, '2026-03-15 10:54:35'),(13, 50.035, '2026-03-15 09:54:35'),(13, 50.036, '2026-03-15 08:54:35'),(13, 50.036, '2026-03-15 07:54:35'),(13, 50.042, '2026-03-15 06:54:35'),(13, 50.048, '2026-03-15 05:54:35'),(13, 50.045, '2026-03-15 04:54:35'),(13, 50.04, '2026-03-15 03:54:35'),(13, 50.051, '2026-03-15 02:54:35'),(13, 50.069, '2026-03-15 01:54:35'),(13, 50.084, '2026-03-15 00:54:35'),(13, 50.055, '2026-03-14 23:54:35'),(13, 50.044, '2026-03-14 22:54:35'),(13, 50.034, '2026-03-14 21:54:35'),(13, 50.037, '2026-03-14 20:54:35'),(13, 50.021, '2026-03-14 19:54:35'),(13, 50.034, '2026-03-14 18:54:35'),(13, 50.028, '2026-03-14 17:54:35'),(13, 50.003, '2026-03-14 16:54:35'),(13, 50.036, '2026-03-14 15:54:35'),(13, 50.054, '2026-03-14 14:54:35'),(13, 50.058, '2026-03-14 13:54:35'),(13, 50.055, '2026-03-14 12:54:35'),(13, 50.087, '2026-03-14 11:54:35'),(13, 50.098, '2026-03-14 10:54:35'),(13, 50.114, '2026-03-14 09:54:35'),(13, 50.106, '2026-03-14 08:54:35'),(13, 50.111, '2026-03-14 07:54:35'),(13, 50.111, '2026-03-14 06:54:35'),(13, 50.146, '2026-03-14 05:54:35'),(13, 50.124, '2026-03-14 04:54:35'),(13, 50.096, '2026-03-14 03:54:35'),(13, 50.111, '2026-03-14 02:54:35'),(13, 50.131, '2026-03-14 01:54:35'),(13, 50.123, '2026-03-14 00:54:35'),(13, 50.138, '2026-03-13 23:54:35'),(13, 50.149, '2026-03-13 22:54:35'),(13, 50.144, '2026-03-13 21:54:35'),(13, 50.13, '2026-03-13 20:54:35'),(13, 50.165, '2026-03-13 19:54:35'),(13, 50.171, '2026-03-13 18:54:35'),(13, 50.156, '2026-03-13 17:54:35'),(13, 50.133, '2026-03-13 16:54:35'),(13, 50.141, '2026-03-13 15:54:35'),(13, 50.136, '2026-03-13 14:54:35'),(13, 50.133, '2026-03-13 13:54:35'),(13, 25.066, '2026-03-13 12:54:35'),(13, 50.13, '2026-03-13 11:54:35'),(13, 50.123, '2026-03-13 10:54:35'),(13, 50.111, '2026-03-13 09:54:35'),(13, 50.096, '2026-03-13 08:54:35'),(13, 50.095, '2026-03-13 07:54:35'),(13, 50.077, '2026-03-13 06:54:35'),(13, 50.092, '2026-03-13 05:54:35'),(13, 50.078, '2026-03-13 04:54:35'),(13, 50.084, '2026-03-13 03:54:35'),(13, 50.096, '2026-03-13 02:54:35'),(13, 50.115, '2026-03-13 01:54:35'),(13, 50.114, '2026-03-13 00:54:35'),(13, 50.115, '2026-03-12 23:54:35'),(13, 50.106, '2026-03-12 22:54:35'),(13, 50.124, '2026-03-12 21:54:35'),(13, 50.122, '2026-03-12 20:54:35'),(13, 50.118, '2026-03-12 19:54:35'),(13, 50.135, '2026-03-12 18:54:35'),(13, 50.141, '2026-03-12 17:54:35'),(13, 50.147, '2026-03-12 16:54:35'),(13, 50.168, '2026-03-12 15:54:35'),(13, 50.178, '2026-03-12 14:54:35'),(13, 50.152, '2026-03-12 13:54:35'),(13, 50.138, '2026-03-12 12:54:35'),(13, 50.128, '2026-03-12 11:54:35'),(13, 50.137, '2026-03-12 10:54:35'),(13, 50.131, '2026-03-12 09:54:35'),(13, 50.126, '2026-03-12 08:54:35'),(13, 50.15, '2026-03-12 07:54:35'),(13, 50.167, '2026-03-12 06:54:35'),(13, 50.172, '2026-03-12 05:54:35'),(13, 50.189, '2026-03-12 04:54:35'),(13, 50.219, '2026-03-12 03:54:35'),(13, 50.21, '2026-03-12 02:54:35'),(13, 50.232, '2026-03-12 01:54:35'),(13, 50.244, '2026-03-12 00:54:35'),(13, 50.221, '2026-03-11 23:54:35'),(13, 50.222, '2026-03-11 22:54:35'),(13, 50.225, '2026-03-11 21:54:35'),(13, 50.196, '2026-03-11 20:54:35'),(13, 50.216, '2026-03-11 19:54:35'),(13, 50.211, '2026-03-11 18:54:35'),(13, 50.209, '2026-03-11 17:54:35'),(13, 50.197, '2026-03-11 16:54:35'),(13, 50.193, '2026-03-11 15:54:35'),(13, 50.209, '2026-03-11 14:54:35'),(13, 50.22, '2026-03-11 13:54:35'),(13, 50.246, '2026-03-11 12:54:35'),(13, 50.246, '2026-03-11 11:54:35'),(13, 50.241, '2026-03-11 10:54:35'),(13, 50.275, '2026-03-11 09:54:35'),(13, 50.299, '2026-03-11 08:54:35'),(13, 50.289, '2026-03-11 07:54:35'),(13, 50.312, '2026-03-11 06:54:35'),(13, 50.321, '2026-03-11 05:54:35'),(13, 50.33, '2026-03-11 04:54:35'),(13, 50.348, '2026-03-11 03:54:35'),(13, 50.336, '2026-03-11 02:54:35'),(13, 50.341, '2026-03-11 01:54:35'),(13, 50.32, '2026-03-11 00:54:35'),(13, 50.302, '2026-03-10 23:54:35'),(13, 50.297, '2026-03-10 22:54:35'),(13, 50.332, '2026-03-10 21:54:35'),(13, 50.331, '2026-03-10 20:54:35'),(13, 50.363, '2026-03-10 19:54:35'),(13, 50.353, '2026-03-10 18:54:35'),(13, 50.357, '2026-03-10 17:54:35'),(13, 50.333, '2026-03-10 16:54:35'),(13, 50.324, '2026-03-10 15:54:35'),(13, 50.353, '2026-03-10 14:54:35'),(13, 50.378, '2026-03-10 13:54:35'),(13, 50.372, '2026-03-10 12:54:35'),(13, 50.365, '2026-03-10 11:54:35'),(13, 50.366, '2026-03-10 10:54:35'),(13, 50.397, '2026-03-10 09:54:35'),(13, 50.408, '2026-03-10 08:54:35'),(13, 50.431, '2026-03-10 07:54:35'),(13, 50.462, '2026-03-10 06:54:35'),(13, 50.485, '2026-03-10 05:54:35'),(13, 50.514, '2026-03-10 04:54:35'),(13, 50.525, '2026-03-10 03:54:35'),(13, 50.536, '2026-03-10 02:54:35'),(13, 50.563, '2026-03-10 01:54:35'),(13, 50.579, '2026-03-10 00:54:35'),(13, 50.584, '2026-03-09 23:54:35'),(13, 50.565, '2026-03-09 22:54:35'),(13, 50.588, '2026-03-09 21:54:35'),(13, 50.579, '2026-03-09 20:54:35'),(13, 50.553, '2026-03-09 19:54:35'),(13, 50.571, '2026-03-09 18:54:35'),(13, 50.55, '2026-03-09 17:54:35'),(13, 50.583, '2026-03-09 16:54:35'),(13, 50.568, '2026-03-09 15:54:35'),(13, 50.564, '2026-03-09 14:54:35'),(13, 50.597, '2026-03-09 13:54:35'),(13, 50.584, '2026-03-09 12:54:35'),(13, 50.58, '2026-03-09 11:54:35'),(13, 50.58, '2026-03-09 10:54:35'),(13, 50.571, '2026-03-09 09:54:35'),(13, 50.584, '2026-03-09 08:54:35'),(13, 50.612, '2026-03-09 07:54:35'),(13, 50.627, '2026-03-09 06:54:35'),(13, 50.634, '2026-03-09 05:54:35'),(13, 50.627, '2026-03-09 04:54:35'),(13, 50.63, '2026-03-09 03:54:35'),(13, 50.606, '2026-03-09 02:54:35'),(13, 50.608, '2026-03-09 01:54:35'),(13, 50.629, '2026-03-09 00:54:35'),(13, 50.62, '2026-03-08 23:54:35'),(13, 50.626, '2026-03-08 22:54:35'),(13, 50.654, '2026-03-08 21:54:35'),(13, 50.66, '2026-03-08 20:54:35'),(13, 50.657, '2026-03-08 19:54:35'),(13, 50.671, '2026-03-08 18:54:35'),(13, 50.669, '2026-03-08 17:54:35'),(13, 50.676, '2026-03-08 16:54:35'),(13, 50.676, '2026-03-08 15:54:35'),(13, 50.666, '2026-03-08 14:54:35'),(13, 50.662, '2026-03-08 13:54:35'),(13, 50.697, '2026-03-08 12:54:35'),(13, 50.699, '2026-03-08 11:54:35'),(13, 50.701, '2026-03-08 10:54:35'),(13, 50.702, '2026-03-08 09:54:35'),(13, 50.712, '2026-03-08 08:54:35'),(13, 50.721, '2026-03-08 07:54:35'),(13, 50.713, '2026-03-08 06:54:35'),(13, 50.718, '2026-03-08 05:54:35'),(13, 50.743, '2026-03-08 04:54:35'),(13, 50.737, '2026-03-08 03:54:35'),(13, 50.762, '2026-03-08 02:54:35'),(13, 50.758, '2026-03-08 01:54:35'),(13, 50.737, '2026-03-08 00:54:35'),(13, 50.748, '2026-03-07 23:54:35'),(13, 50.746, '2026-03-07 22:54:35'),(13, 50.739, '2026-03-07 21:54:35'),(13, 50.757, '2026-03-07 20:54:35'),(13, 50.754, '2026-03-07 19:54:35'),(13, 50.729, '2026-03-07 18:54:35'),(13, 50.724, '2026-03-07 17:54:35'),(13, 50.754, '2026-03-07 16:54:35'),(13, 50.75, '2026-03-07 15:54:35'),(13, 50.727, '2026-03-07 14:54:35'),(13, 50.748, '2026-03-07 13:54:35'),(13, 50.74, '2026-03-07 12:54:35'),(13, 50.75, '2026-03-07 11:54:35'),(13, 50.758, '2026-03-07 10:54:35'),(13, 50.756, '2026-03-07 09:54:35'),(13, 50.766, '2026-03-07 08:54:35'),(13, 50.748, '2026-03-07 07:54:35'),(13, 50.738, '2026-03-07 06:54:35'),(13, 50.734, '2026-03-07 05:54:35'),(13, 50.716, '2026-03-07 04:54:35'),(13, 50.751, '2026-03-07 03:54:35'),(13, 50.763, '2026-03-07 02:54:35'),(13, 50.783, '2026-03-07 01:54:35'),(13, 50.811, '2026-03-07 00:54:35'),(13, 50.789, '2026-03-06 23:54:35'),(13, 50.796, '2026-03-06 22:54:35'),(13, 50.816, '2026-03-06 21:54:35'),(13, 50.812, '2026-03-06 20:54:35'),(13, 50.81, '2026-03-06 19:54:35'),(13, 50.816, '2026-03-06 18:54:35'),(13, 50.829, '2026-03-06 17:54:35'),(13, 50.817, '2026-03-06 16:54:35'),(13, 50.828, '2026-03-06 15:54:35'),(13, 50.837, '2026-03-06 14:54:35'),(13, 25.416, '2026-03-06 13:54:35'),(13, 50.832, '2026-03-06 12:54:35'),(13, 50.856, '2026-03-06 11:54:35'),(13, 50.845, '2026-03-06 10:54:35'),(13, 50.828, '2026-03-06 09:54:35'),(13, 50.834, '2026-03-06 08:54:35'),(13, 50.835, '2026-03-06 07:54:35'),(13, 50.835, '2026-03-06 06:54:35'),(13, 50.862, '2026-03-06 05:54:35'),(13, 50.866, '2026-03-06 04:54:35'),(13, 76.324, '2026-03-06 03:54:35'),(13, 50.873, '2026-03-06 02:54:35'),(13, 50.888, '2026-03-06 01:54:35'),(13, 50.879, '2026-03-06 00:54:35'),(13, 50.88, '2026-03-05 23:54:35'),(13, 50.879, '2026-03-05 22:54:35'),(13, 50.869, '2026-03-05 21:54:35'),(13, 50.882, '2026-03-05 20:54:35'),(13, 50.901, '2026-03-05 19:54:35'),(13, 50.886, '2026-03-05 18:54:35'),(13, 50.875, '2026-03-05 17:54:35'),(13, 50.861, '2026-03-05 16:54:35'),(13, 50.895, '2026-03-05 15:54:35'),(13, 50.891, '2026-03-05 14:54:35'),(13, 50.926, '2026-03-05 13:54:35'),(13, 50.907, '2026-03-05 12:54:35'),(13, 50.885, '2026-03-05 11:54:35'),(13, 50.892, '2026-03-05 10:54:35'),(13, 50.882, '2026-03-05 09:54:35'),(13, 50.875, '2026-03-05 08:54:35'),(13, 50.889, '2026-03-05 07:54:35'),(13, 50.884, '2026-03-05 06:54:35'),(13, 50.87, '2026-03-05 05:54:35'),(13, 50.904, '2026-03-05 04:54:35'),(13, 50.93, '2026-03-05 03:54:35'),(13, 50.917, '2026-03-05 02:54:35'),(13, 50.898, '2026-03-05 01:54:35'),(13, 50.895, '2026-03-05 00:54:35'),(13, 50.902, '2026-03-04 23:54:35'),(13, 50.9, '2026-03-04 22:54:35'),(13, 50.882, '2026-03-04 21:54:35'),(13, 50.908, '2026-03-04 20:54:35'),(13, 50.926, '2026-03-04 19:54:35'),(13, 50.953, '2026-03-04 18:54:35'),(13, 50.969, '2026-03-04 17:54:35'),(13, 50.985, '2026-03-04 16:54:35'),(13, 51.017, '2026-03-04 15:54:35'),(13, 51.049, '2026-03-04 14:54:35'),(13, 51.037, '2026-03-04 13:54:35'),(13, 51.052, '2026-03-04 12:54:35'),(13, 51.052, '2026-03-04 11:54:35'),(13, 51.055, '2026-03-04 10:54:35'),(13, 51.04, '2026-03-04 09:54:35'),(13, 51.031, '2026-03-04 08:54:35'),(13, 51.061, '2026-03-04 07:54:35'),(13, 51.095, '2026-03-04 06:54:35'),(13, 51.094, '2026-03-04 05:54:35'),(13, 51.102, '2026-03-04 04:54:35'),(13, 51.086, '2026-03-04 03:54:35'),(13, 51.075, '2026-03-04 02:54:35'),(13, 51.081, '2026-03-04 01:54:35'),(13, 51.093, '2026-03-04 00:54:35'),(13, 51.11, '2026-03-03 23:54:35'),(13, 51.116, '2026-03-03 22:54:35'),(13, 51.143, '2026-03-03 21:54:35'),(13, 51.134, '2026-03-03 20:54:35'),(13, 51.145, '2026-03-03 19:54:35'),(13, 51.137, '2026-03-03 18:54:35'),(13, 51.132, '2026-03-03 17:54:35'),(13, 51.166, '2026-03-03 16:54:35'),(13, 51.152, '2026-03-03 15:54:35'),(13, 51.146, '2026-03-03 14:54:35'),(13, 51.16, '2026-03-03 13:54:35'),(13, 51.182, '2026-03-03 12:54:35'),(13, 51.155, '2026-03-03 11:54:35'),(13, 51.167, '2026-03-03 10:54:35'),(13, 51.165, '2026-03-03 09:54:35'),(13, 51.166, '2026-03-03 08:54:35'),(13, 51.185, '2026-03-03 07:54:35'),(13, 51.202, '2026-03-03 06:54:35'),(13, 51.23, '2026-03-03 05:54:35'),(13, 51.236, '2026-03-03 04:54:35'),(13, 51.237, '2026-03-03 03:54:35'),(13, 51.252, '2026-03-03 02:54:35'),(13, 51.258, '2026-03-03 01:54:35'),(13, 51.249, '2026-03-03 00:54:35'),(13, 51.257, '2026-03-02 23:54:35'),(13, 51.255, '2026-03-02 22:54:35'),(13, 51.269, '2026-03-02 21:54:35'),(13, 51.27, '2026-03-02 20:54:35'),(13, 51.301, '2026-03-02 19:54:35'),(13, 51.282, '2026-03-02 18:54:35'),(13, 51.281, '2026-03-02 17:54:35'),(13, 51.266, '2026-03-02 16:54:35'),(13, 51.301, '2026-03-02 15:54:35'),(13, 51.324, '2026-03-02 14:54:35'),(13, 51.32, '2026-03-02 13:54:35'),(13, 51.314, '2026-03-02 12:54:35'),(13, 51.318, '2026-03-02 11:54:35'),(13, 51.332, '2026-03-02 10:54:35'),(13, 51.314, '2026-03-02 09:54:35'),(13, 51.334, '2026-03-02 08:54:35'),(13, 51.327, '2026-03-02 07:54:35'),(13, 51.325, '2026-03-02 06:54:35'),(13, 51.336, '2026-03-02 05:54:35'),(13, 51.331, '2026-03-02 04:54:35'),(13, 51.303, '2026-03-02 03:54:35'),(13, 51.324, '2026-03-02 02:54:35'),(13, 51.357, '2026-03-02 01:54:35'),(13, 51.385, '2026-03-02 00:54:35'),(13, 51.381, '2026-03-01 23:54:35'),(13, 51.394, '2026-03-01 22:54:35'),(13, 51.378, '2026-03-01 21:54:35'),(13, 51.403, '2026-03-01 20:54:35'),(13, 51.414, '2026-03-01 19:54:35'),(13, 51.428, '2026-03-01 18:54:35'),(13, 51.427, '2026-03-01 17:54:35'),(13, 51.426, '2026-03-01 16:54:35'),(13, 51.405, '2026-03-01 15:54:35'),(13, 51.397, '2026-03-01 14:54:35'),(13, 51.396, '2026-03-01 13:54:35');
INSERT INTO mining_sensors (id, type_id, name, lat, lng, status, current_value) VALUES (14, 5, 'GPS Geodésico 02', -17.249772850154017, -70.61335030320434, 'active', 50.0);
INSERT INTO mining_sensor_history (sensor_id, value, timestamp) VALUES (14, 50.031, '2026-03-16 12:54:35'),(14, 50.045, '2026-03-16 11:54:35'),(14, 50.077, '2026-03-16 10:54:35'),(14, 50.07, '2026-03-16 09:54:35'),(14, 50.068, '2026-03-16 08:54:35'),(14, 50.081, '2026-03-16 07:54:35'),(14, 50.084, '2026-03-16 06:54:35'),(14, 50.073, '2026-03-16 05:54:35'),(14, 50.089, '2026-03-16 04:54:35'),(14, 50.103, '2026-03-16 03:54:35'),(14, 50.136, '2026-03-16 02:54:35'),(14, 50.132, '2026-03-16 01:54:35'),(14, 50.146, '2026-03-16 00:54:35'),(14, 50.162, '2026-03-15 23:54:35'),(14, 50.192, '2026-03-15 22:54:35'),(14, 50.184, '2026-03-15 21:54:35'),(14, 50.21, '2026-03-15 20:54:35'),(14, 50.193, '2026-03-15 19:54:35'),(14, 50.181, '2026-03-15 18:54:35'),(14, 50.194, '2026-03-15 17:54:35'),(14, 50.22, '2026-03-15 16:54:35'),(14, 50.236, '2026-03-15 15:54:35'),(14, 50.231, '2026-03-15 14:54:35'),(14, 50.239, '2026-03-15 13:54:35'),(14, 50.247, '2026-03-15 12:54:35'),(14, 50.233, '2026-03-15 11:54:35'),(14, 50.24, '2026-03-15 10:54:35'),(14, 50.218, '2026-03-15 09:54:35'),(14, 50.225, '2026-03-15 08:54:35'),(14, 50.198, '2026-03-15 07:54:35'),(14, 50.174, '2026-03-15 06:54:35'),(14, 50.196, '2026-03-15 05:54:35'),(14, 50.187, '2026-03-15 04:54:35'),(14, 50.184, '2026-03-15 03:54:35'),(14, 50.171, '2026-03-15 02:54:35'),(14, 50.145, '2026-03-15 01:54:35'),(14, 50.176, '2026-03-15 00:54:35'),(14, 50.167, '2026-03-14 23:54:35'),(14, 50.149, '2026-03-14 22:54:35'),(14, 50.141, '2026-03-14 21:54:35'),(14, 50.126, '2026-03-14 20:54:35'),(14, 50.139, '2026-03-14 19:54:35'),(14, 50.12, '2026-03-14 18:54:35'),(14, 50.098, '2026-03-14 17:54:35'),(14, 50.115, '2026-03-14 16:54:35'),(14, 50.111, '2026-03-14 15:54:35'),(14, 50.118, '2026-03-14 14:54:35'),(14, 50.152, '2026-03-14 13:54:35'),(14, 50.157, '2026-03-14 12:54:35'),(14, 50.148, '2026-03-14 11:54:35'),(14, 50.178, '2026-03-14 10:54:35'),(14, 50.191, '2026-03-14 09:54:35'),(14, 50.21, '2026-03-14 08:54:35'),(14, 50.218, '2026-03-14 07:54:35'),(14, 50.246, '2026-03-14 06:54:35'),(14, 50.275, '2026-03-14 05:54:35'),(14, 50.273, '2026-03-14 04:54:35'),(14, 50.272, '2026-03-14 03:54:35'),(14, 50.283, '2026-03-14 02:54:35'),(14, 50.258, '2026-03-14 01:54:35'),(14, 50.256, '2026-03-14 00:54:35'),(14, 50.23, '2026-03-13 23:54:35'),(14, 50.24, '2026-03-13 22:54:35'),(14, 50.243, '2026-03-13 21:54:35'),(14, 50.221, '2026-03-13 20:54:35'),(14, 50.21, '2026-03-13 19:54:35'),(14, 50.2, '2026-03-13 18:54:35'),(14, 50.231, '2026-03-13 17:54:35'),(14, 50.228, '2026-03-13 16:54:35'),(14, 50.216, '2026-03-13 15:54:35'),(14, 50.227, '2026-03-13 14:54:35'),(14, 50.232, '2026-03-13 13:54:35'),(14, 50.232, '2026-03-13 12:54:35'),(14, 50.249, '2026-03-13 11:54:35'),(14, 50.281, '2026-03-13 10:54:35'),(14, 50.282, '2026-03-13 09:54:35'),(14, 50.302, '2026-03-13 08:54:35'),(14, 50.332, '2026-03-13 07:54:35'),(14, 50.304, '2026-03-13 06:54:35'),(14, 50.301, '2026-03-13 05:54:35'),(14, 50.307, '2026-03-13 04:54:35'),(14, 50.302, '2026-03-13 03:54:35'),(14, 50.304, '2026-03-13 02:54:35'),(14, 50.3, '2026-03-13 01:54:35'),(14, 50.328, '2026-03-13 00:54:35'),(14, 50.319, '2026-03-12 23:54:35'),(14, 50.341, '2026-03-12 22:54:35'),(14, 50.368, '2026-03-12 21:54:35'),(14, 50.37, '2026-03-12 20:54:35'),(14, 50.367, '2026-03-12 19:54:35'),(14, 50.345, '2026-03-12 18:54:35'),(14, 50.337, '2026-03-12 17:54:35'),(14, 50.329, '2026-03-12 16:54:35'),(14, 50.34, '2026-03-12 15:54:35'),(14, 50.349, '2026-03-12 14:54:35'),(14, 50.324, '2026-03-12 13:54:35'),(14, 50.354, '2026-03-12 12:54:35'),(14, 50.339, '2026-03-12 11:54:35'),(14, 50.371, '2026-03-12 10:54:35'),(14, 50.359, '2026-03-12 09:54:35'),(14, 50.35, '2026-03-12 08:54:35'),(14, 50.353, '2026-03-12 07:54:35'),(14, 50.354, '2026-03-12 06:54:35'),(14, 50.344, '2026-03-12 05:54:35'),(14, 50.345, '2026-03-12 04:54:35'),(14, 50.34, '2026-03-12 03:54:35'),(14, 50.342, '2026-03-12 02:54:35'),(14, 50.319, '2026-03-12 01:54:35'),(14, 50.334, '2026-03-12 00:54:35'),(14, 50.361, '2026-03-11 23:54:35'),(14, 50.339, '2026-03-11 22:54:35'),(14, 50.351, '2026-03-11 21:54:35'),(14, 50.365, '2026-03-11 20:54:35'),(14, 50.372, '2026-03-11 19:54:35'),(14, 50.388, '2026-03-11 18:54:35'),(14, 50.399, '2026-03-11 17:54:35'),(14, 50.415, '2026-03-11 16:54:35'),(14, 50.431, '2026-03-11 15:54:35'),(14, 50.459, '2026-03-11 14:54:35'),(14, 50.465, '2026-03-11 13:54:35'),(14, 50.484, '2026-03-11 12:54:35'),(14, 50.485, '2026-03-11 11:54:35'),(14, 50.488, '2026-03-11 10:54:35'),(14, 50.521, '2026-03-11 09:54:35'),(14, 50.529, '2026-03-11 08:54:35'),(14, 75.824, '2026-03-11 07:54:35'),(14, 50.54, '2026-03-11 06:54:35'),(14, 50.537, '2026-03-11 05:54:35'),(14, 50.555, '2026-03-11 04:54:35'),(14, 50.557, '2026-03-11 03:54:35'),(14, 50.582, '2026-03-11 02:54:35'),(14, 50.567, '2026-03-11 01:54:35'),(14, 50.588, '2026-03-11 00:54:35'),(14, 50.618, '2026-03-10 23:54:35'),(14, 50.606, '2026-03-10 22:54:35'),(14, 50.599, '2026-03-10 21:54:35'),(14, 50.593, '2026-03-10 20:54:35'),(14, 50.611, '2026-03-10 19:54:35'),(14, 50.606, '2026-03-10 18:54:35'),(14, 50.588, '2026-03-10 17:54:35'),(14, 50.579, '2026-03-10 16:54:35'),(14, 50.605, '2026-03-10 15:54:35'),(14, 50.61, '2026-03-10 14:54:35'),(14, 50.589, '2026-03-10 13:54:35'),(14, 50.615, '2026-03-10 12:54:35'),(14, 50.617, '2026-03-10 11:54:35'),(14, 50.645, '2026-03-10 10:54:35'),(14, 50.665, '2026-03-10 09:54:35'),(14, 50.665, '2026-03-10 08:54:35'),(14, 50.658, '2026-03-10 07:54:35'),(14, 50.662, '2026-03-10 06:54:35'),(14, 50.665, '2026-03-10 05:54:35'),(14, 50.682, '2026-03-10 04:54:35'),(14, 50.691, '2026-03-10 03:54:35'),(14, 50.672, '2026-03-10 02:54:35'),(14, 50.677, '2026-03-10 01:54:35'),(14, 50.675, '2026-03-10 00:54:35'),(14, 50.702, '2026-03-09 23:54:35'),(14, 50.735, '2026-03-09 22:54:35'),(14, 50.717, '2026-03-09 21:54:35'),(14, 50.705, '2026-03-09 20:54:35'),(14, 50.693, '2026-03-09 19:54:35'),(14, 50.672, '2026-03-09 18:54:35'),(14, 50.707, '2026-03-09 17:54:35'),(14, 50.704, '2026-03-09 16:54:35'),(14, 50.689, '2026-03-09 15:54:35'),(14, 50.678, '2026-03-09 14:54:35'),(14, 50.696, '2026-03-09 13:54:35'),(14, 50.702, '2026-03-09 12:54:35'),(14, 50.694, '2026-03-09 11:54:35'),(14, 50.713, '2026-03-09 10:54:35'),(14, 50.707, '2026-03-09 09:54:35'),(14, 50.717, '2026-03-09 08:54:35'),(14, 50.722, '2026-03-09 07:54:35'),(14, 50.729, '2026-03-09 06:54:35'),(14, 50.713, '2026-03-09 05:54:35'),(14, 50.726, '2026-03-09 04:54:35'),(14, 50.717, '2026-03-09 03:54:35'),(14, 50.698, '2026-03-09 02:54:35'),(14, 50.686, '2026-03-09 01:54:35'),(14, 50.692, '2026-03-09 00:54:35'),(14, 50.724, '2026-03-08 23:54:35'),(14, 50.719, '2026-03-08 22:54:35'),(14, 50.718, '2026-03-08 21:54:35'),(14, 50.71, '2026-03-08 20:54:35'),(14, 50.742, '2026-03-08 19:54:35'),(14, 50.731, '2026-03-08 18:54:35'),(14, 50.764, '2026-03-08 17:54:35'),(14, 50.775, '2026-03-08 16:54:35'),(14, 50.767, '2026-03-08 15:54:35'),(14, 50.771, '2026-03-08 14:54:35'),(14, 50.781, '2026-03-08 13:54:35'),(14, 50.781, '2026-03-08 12:54:35'),(14, 50.752, '2026-03-08 11:54:35'),(14, 50.765, '2026-03-08 10:54:35'),(14, 50.782, '2026-03-08 09:54:35'),(14, 50.8, '2026-03-08 08:54:35'),(14, 50.798, '2026-03-08 07:54:35'),(14, 50.808, '2026-03-08 06:54:35'),(14, 50.818, '2026-03-08 05:54:35'),(14, 50.799, '2026-03-08 04:54:35'),(14, 50.822, '2026-03-08 03:54:35'),(14, 50.797, '2026-03-08 02:54:35'),(14, 50.806, '2026-03-08 01:54:35'),(14, 50.815, '2026-03-08 00:54:35'),(14, 50.843, '2026-03-07 23:54:35'),(14, 50.844, '2026-03-07 22:54:35'),(14, 50.847, '2026-03-07 21:54:35'),(14, 50.84, '2026-03-07 20:54:35'),(14, 50.856, '2026-03-07 19:54:35'),(14, 50.874, '2026-03-07 18:54:35'),(14, 50.865, '2026-03-07 17:54:35'),(14, 50.871, '2026-03-07 16:54:35'),(14, 50.858, '2026-03-07 15:54:35'),(14, 50.829, '2026-03-07 14:54:35'),(14, 50.826, '2026-03-07 13:54:35'),(14, 50.833, '2026-03-07 12:54:35'),(14, 50.856, '2026-03-07 11:54:35'),(14, 50.887, '2026-03-07 10:54:35'),(14, 50.902, '2026-03-07 09:54:35'),(14, 50.882, '2026-03-07 08:54:35'),(14, 50.91, '2026-03-07 07:54:35'),(14, 50.91, '2026-03-07 06:54:35'),(14, 50.926, '2026-03-07 05:54:35'),(14, 50.897, '2026-03-07 04:54:35'),(14, 50.909, '2026-03-07 03:54:35'),(14, 50.919, '2026-03-07 02:54:35'),(14, 50.917, '2026-03-07 01:54:35'),(14, 50.936, '2026-03-07 00:54:35'),(14, 50.958, '2026-03-06 23:54:35'),(14, 50.97, '2026-03-06 22:54:35'),(14, 50.959, '2026-03-06 21:54:35'),(14, 50.968, '2026-03-06 20:54:35'),(14, 50.976, '2026-03-06 19:54:35'),(14, 50.993, '2026-03-06 18:54:35'),(14, 51.001, '2026-03-06 17:54:35'),(14, 50.994, '2026-03-06 16:54:35'),(14, 50.965, '2026-03-06 15:54:35'),(14, 50.995, '2026-03-06 14:54:35'),(14, 51.019, '2026-03-06 13:54:35'),(14, 51.032, '2026-03-06 12:54:35'),(14, 51.025, '2026-03-06 11:54:35'),(14, 51.024, '2026-03-06 10:54:35'),(14, 50.998, '2026-03-06 09:54:35'),(14, 51.007, '2026-03-06 08:54:35'),(14, 51.028, '2026-03-06 07:54:35'),(14, 51.029, '2026-03-06 06:54:35'),(14, 51.016, '2026-03-06 05:54:35'),(14, 51.026, '2026-03-06 04:54:35'),(14, 51.021, '2026-03-06 03:54:35'),(14, 51.025, '2026-03-06 02:54:35'),(14, 51.03, '2026-03-06 01:54:35'),(14, 51.041, '2026-03-06 00:54:35'),(14, 51.035, '2026-03-05 23:54:35'),(14, 51.027, '2026-03-05 22:54:35'),(14, 51.06, '2026-03-05 21:54:35'),(14, 51.054, '2026-03-05 20:54:35'),(14, 51.029, '2026-03-05 19:54:35'),(14, 51.038, '2026-03-05 18:54:35'),(14, 51.04, '2026-03-05 17:54:35'),(14, 51.025, '2026-03-05 16:54:35'),(14, 51.0, '2026-03-05 15:54:35'),(14, 51.015, '2026-03-05 14:54:35'),(14, 50.987, '2026-03-05 13:54:35'),(14, 51.015, '2026-03-05 12:54:35'),(14, 51.027, '2026-03-05 11:54:35'),(14, 50.999, '2026-03-05 10:54:35'),(14, 51.018, '2026-03-05 09:54:35'),(14, 51.023, '2026-03-05 08:54:35'),(14, 51.042, '2026-03-05 07:54:35'),(14, 51.077, '2026-03-05 06:54:35'),(14, 51.077, '2026-03-05 05:54:35'),(14, 51.068, '2026-03-05 04:54:35'),(14, 51.092, '2026-03-05 03:54:35'),(14, 51.108, '2026-03-05 02:54:35'),(14, 51.137, '2026-03-05 01:54:35'),(14, 51.108, '2026-03-05 00:54:35'),(14, 51.089, '2026-03-04 23:54:35'),(14, 51.101, '2026-03-04 22:54:35'),(14, 51.104, '2026-03-04 21:54:35'),(14, 51.132, '2026-03-04 20:54:35'),(14, 51.151, '2026-03-04 19:54:35'),(14, 51.15, '2026-03-04 18:54:35'),(14, 51.147, '2026-03-04 17:54:35'),(14, 51.144, '2026-03-04 16:54:35'),(14, 51.166, '2026-03-04 15:54:35'),(14, 51.172, '2026-03-04 14:54:35'),(14, 51.192, '2026-03-04 13:54:35'),(14, 51.22, '2026-03-04 12:54:35'),(14, 51.204, '2026-03-04 11:54:35'),(14, 51.193, '2026-03-04 10:54:35'),(14, 51.212, '2026-03-04 09:54:35'),(14, 51.21, '2026-03-04 08:54:35'),(14, 51.24, '2026-03-04 07:54:35'),(14, 51.215, '2026-03-04 06:54:35'),(14, 51.239, '2026-03-04 05:54:35'),(14, 51.271, '2026-03-04 04:54:35'),(14, 51.286, '2026-03-04 03:54:35'),(14, 51.275, '2026-03-04 02:54:35'),(14, 51.246, '2026-03-04 01:54:35'),(14, 51.255, '2026-03-04 00:54:35'),(14, 51.269, '2026-03-03 23:54:35'),(14, 51.264, '2026-03-03 22:54:35'),(14, 51.293, '2026-03-03 21:54:35'),(14, 51.304, '2026-03-03 20:54:35'),(14, 51.317, '2026-03-03 19:54:35'),(14, 51.319, '2026-03-03 18:54:35'),(14, 51.332, '2026-03-03 17:54:35'),(14, 51.336, '2026-03-03 16:54:35'),(14, 77.003, '2026-03-03 15:54:35'),(14, 51.36, '2026-03-03 14:54:35'),(14, 51.357, '2026-03-03 13:54:35'),(14, 51.372, '2026-03-03 12:54:35'),(14, 51.39, '2026-03-03 11:54:35'),(14, 51.399, '2026-03-03 10:54:35'),(14, 51.431, '2026-03-03 09:54:35'),(14, 51.409, '2026-03-03 08:54:35'),(14, 51.441, '2026-03-03 07:54:35'),(14, 51.43, '2026-03-03 06:54:35'),(14, 51.432, '2026-03-03 05:54:35'),(14, 51.431, '2026-03-03 04:54:35'),(14, 51.405, '2026-03-03 03:54:35'),(14, 51.408, '2026-03-03 02:54:35'),(14, 51.417, '2026-03-03 01:54:35'),(14, 51.415, '2026-03-03 00:54:35'),(14, 51.414, '2026-03-02 23:54:35'),(14, 51.43, '2026-03-02 22:54:35'),(14, 51.449, '2026-03-02 21:54:35'),(14, 51.476, '2026-03-02 20:54:35'),(14, 51.463, '2026-03-02 19:54:35'),(14, 51.444, '2026-03-02 18:54:35'),(14, 51.437, '2026-03-02 17:54:35'),(14, 51.466, '2026-03-02 16:54:35'),(14, 51.473, '2026-03-02 15:54:35'),(14, 51.455, '2026-03-02 14:54:35'),(14, 51.471, '2026-03-02 13:54:35'),(14, 51.5, '2026-03-02 12:54:35'),(14, 51.528, '2026-03-02 11:54:35'),(14, 51.511, '2026-03-02 10:54:35'),(14, 51.497, '2026-03-02 09:54:35'),(14, 51.479, '2026-03-02 08:54:35'),(14, 51.497, '2026-03-02 07:54:35'),(14, 51.525, '2026-03-02 06:54:35'),(14, 51.556, '2026-03-02 05:54:35'),(14, 51.542, '2026-03-02 04:54:35'),(14, 51.521, '2026-03-02 03:54:35'),(14, 51.533, '2026-03-02 02:54:35'),(14, 51.538, '2026-03-02 01:54:35'),(14, 51.559, '2026-03-02 00:54:35'),(14, 51.585, '2026-03-01 23:54:35'),(14, 51.559, '2026-03-01 22:54:35'),(14, 51.576, '2026-03-01 21:54:35'),(14, 51.553, '2026-03-01 20:54:35'),(14, 51.558, '2026-03-01 19:54:35'),(14, 51.55, '2026-03-01 18:54:35'),(14, 51.574, '2026-03-01 17:54:35'),(14, 51.58, '2026-03-01 16:54:35'),(14, 51.581, '2026-03-01 15:54:35'),(14, 51.577, '2026-03-01 14:54:35'),(14, 51.557, '2026-03-01 13:54:35');
INSERT INTO mining_sensors (id, type_id, name, lat, lng, status, current_value) VALUES (15, 5, 'GPS Geodésico 03', -17.241896112481967, -70.61306301881562, 'active', 50.0);
INSERT INTO mining_sensor_history (sensor_id, value, timestamp) VALUES (15, 49.988, '2026-03-16 12:54:35'),(15, 49.966, '2026-03-16 11:54:35'),(15, 49.968, '2026-03-16 10:54:35'),(15, 49.965, '2026-03-16 09:54:35'),(15, 49.98, '2026-03-16 08:54:35'),(15, 49.987, '2026-03-16 07:54:35'),(15, 49.982, '2026-03-16 06:54:35'),(15, 50.0, '2026-03-16 05:54:35'),(15, 49.996, '2026-03-16 04:54:35'),(15, 50.009, '2026-03-16 03:54:35'),(15, 50.021, '2026-03-16 02:54:35'),(15, 50.018, '2026-03-16 01:54:35'),(15, 50.008, '2026-03-16 00:54:35'),(15, 50.031, '2026-03-15 23:54:35'),(15, 50.033, '2026-03-15 22:54:35'),(15, 50.016, '2026-03-15 21:54:35'),(15, 50.003, '2026-03-15 20:54:35'),(15, 49.997, '2026-03-15 19:54:35'),(15, 50.013, '2026-03-15 18:54:35'),(15, 50.019, '2026-03-15 17:54:35'),(15, 50.023, '2026-03-15 16:54:35'),(15, 50.007, '2026-03-15 15:54:35'),(15, 50.034, '2026-03-15 14:54:35'),(15, 50.024, '2026-03-15 13:54:35'),(15, 50.034, '2026-03-15 12:54:35'),(15, 50.061, '2026-03-15 11:54:35'),(15, 50.07, '2026-03-15 10:54:35'),(15, 50.042, '2026-03-15 09:54:35'),(15, 50.073, '2026-03-15 08:54:35'),(15, 50.073, '2026-03-15 07:54:35'),(15, 50.085, '2026-03-15 06:54:35'),(15, 50.114, '2026-03-15 05:54:35'),(15, 50.103, '2026-03-15 04:54:35'),(15, 50.077, '2026-03-15 03:54:35'),(15, 50.083, '2026-03-15 02:54:35'),(15, 50.084, '2026-03-15 01:54:35'),(15, 50.077, '2026-03-15 00:54:35'),(15, 50.074, '2026-03-14 23:54:35'),(15, 50.08, '2026-03-14 22:54:35'),(15, 50.095, '2026-03-14 21:54:35'),(15, 50.094, '2026-03-14 20:54:35'),(15, 50.11, '2026-03-14 19:54:35'),(15, 50.113, '2026-03-14 18:54:35'),(15, 50.106, '2026-03-14 17:54:35'),(15, 50.103, '2026-03-14 16:54:35'),(15, 50.133, '2026-03-14 15:54:35'),(15, 50.146, '2026-03-14 14:54:35'),(15, 50.154, '2026-03-14 13:54:35'),(15, 50.173, '2026-03-14 12:54:35'),(15, 50.152, '2026-03-14 11:54:35'),(15, 50.171, '2026-03-14 10:54:35'),(15, 50.182, '2026-03-14 09:54:35'),(15, 50.181, '2026-03-14 08:54:35'),(15, 50.201, '2026-03-14 07:54:35'),(15, 50.226, '2026-03-14 06:54:35'),(15, 50.258, '2026-03-14 05:54:35'),(15, 50.267, '2026-03-14 04:54:35'),(15, 50.281, '2026-03-14 03:54:35'),(15, 50.271, '2026-03-14 02:54:35'),(15, 50.272, '2026-03-14 01:54:35'),(15, 50.251, '2026-03-14 00:54:35'),(15, 50.252, '2026-03-13 23:54:35'),(15, 50.25, '2026-03-13 22:54:35'),(15, 50.254, '2026-03-13 21:54:35'),(15, 50.272, '2026-03-13 20:54:35'),(15, 50.3, '2026-03-13 19:54:35'),(15, 50.311, '2026-03-13 18:54:35'),(15, 50.341, '2026-03-13 17:54:35'),(15, 50.344, '2026-03-13 16:54:35'),(15, 50.35, '2026-03-13 15:54:35'),(15, 50.332, '2026-03-13 14:54:35'),(15, 50.345, '2026-03-13 13:54:35'),(15, 50.327, '2026-03-13 12:54:35'),(15, 50.343, '2026-03-13 11:54:35'),(15, 50.359, '2026-03-13 10:54:35'),(15, 50.362, '2026-03-13 09:54:35'),(15, 50.357, '2026-03-13 08:54:35'),(15, 50.385, '2026-03-13 07:54:35'),(15, 50.402, '2026-03-13 06:54:35'),(15, 50.396, '2026-03-13 05:54:35'),(15, 50.422, '2026-03-13 04:54:35'),(15, 50.402, '2026-03-13 03:54:35'),(15, 50.434, '2026-03-13 02:54:35'),(15, 50.443, '2026-03-13 01:54:35'),(15, 50.456, '2026-03-13 00:54:35'),(15, 50.433, '2026-03-12 23:54:35'),(15, 50.415, '2026-03-12 22:54:35'),(15, 50.449, '2026-03-12 21:54:35'),(15, 50.479, '2026-03-12 20:54:35'),(15, 50.509, '2026-03-12 19:54:35'),(15, 50.518, '2026-03-12 18:54:35'),(15, 50.533, '2026-03-12 17:54:35'),(15, 50.556, '2026-03-12 16:54:35'),(15, 50.541, '2026-03-12 15:54:35'),(15, 50.533, '2026-03-12 14:54:35'),(15, 50.554, '2026-03-12 13:54:35'),(15, 50.549, '2026-03-12 12:54:35'),(15, 50.56, '2026-03-12 11:54:35'),(15, 50.57, '2026-03-12 10:54:35'),(15, 50.589, '2026-03-12 09:54:35'),(15, 50.589, '2026-03-12 08:54:35'),(15, 50.571, '2026-03-12 07:54:35'),(15, 50.588, '2026-03-12 06:54:35'),(15, 50.621, '2026-03-12 05:54:35'),(15, 50.6, '2026-03-12 04:54:35'),(15, 50.609, '2026-03-12 03:54:35'),(15, 50.622, '2026-03-12 02:54:35'),(15, 50.604, '2026-03-12 01:54:35'),(15, 50.612, '2026-03-12 00:54:35'),(15, 50.62, '2026-03-11 23:54:35'),(15, 50.613, '2026-03-11 22:54:35'),(15, 50.63, '2026-03-11 21:54:35'),(15, 50.615, '2026-03-11 20:54:35'),(15, 50.593, '2026-03-11 19:54:35'),(15, 50.612, '2026-03-11 18:54:35'),(15, 50.623, '2026-03-11 17:54:35'),(15, 50.654, '2026-03-11 16:54:35'),(15, 50.685, '2026-03-11 15:54:35'),(15, 50.696, '2026-03-11 14:54:35'),(15, 50.68, '2026-03-11 13:54:35'),(15, 50.699, '2026-03-11 12:54:35'),(15, 50.694, '2026-03-11 11:54:35'),(15, 50.669, '2026-03-11 10:54:35'),(15, 50.645, '2026-03-11 09:54:35'),(15, 50.654, '2026-03-11 08:54:35'),(15, 50.626, '2026-03-11 07:54:35'),(15, 50.646, '2026-03-11 06:54:35'),(15, 50.635, '2026-03-11 05:54:35'),(15, 50.645, '2026-03-11 04:54:35'),(15, 50.649, '2026-03-11 03:54:35'),(15, 50.684, '2026-03-11 02:54:35'),(15, 50.672, '2026-03-11 01:54:35'),(15, 50.676, '2026-03-11 00:54:35'),(15, 50.686, '2026-03-10 23:54:35'),(15, 50.675, '2026-03-10 22:54:35'),(15, 50.694, '2026-03-10 21:54:35'),(15, 50.676, '2026-03-10 20:54:35'),(15, 50.708, '2026-03-10 19:54:35'),(15, 50.737, '2026-03-10 18:54:35'),(15, 50.729, '2026-03-10 17:54:35'),(15, 50.72, '2026-03-10 16:54:35'),(15, 50.748, '2026-03-10 15:54:35'),(15, 50.744, '2026-03-10 14:54:35'),(15, 50.745, '2026-03-10 13:54:35'),(15, 50.764, '2026-03-10 12:54:35'),(15, 50.758, '2026-03-10 11:54:35'),(15, 50.781, '2026-03-10 10:54:35'),(15, 50.776, '2026-03-10 09:54:35'),(15, 50.773, '2026-03-10 08:54:35'),(15, 50.781, '2026-03-10 07:54:35'),(15, 50.779, '2026-03-10 06:54:35'),(15, 50.798, '2026-03-10 05:54:35'),(15, 50.816, '2026-03-10 04:54:35'),(15, 50.835, '2026-03-10 03:54:35'),(15, 50.817, '2026-03-10 02:54:35'),(15, 50.838, '2026-03-10 01:54:35'),(15, 50.84, '2026-03-10 00:54:35'),(15, 50.829, '2026-03-09 23:54:35'),(15, 50.813, '2026-03-09 22:54:35'),(15, 50.815, '2026-03-09 21:54:35'),(15, 50.829, '2026-03-09 20:54:35'),(15, 50.811, '2026-03-09 19:54:35'),(15, 50.837, '2026-03-09 18:54:35'),(15, 50.827, '2026-03-09 17:54:35'),(15, 50.821, '2026-03-09 16:54:35'),(15, 50.812, '2026-03-09 15:54:35'),(15, 50.822, '2026-03-09 14:54:35'),(15, 50.807, '2026-03-09 13:54:35'),(15, 50.83, '2026-03-09 12:54:35'),(15, 50.831, '2026-03-09 11:54:35'),(15, 50.828, '2026-03-09 10:54:35'),(15, 50.843, '2026-03-09 09:54:35'),(15, 50.829, '2026-03-09 08:54:35'),(15, 50.821, '2026-03-09 07:54:35'),(15, 50.822, '2026-03-09 06:54:35'),(15, 50.821, '2026-03-09 05:54:35'),(15, 50.832, '2026-03-09 04:54:35'),(15, 50.834, '2026-03-09 03:54:35'),(15, 50.82, '2026-03-09 02:54:35'),(15, 50.837, '2026-03-09 01:54:35'),(15, 50.858, '2026-03-09 00:54:35'),(15, 50.858, '2026-03-08 23:54:35'),(15, 50.873, '2026-03-08 22:54:35'),(15, 50.886, '2026-03-08 21:54:35'),(15, 50.873, '2026-03-08 20:54:35'),(15, 50.862, '2026-03-08 19:54:35'),(15, 50.876, '2026-03-08 18:54:35'),(15, 50.909, '2026-03-08 17:54:35'),(15, 50.897, '2026-03-08 16:54:35'),(15, 50.924, '2026-03-08 15:54:35'),(15, 50.932, '2026-03-08 14:54:35'),(15, 50.906, '2026-03-08 13:54:35'),(15, 50.919, '2026-03-08 12:54:35'),(15, 50.936, '2026-03-08 11:54:35'),(15, 50.922, '2026-03-08 10:54:35'),(15, 50.916, '2026-03-08 09:54:35'),(15, 50.912, '2026-03-08 08:54:35'),(15, 50.915, '2026-03-08 07:54:35'),(15, 50.906, '2026-03-08 06:54:35'),(15, 50.917, '2026-03-08 05:54:35'),(15, 50.906, '2026-03-08 04:54:35'),(15, 50.918, '2026-03-08 03:54:35'),(15, 50.911, '2026-03-08 02:54:35'),(15, 50.901, '2026-03-08 01:54:35'),(15, 50.908, '2026-03-08 00:54:35'),(15, 50.94, '2026-03-07 23:54:35'),(15, 50.964, '2026-03-07 22:54:35'),(15, 50.95, '2026-03-07 21:54:35'),(15, 50.97, '2026-03-07 20:54:35'),(15, 50.967, '2026-03-07 19:54:35'),(15, 50.996, '2026-03-07 18:54:35'),(15, 50.981, '2026-03-07 17:54:35'),(15, 50.979, '2026-03-07 16:54:35'),(15, 51.01, '2026-03-07 15:54:35'),(15, 51.028, '2026-03-07 14:54:35'),(15, 51.049, '2026-03-07 13:54:35'),(15, 51.029, '2026-03-07 12:54:35'),(15, 51.035, '2026-03-07 11:54:35'),(15, 51.024, '2026-03-07 10:54:35'),(15, 51.031, '2026-03-07 09:54:35'),(15, 51.015, '2026-03-07 08:54:35'),(15, 51.008, '2026-03-07 07:54:35'),(15, 51.03, '2026-03-07 06:54:35'),(15, 51.017, '2026-03-07 05:54:35'),(15, 51.03, '2026-03-07 04:54:35'),(15, 51.035, '2026-03-07 03:54:35'),(15, 51.066, '2026-03-07 02:54:35'),(15, 51.065, '2026-03-07 01:54:35'),(15, 51.091, '2026-03-07 00:54:35'),(15, 51.116, '2026-03-06 23:54:35'),(15, 51.131, '2026-03-06 22:54:35'),(15, 51.142, '2026-03-06 21:54:35'),(15, 51.154, '2026-03-06 20:54:35'),(15, 51.144, '2026-03-06 19:54:35'),(15, 51.132, '2026-03-06 18:54:35'),(15, 51.143, '2026-03-06 17:54:35'),(15, 51.13, '2026-03-06 16:54:35'),(15, 51.124, '2026-03-06 15:54:35'),(15, 51.127, '2026-03-06 14:54:35'),(15, 51.144, '2026-03-06 13:54:35'),(15, 51.142, '2026-03-06 12:54:35'),(15, 51.123, '2026-03-06 11:54:35'),(15, 51.109, '2026-03-06 10:54:35'),(15, 51.113, '2026-03-06 09:54:35'),(15, 51.133, '2026-03-06 08:54:35'),(15, 51.137, '2026-03-06 07:54:35'),(15, 51.126, '2026-03-06 06:54:35'),(15, 51.115, '2026-03-06 05:54:35'),(15, 51.129, '2026-03-06 04:54:35'),(15, 51.138, '2026-03-06 03:54:35'),(15, 51.152, '2026-03-06 02:54:35'),(15, 51.177, '2026-03-06 01:54:35'),(15, 51.153, '2026-03-06 00:54:35'),(15, 51.153, '2026-03-05 23:54:35'),(15, 51.131, '2026-03-05 22:54:35'),(15, 51.122, '2026-03-05 21:54:35'),(15, 51.134, '2026-03-05 20:54:35'),(15, 51.14, '2026-03-05 19:54:35'),(15, 51.131, '2026-03-05 18:54:35'),(15, 51.133, '2026-03-05 17:54:35'),(15, 51.122, '2026-03-05 16:54:35'),(15, 51.149, '2026-03-05 15:54:35'),(15, 51.143, '2026-03-05 14:54:35'),(15, 51.136, '2026-03-05 13:54:35'),(15, 51.15, '2026-03-05 12:54:35'),(15, 51.143, '2026-03-05 11:54:35'),(15, 51.116, '2026-03-05 10:54:35'),(15, 51.087, '2026-03-05 09:54:35'),(15, 51.067, '2026-03-05 08:54:35'),(15, 51.044, '2026-03-05 07:54:35'),(15, 51.065, '2026-03-05 06:54:35'),(15, 51.057, '2026-03-05 05:54:35'),(15, 51.034, '2026-03-05 04:54:35'),(15, 51.031, '2026-03-05 03:54:35'),(15, 51.016, '2026-03-05 02:54:35'),(15, 51.05, '2026-03-05 01:54:35'),(15, 51.062, '2026-03-05 00:54:35'),(15, 51.068, '2026-03-04 23:54:35'),(15, 51.056, '2026-03-04 22:54:35'),(15, 51.076, '2026-03-04 21:54:35'),(15, 51.081, '2026-03-04 20:54:35'),(15, 51.068, '2026-03-04 19:54:35'),(15, 51.077, '2026-03-04 18:54:35'),(15, 51.111, '2026-03-04 17:54:35'),(15, 51.142, '2026-03-04 16:54:35'),(15, 51.169, '2026-03-04 15:54:35'),(15, 51.2, '2026-03-04 14:54:35'),(15, 51.187, '2026-03-04 13:54:35'),(15, 51.218, '2026-03-04 12:54:35'),(15, 51.22, '2026-03-04 11:54:35'),(15, 51.215, '2026-03-04 10:54:35'),(15, 51.198, '2026-03-04 09:54:35'),(15, 51.207, '2026-03-04 08:54:35'),(15, 51.195, '2026-03-04 07:54:35'),(15, 51.216, '2026-03-04 06:54:35'),(15, 51.236, '2026-03-04 05:54:35'),(15, 51.222, '2026-03-04 04:54:35'),(15, 51.247, '2026-03-04 03:54:35'),(15, 51.241, '2026-03-04 02:54:35'),(15, 51.256, '2026-03-04 01:54:35'),(15, 51.27, '2026-03-04 00:54:35'),(15, 51.281, '2026-03-03 23:54:35'),(15, 51.274, '2026-03-03 22:54:35'),(15, 51.283, '2026-03-03 21:54:35'),(15, 51.316, '2026-03-03 20:54:35'),(15, 51.331, '2026-03-03 19:54:35'),(15, 51.345, '2026-03-03 18:54:35'),(15, 51.372, '2026-03-03 17:54:35'),(15, 51.389, '2026-03-03 16:54:35'),(15, 51.418, '2026-03-03 15:54:35'),(15, 51.429, '2026-03-03 14:54:35'),(15, 51.429, '2026-03-03 13:54:35'),(15, 51.438, '2026-03-03 12:54:35'),(15, 51.44, '2026-03-03 11:54:35'),(15, 51.44, '2026-03-03 10:54:35'),(15, 51.448, '2026-03-03 09:54:35'),(15, 51.465, '2026-03-03 08:54:35'),(15, 51.485, '2026-03-03 07:54:35'),(15, 51.467, '2026-03-03 06:54:35'),(15, 51.502, '2026-03-03 05:54:35'),(15, 51.524, '2026-03-03 04:54:35'),(15, 51.51, '2026-03-03 03:54:35'),(15, 51.5, '2026-03-03 02:54:35'),(15, 51.526, '2026-03-03 01:54:35'),(15, 51.543, '2026-03-03 00:54:35'),(15, 51.553, '2026-03-02 23:54:35'),(15, 51.565, '2026-03-02 22:54:35'),(15, 51.545, '2026-03-02 21:54:35'),(15, 51.561, '2026-03-02 20:54:35'),(15, 51.574, '2026-03-02 19:54:35'),(15, 51.582, '2026-03-02 18:54:35'),(15, 51.58, '2026-03-02 17:54:35'),(15, 51.58, '2026-03-02 16:54:35'),(15, 51.605, '2026-03-02 15:54:35'),(15, 51.629, '2026-03-02 14:54:35'),(15, 51.635, '2026-03-02 13:54:35'),(15, 51.646, '2026-03-02 12:54:35'),(15, 51.66, '2026-03-02 11:54:35'),(15, 51.675, '2026-03-02 10:54:35'),(15, 51.656, '2026-03-02 09:54:35'),(15, 51.674, '2026-03-02 08:54:35'),(15, 51.682, '2026-03-02 07:54:35'),(15, 51.683, '2026-03-02 06:54:35'),(15, 51.679, '2026-03-02 05:54:35'),(15, 51.702, '2026-03-02 04:54:35'),(15, 51.728, '2026-03-02 03:54:35'),(15, 51.713, '2026-03-02 02:54:35'),(15, 51.714, '2026-03-02 01:54:35'),(15, 51.72, '2026-03-02 00:54:35'),(15, 51.732, '2026-03-01 23:54:35'),(15, 51.755, '2026-03-01 22:54:35'),(15, 51.774, '2026-03-01 21:54:35'),(15, 51.791, '2026-03-01 20:54:35'),(15, 51.799, '2026-03-01 19:54:35'),(15, 51.789, '2026-03-01 18:54:35'),(15, 51.793, '2026-03-01 17:54:35'),(15, 51.773, '2026-03-01 16:54:35'),(15, 51.781, '2026-03-01 15:54:35'),(15, 51.796, '2026-03-01 14:54:35'),(15, 51.77, '2026-03-01 13:54:35');
INSERT INTO mining_sensors (id, type_id, name, lat, lng, status, current_value) VALUES (16, 6, 'Nivel de Relaves 01', -17.245360932483674, -70.61491002338036, 'active', 15.0);
INSERT INTO mining_sensor_history (sensor_id, value, timestamp) VALUES (16, 14.989, '2026-03-16 12:54:35'),(16, 14.989, '2026-03-16 11:54:35'),(16, 14.963, '2026-03-16 10:54:35'),(16, 14.963, '2026-03-16 09:54:35'),(16, 14.978, '2026-03-16 08:54:35'),(16, 14.993, '2026-03-16 07:54:35'),(16, 15.008, '2026-03-16 06:54:35'),(16, 15.019, '2026-03-16 05:54:35'),(16, 15.011, '2026-03-16 04:54:35'),(16, 15.015, '2026-03-16 03:54:35'),(16, 15.004, '2026-03-16 02:54:35'),(16, 15.004, '2026-03-16 01:54:35'),(16, 15.002, '2026-03-16 00:54:35'),(16, 15.014, '2026-03-15 23:54:35'),(16, 15.009, '2026-03-15 22:54:35'),(16, 15.025, '2026-03-15 21:54:35'),(16, 15.019, '2026-03-15 20:54:35'),(16, 15.027, '2026-03-15 19:54:35'),(16, 15.044, '2026-03-15 18:54:35'),(16, 15.048, '2026-03-15 17:54:35'),(16, 15.079, '2026-03-15 16:54:35'),(16, 15.084, '2026-03-15 15:54:35'),(16, 15.093, '2026-03-15 14:54:35'),(16, 15.104, '2026-03-15 13:54:35'),(16, 15.095, '2026-03-15 12:54:35'),(16, 15.094, '2026-03-15 11:54:35'),(16, 15.089, '2026-03-15 10:54:35'),(16, 15.112, '2026-03-15 09:54:35'),(16, 15.107, '2026-03-15 08:54:35'),(16, 15.08, '2026-03-15 07:54:35'),(16, 15.108, '2026-03-15 06:54:35'),(16, 15.142, '2026-03-15 05:54:35'),(16, 15.128, '2026-03-15 04:54:35'),(16, 15.145, '2026-03-15 03:54:35'),(16, 15.126, '2026-03-15 02:54:35'),(16, 15.112, '2026-03-15 01:54:35'),(16, 15.106, '2026-03-15 00:54:35'),(16, 15.106, '2026-03-14 23:54:35'),(16, 15.098, '2026-03-14 22:54:35'),(16, 15.109, '2026-03-14 21:54:35'),(16, 15.123, '2026-03-14 20:54:35'),(16, 15.114, '2026-03-14 19:54:35'),(16, 15.125, '2026-03-14 18:54:35'),(16, 15.111, '2026-03-14 17:54:35'),(16, 15.087, '2026-03-14 16:54:35'),(16, 15.093, '2026-03-14 15:54:35'),(16, 15.087, '2026-03-14 14:54:35'),(16, 15.113, '2026-03-14 13:54:35'),(16, 15.103, '2026-03-14 12:54:35'),(16, 15.106, '2026-03-14 11:54:35'),(16, 15.115, '2026-03-14 10:54:35'),(16, 15.131, '2026-03-14 09:54:35'),(16, 15.12, '2026-03-14 08:54:35'),(16, 15.154, '2026-03-14 07:54:35'),(16, 15.152, '2026-03-14 06:54:35'),(16, 15.145, '2026-03-14 05:54:35'),(16, 15.146, '2026-03-14 04:54:35'),(16, 15.137, '2026-03-14 03:54:35'),(16, 15.137, '2026-03-14 02:54:35'),(16, 15.108, '2026-03-14 01:54:35'),(16, 15.099, '2026-03-14 00:54:35'),(16, 15.102, '2026-03-13 23:54:35'),(16, 15.08, '2026-03-13 22:54:35'),(16, 15.05, '2026-03-13 21:54:35'),(16, 15.036, '2026-03-13 20:54:35'),(16, 15.029, '2026-03-13 19:54:35'),(16, 15.031, '2026-03-13 18:54:35'),(16, 15.05, '2026-03-13 17:54:35'),(16, 15.022, '2026-03-13 16:54:35'),(16, 15.033, '2026-03-13 15:54:35'),(16, 15.043, '2026-03-13 14:54:35'),(16, 15.043, '2026-03-13 13:54:35'),(16, 15.062, '2026-03-13 12:54:35'),(16, 15.056, '2026-03-13 11:54:35'),(16, 15.084, '2026-03-13 10:54:35'),(16, 15.087, '2026-03-13 09:54:35'),(16, 15.083, '2026-03-13 08:54:35'),(16, 15.114, '2026-03-13 07:54:35'),(16, 15.117, '2026-03-13 06:54:35'),(16, 15.107, '2026-03-13 05:54:35'),(16, 15.093, '2026-03-13 04:54:35'),(16, 15.108, '2026-03-13 03:54:35'),(16, 15.102, '2026-03-13 02:54:35'),(16, 15.099, '2026-03-13 01:54:35'),(16, 15.094, '2026-03-13 00:54:35'),(16, 15.096, '2026-03-12 23:54:35'),(16, 15.102, '2026-03-12 22:54:35'),(16, 15.121, '2026-03-12 21:54:35'),(16, 15.133, '2026-03-12 20:54:35'),(16, 15.165, '2026-03-12 19:54:35'),(16, 15.161, '2026-03-12 18:54:35'),(16, 15.141, '2026-03-12 17:54:35'),(16, 15.141, '2026-03-12 16:54:35'),(16, 15.135, '2026-03-12 15:54:35'),(16, 15.149, '2026-03-12 14:54:35'),(16, 15.17, '2026-03-12 13:54:35'),(16, 15.157, '2026-03-12 12:54:35'),(16, 15.167, '2026-03-12 11:54:35'),(16, 15.168, '2026-03-12 10:54:35'),(16, 15.157, '2026-03-12 09:54:35'),(16, 15.129, '2026-03-12 08:54:35'),(16, 15.102, '2026-03-12 07:54:35'),(16, 15.097, '2026-03-12 06:54:35'),(16, 15.126, '2026-03-12 05:54:35'),(16, 15.156, '2026-03-12 04:54:35'),(16, 15.179, '2026-03-12 03:54:35'),(16, 15.186, '2026-03-12 02:54:35'),(16, 15.175, '2026-03-12 01:54:35'),(16, 15.156, '2026-03-12 00:54:35'),(16, 15.167, '2026-03-11 23:54:35'),(16, 15.166, '2026-03-11 22:54:35'),(16, 15.156, '2026-03-11 21:54:35'),(16, 15.176, '2026-03-11 20:54:35'),(16, 15.186, '2026-03-11 19:54:35'),(16, 15.197, '2026-03-11 18:54:35'),(16, 15.21, '2026-03-11 17:54:35'),(16, 15.227, '2026-03-11 16:54:35'),(16, 15.22, '2026-03-11 15:54:35'),(16, 15.206, '2026-03-11 14:54:35'),(16, 15.207, '2026-03-11 13:54:35'),(16, 15.231, '2026-03-11 12:54:35'),(16, 15.254, '2026-03-11 11:54:35'),(16, 15.244, '2026-03-11 10:54:35'),(16, 15.271, '2026-03-11 09:54:35'),(16, 15.268, '2026-03-11 08:54:35'),(16, 15.283, '2026-03-11 07:54:35'),(16, 15.302, '2026-03-11 06:54:35'),(16, 15.311, '2026-03-11 05:54:35'),(16, 15.323, '2026-03-11 04:54:35'),(16, 15.313, '2026-03-11 03:54:35'),(16, 15.324, '2026-03-11 02:54:35'),(16, 15.315, '2026-03-11 01:54:35'),(16, 15.342, '2026-03-11 00:54:35'),(16, 15.359, '2026-03-10 23:54:35'),(16, 15.379, '2026-03-10 22:54:35'),(16, 15.364, '2026-03-10 21:54:35'),(16, 15.356, '2026-03-10 20:54:35'),(16, 15.357, '2026-03-10 19:54:35'),(16, 15.356, '2026-03-10 18:54:35'),(16, 15.326, '2026-03-10 17:54:35'),(16, 15.31, '2026-03-10 16:54:35'),(16, 15.303, '2026-03-10 15:54:35'),(16, 15.325, '2026-03-10 14:54:35'),(16, 15.311, '2026-03-10 13:54:35'),(16, 15.309, '2026-03-10 12:54:35'),(16, 15.3, '2026-03-10 11:54:35'),(16, 15.319, '2026-03-10 10:54:35'),(16, 15.342, '2026-03-10 09:54:35'),(16, 15.331, '2026-03-10 08:54:35'),(16, 15.303, '2026-03-10 07:54:35'),(16, 15.315, '2026-03-10 06:54:35'),(16, 15.317, '2026-03-10 05:54:35'),(16, 15.335, '2026-03-10 04:54:35'),(16, 15.35, '2026-03-10 03:54:35'),(16, 15.355, '2026-03-10 02:54:35'),(16, 15.331, '2026-03-10 01:54:35'),(16, 15.309, '2026-03-10 00:54:35'),(16, 15.288, '2026-03-09 23:54:35'),(16, 15.322, '2026-03-09 22:54:35'),(16, 15.328, '2026-03-09 21:54:35'),(16, 15.35, '2026-03-09 20:54:35'),(16, 15.347, '2026-03-09 19:54:35'),(16, 15.318, '2026-03-09 18:54:35'),(16, 15.337, '2026-03-09 17:54:35'),(16, 15.368, '2026-03-09 16:54:35'),(16, 15.377, '2026-03-09 15:54:35'),(16, 15.402, '2026-03-09 14:54:35'),(16, 15.401, '2026-03-09 13:54:35'),(16, 15.414, '2026-03-09 12:54:35'),(16, 15.434, '2026-03-09 11:54:35'),(16, 15.466, '2026-03-09 10:54:35'),(16, 15.497, '2026-03-09 09:54:35'),(16, 15.471, '2026-03-09 08:54:35'),(16, 15.486, '2026-03-09 07:54:35'),(16, 15.504, '2026-03-09 06:54:35'),(16, 15.493, '2026-03-09 05:54:35'),(16, 15.48, '2026-03-09 04:54:35'),(16, 15.493, '2026-03-09 03:54:35'),(16, 15.524, '2026-03-09 02:54:35'),(16, 15.515, '2026-03-09 01:54:35'),(16, 15.524, '2026-03-09 00:54:35'),(16, 15.52, '2026-03-08 23:54:35'),(16, 15.519, '2026-03-08 22:54:35'),(16, 15.521, '2026-03-08 21:54:35'),(16, 15.519, '2026-03-08 20:54:35'),(16, 15.524, '2026-03-08 19:54:35'),(16, 15.505, '2026-03-08 18:54:35'),(16, 15.524, '2026-03-08 17:54:35'),(16, 15.523, '2026-03-08 16:54:35'),(16, 15.535, '2026-03-08 15:54:35'),(16, 15.539, '2026-03-08 14:54:35'),(16, 15.536, '2026-03-08 13:54:35'),(16, 15.536, '2026-03-08 12:54:35'),(16, 15.537, '2026-03-08 11:54:35'),(16, 15.527, '2026-03-08 10:54:35'),(16, 15.531, '2026-03-08 09:54:35'),(16, 15.547, '2026-03-08 08:54:35'),(16, 15.535, '2026-03-08 07:54:35'),(16, 15.535, '2026-03-08 06:54:35'),(16, 15.561, '2026-03-08 05:54:35'),(16, 15.561, '2026-03-08 04:54:35'),(16, 15.563, '2026-03-08 03:54:35'),(16, 15.547, '2026-03-08 02:54:35'),(16, 15.518, '2026-03-08 01:54:35'),(16, 15.515, '2026-03-08 00:54:35'),(16, 15.494, '2026-03-07 23:54:35'),(16, 15.509, '2026-03-07 22:54:35'),(16, 15.488, '2026-03-07 21:54:35'),(16, 15.497, '2026-03-07 20:54:35'),(16, 15.498, '2026-03-07 19:54:35'),(16, 15.51, '2026-03-07 18:54:35'),(16, 15.501, '2026-03-07 17:54:35'),(16, 15.489, '2026-03-07 16:54:35'),(16, 15.51, '2026-03-07 15:54:35'),(16, 15.517, '2026-03-07 14:54:35'),(16, 15.531, '2026-03-07 13:54:35'),(16, 15.523, '2026-03-07 12:54:35'),(16, 15.552, '2026-03-07 11:54:35'),(16, 15.526, '2026-03-07 10:54:35'),(16, 15.523, '2026-03-07 09:54:35'),(16, 15.532, '2026-03-07 08:54:35'),(16, 15.566, '2026-03-07 07:54:35'),(16, 15.595, '2026-03-07 06:54:35'),(16, 15.607, '2026-03-07 05:54:35'),(16, 15.602, '2026-03-07 04:54:35'),(16, 15.622, '2026-03-07 03:54:35'),(16, 15.62, '2026-03-07 02:54:35'),(16, 15.611, '2026-03-07 01:54:35'),(16, 15.583, '2026-03-07 00:54:35'),(16, 15.586, '2026-03-06 23:54:35'),(16, 15.562, '2026-03-06 22:54:35'),(16, 15.549, '2026-03-06 21:54:35'),(16, 15.564, '2026-03-06 20:54:35'),(16, 15.592, '2026-03-06 19:54:35'),(16, 15.609, '2026-03-06 18:54:35'),(16, 15.601, '2026-03-06 17:54:35'),(16, 15.602, '2026-03-06 16:54:35'),(16, 15.629, '2026-03-06 15:54:35'),(16, 15.658, '2026-03-06 14:54:35'),(16, 15.648, '2026-03-06 13:54:35'),(16, 15.672, '2026-03-06 12:54:35'),(16, 15.66, '2026-03-06 11:54:35'),(16, 15.658, '2026-03-06 10:54:35'),(16, 15.681, '2026-03-06 09:54:35'),(16, 15.682, '2026-03-06 08:54:35'),(16, 15.712, '2026-03-06 07:54:35'),(16, 15.739, '2026-03-06 06:54:35'),(16, 15.753, '2026-03-06 05:54:35'),(16, 15.767, '2026-03-06 04:54:35'),(16, 15.786, '2026-03-06 03:54:35'),(16, 15.76, '2026-03-06 02:54:35'),(16, 15.767, '2026-03-06 01:54:35'),(16, 15.759, '2026-03-06 00:54:35'),(16, 15.749, '2026-03-05 23:54:35'),(16, 15.746, '2026-03-05 22:54:35'),(16, 15.752, '2026-03-05 21:54:35'),(16, 15.773, '2026-03-05 20:54:35'),(16, 15.803, '2026-03-05 19:54:35'),(16, 15.796, '2026-03-05 18:54:35'),(16, 15.804, '2026-03-05 17:54:35'),(16, 15.8, '2026-03-05 16:54:35'),(16, 15.817, '2026-03-05 15:54:35'),(16, 15.803, '2026-03-05 14:54:35'),(16, 15.795, '2026-03-05 13:54:35'),(16, 15.805, '2026-03-05 12:54:35'),(16, 15.779, '2026-03-05 11:54:35'),(16, 15.765, '2026-03-05 10:54:35'),(16, 15.739, '2026-03-05 09:54:35'),(16, 15.714, '2026-03-05 08:54:35'),(16, 15.729, '2026-03-05 07:54:35'),(16, 15.701, '2026-03-05 06:54:35'),(16, 15.727, '2026-03-05 05:54:35'),(16, 15.737, '2026-03-05 04:54:35'),(16, 15.735, '2026-03-05 03:54:35'),(16, 15.72, '2026-03-05 02:54:35'),(16, 15.722, '2026-03-05 01:54:35'),(16, 15.755, '2026-03-05 00:54:35'),(16, 15.782, '2026-03-04 23:54:35'),(16, 15.787, '2026-03-04 22:54:35'),(16, 15.779, '2026-03-04 21:54:35'),(16, 15.784, '2026-03-04 20:54:35'),(16, 15.788, '2026-03-04 19:54:35'),(16, 15.805, '2026-03-04 18:54:35'),(16, 15.831, '2026-03-04 17:54:35'),(16, 15.818, '2026-03-04 16:54:35'),(16, 15.84, '2026-03-04 15:54:35'),(16, 15.836, '2026-03-04 14:54:35'),(16, 15.853, '2026-03-04 13:54:35'),(16, 15.864, '2026-03-04 12:54:35'),(16, 15.891, '2026-03-04 11:54:35'),(16, 15.903, '2026-03-04 10:54:35'),(16, 15.92, '2026-03-04 09:54:35'),(16, 15.925, '2026-03-04 08:54:35'),(16, 15.927, '2026-03-04 07:54:35'),(16, 15.937, '2026-03-04 06:54:35'),(16, 15.942, '2026-03-04 05:54:35'),(16, 15.932, '2026-03-04 04:54:35'),(16, 15.95, '2026-03-04 03:54:35'),(16, 15.935, '2026-03-04 02:54:35'),(16, 15.954, '2026-03-04 01:54:35'),(16, 15.985, '2026-03-04 00:54:35'),(16, 15.993, '2026-03-03 23:54:35'),(16, 16.015, '2026-03-03 22:54:35'),(16, 16.039, '2026-03-03 21:54:35'),(16, 16.042, '2026-03-03 20:54:35'),(16, 16.056, '2026-03-03 19:54:35'),(16, 16.049, '2026-03-03 18:54:35'),(16, 16.07, '2026-03-03 17:54:35'),(16, 16.072, '2026-03-03 16:54:35'),(16, 16.079, '2026-03-03 15:54:35'),(16, 16.087, '2026-03-03 14:54:35'),(16, 16.077, '2026-03-03 13:54:35'),(16, 16.103, '2026-03-03 12:54:35'),(16, 16.089, '2026-03-03 11:54:35'),(16, 16.123, '2026-03-03 10:54:35'),(16, 16.105, '2026-03-03 09:54:35'),(16, 16.123, '2026-03-03 08:54:35'),(16, 16.139, '2026-03-03 07:54:35'),(16, 16.132, '2026-03-03 06:54:35'),(16, 16.125, '2026-03-03 05:54:35'),(16, 16.128, '2026-03-03 04:54:35'),(16, 16.142, '2026-03-03 03:54:35'),(16, 16.142, '2026-03-03 02:54:35'),(16, 16.169, '2026-03-03 01:54:35'),(16, 16.144, '2026-03-03 00:54:35'),(16, 16.158, '2026-03-02 23:54:35'),(16, 16.156, '2026-03-02 22:54:35'),(16, 16.14, '2026-03-02 21:54:35'),(16, 16.114, '2026-03-02 20:54:35'),(16, 16.146, '2026-03-02 19:54:35'),(16, 16.159, '2026-03-02 18:54:35'),(16, 16.149, '2026-03-02 17:54:35'),(16, 16.148, '2026-03-02 16:54:35'),(16, 16.137, '2026-03-02 15:54:35'),(16, 16.147, '2026-03-02 14:54:35'),(16, 16.139, '2026-03-02 13:54:35'),(16, 16.117, '2026-03-02 12:54:35'),(16, 16.148, '2026-03-02 11:54:35'),(16, 16.156, '2026-03-02 10:54:35'),(16, 16.127, '2026-03-02 09:54:35'),(16, 16.117, '2026-03-02 08:54:35'),(16, 16.135, '2026-03-02 07:54:35'),(16, 16.129, '2026-03-02 06:54:35'),(16, 16.137, '2026-03-02 05:54:35'),(16, 16.129, '2026-03-02 04:54:35'),(16, 16.118, '2026-03-02 03:54:35'),(16, 16.098, '2026-03-02 02:54:35'),(16, 16.114, '2026-03-02 01:54:35'),(16, 16.109, '2026-03-02 00:54:35'),(16, 16.127, '2026-03-01 23:54:35'),(16, 16.113, '2026-03-01 22:54:35'),(16, 16.098, '2026-03-01 21:54:35'),(16, 16.115, '2026-03-01 20:54:35'),(16, 16.102, '2026-03-01 19:54:35'),(16, 16.109, '2026-03-01 18:54:35'),(16, 16.108, '2026-03-01 17:54:35'),(16, 16.106, '2026-03-01 16:54:35'),(16, 16.107, '2026-03-01 15:54:35'),(16, 16.119, '2026-03-01 14:54:35'),(16, 16.104, '2026-03-01 13:54:35');
INSERT INTO mining_sensors (id, type_id, name, lat, lng, status, current_value) VALUES (17, 6, 'Nivel de Relaves 02', -17.244254811113198, -70.61219331023146, 'active', 15.0);
INSERT INTO mining_sensor_history (sensor_id, value, timestamp) VALUES (17, 14.988, '2026-03-16 12:54:35'),(17, 14.987, '2026-03-16 11:54:35'),(17, 14.977, '2026-03-16 10:54:35'),(17, 14.979, '2026-03-16 09:54:35'),(17, 15.007, '2026-03-16 08:54:35'),(17, 15.01, '2026-03-16 07:54:35'),(17, 15.027, '2026-03-16 06:54:35'),(17, 15.019, '2026-03-16 05:54:35'),(17, 15.026, '2026-03-16 04:54:35'),(17, 15.018, '2026-03-16 03:54:35'),(17, 15.019, '2026-03-16 02:54:35'),(17, 15.032, '2026-03-16 01:54:35'),(17, 15.05, '2026-03-16 00:54:35'),(17, 15.055, '2026-03-15 23:54:35'),(17, 15.067, '2026-03-15 22:54:35'),(17, 15.096, '2026-03-15 21:54:35'),(17, 15.109, '2026-03-15 20:54:35'),(17, 15.128, '2026-03-15 19:54:35'),(17, 15.126, '2026-03-15 18:54:35'),(17, 15.14, '2026-03-15 17:54:35'),(17, 15.165, '2026-03-15 16:54:35'),(17, 15.175, '2026-03-15 15:54:35'),(17, 15.187, '2026-03-15 14:54:35'),(17, 15.174, '2026-03-15 13:54:35'),(17, 15.19, '2026-03-15 12:54:35'),(17, 15.199, '2026-03-15 11:54:35'),(17, 15.175, '2026-03-15 10:54:35'),(17, 15.163, '2026-03-15 09:54:35'),(17, 15.135, '2026-03-15 08:54:35'),(17, 15.154, '2026-03-15 07:54:35'),(17, 15.138, '2026-03-15 06:54:35'),(17, 15.129, '2026-03-15 05:54:35'),(17, 15.143, '2026-03-15 04:54:35'),(17, 15.157, '2026-03-15 03:54:35'),(17, 15.132, '2026-03-15 02:54:35'),(17, 15.132, '2026-03-15 01:54:35'),(17, 15.162, '2026-03-15 00:54:35'),(17, 15.132, '2026-03-14 23:54:35'),(17, 15.121, '2026-03-14 22:54:35'),(17, 15.113, '2026-03-14 21:54:35'),(17, 15.102, '2026-03-14 20:54:35'),(17, 15.099, '2026-03-14 19:54:35'),(17, 15.103, '2026-03-14 18:54:35'),(17, 15.108, '2026-03-14 17:54:35'),(17, 15.084, '2026-03-14 16:54:35'),(17, 15.076, '2026-03-14 15:54:35'),(17, 15.072, '2026-03-14 14:54:35'),(17, 15.065, '2026-03-14 13:54:35'),(17, 15.054, '2026-03-14 12:54:35'),(17, 15.055, '2026-03-14 11:54:35'),(17, 15.069, '2026-03-14 10:54:35'),(17, 15.081, '2026-03-14 09:54:35'),(17, 15.092, '2026-03-14 08:54:35'),(17, 15.094, '2026-03-14 07:54:35'),(17, 15.106, '2026-03-14 06:54:35'),(17, 15.08, '2026-03-14 05:54:35'),(17, 15.071, '2026-03-14 04:54:35'),(17, 15.082, '2026-03-14 03:54:35'),(17, 15.094, '2026-03-14 02:54:35'),(17, 15.091, '2026-03-14 01:54:35'),(17, 15.122, '2026-03-14 00:54:35'),(17, 15.127, '2026-03-13 23:54:35'),(17, 15.108, '2026-03-13 22:54:35'),(17, 15.125, '2026-03-13 21:54:35'),(17, 15.122, '2026-03-13 20:54:35'),(17, 15.112, '2026-03-13 19:54:35'),(17, 15.141, '2026-03-13 18:54:35'),(17, 15.17, '2026-03-13 17:54:35'),(17, 15.177, '2026-03-13 16:54:35'),(17, 15.177, '2026-03-13 15:54:35'),(17, 15.173, '2026-03-13 14:54:35'),(17, 15.165, '2026-03-13 13:54:35'),(17, 15.192, '2026-03-13 12:54:35'),(17, 15.216, '2026-03-13 11:54:35'),(17, 15.226, '2026-03-13 10:54:35'),(17, 15.241, '2026-03-13 09:54:35'),(17, 15.258, '2026-03-13 08:54:35'),(17, 15.264, '2026-03-13 07:54:35'),(17, 15.255, '2026-03-13 06:54:35'),(17, 15.246, '2026-03-13 05:54:35'),(17, 15.225, '2026-03-13 04:54:35'),(17, 15.257, '2026-03-13 03:54:35'),(17, 15.284, '2026-03-13 02:54:35'),(17, 15.313, '2026-03-13 01:54:35'),(17, 15.303, '2026-03-13 00:54:35'),(17, 15.314, '2026-03-12 23:54:35'),(17, 15.312, '2026-03-12 22:54:35'),(17, 15.319, '2026-03-12 21:54:35'),(17, 15.322, '2026-03-12 20:54:35'),(17, 15.339, '2026-03-12 19:54:35'),(17, 15.341, '2026-03-12 18:54:35'),(17, 15.348, '2026-03-12 17:54:35'),(17, 15.377, '2026-03-12 16:54:35'),(17, 15.388, '2026-03-12 15:54:35'),(17, 15.371, '2026-03-12 14:54:35'),(17, 15.372, '2026-03-12 13:54:35'),(17, 15.405, '2026-03-12 12:54:35'),(17, 15.396, '2026-03-12 11:54:35'),(17, 15.398, '2026-03-12 10:54:35'),(17, 15.386, '2026-03-12 09:54:35'),(17, 15.38, '2026-03-12 08:54:35'),(17, 15.392, '2026-03-12 07:54:35'),(17, 15.363, '2026-03-12 06:54:35'),(17, 15.377, '2026-03-12 05:54:35'),(17, 15.395, '2026-03-12 04:54:35'),(17, 15.386, '2026-03-12 03:54:35'),(17, 15.391, '2026-03-12 02:54:35'),(17, 15.398, '2026-03-12 01:54:35'),(17, 15.406, '2026-03-12 00:54:35'),(17, 15.422, '2026-03-11 23:54:35'),(17, 15.439, '2026-03-11 22:54:35'),(17, 15.41, '2026-03-11 21:54:35'),(17, 15.414, '2026-03-11 20:54:35'),(17, 15.423, '2026-03-11 19:54:35'),(17, 15.393, '2026-03-11 18:54:35'),(17, 15.38, '2026-03-11 17:54:35'),(17, 15.382, '2026-03-11 16:54:35'),(17, 15.392, '2026-03-11 15:54:35'),(17, 15.395, '2026-03-11 14:54:35'),(17, 15.366, '2026-03-11 13:54:35'),(17, 15.368, '2026-03-11 12:54:35'),(17, 15.34, '2026-03-11 11:54:35'),(17, 15.318, '2026-03-11 10:54:35'),(17, 15.331, '2026-03-11 09:54:35'),(17, 15.352, '2026-03-11 08:54:35'),(17, 15.332, '2026-03-11 07:54:35'),(17, 15.348, '2026-03-11 06:54:35'),(17, 15.367, '2026-03-11 05:54:35'),(17, 15.387, '2026-03-11 04:54:35'),(17, 15.359, '2026-03-11 03:54:35'),(17, 15.343, '2026-03-11 02:54:35'),(17, 15.355, '2026-03-11 01:54:35'),(17, 15.337, '2026-03-11 00:54:35'),(17, 15.342, '2026-03-10 23:54:35'),(17, 15.368, '2026-03-10 22:54:35'),(17, 15.371, '2026-03-10 21:54:35'),(17, 15.382, '2026-03-10 20:54:35'),(17, 15.391, '2026-03-10 19:54:35'),(17, 15.423, '2026-03-10 18:54:35'),(17, 15.422, '2026-03-10 17:54:35'),(17, 15.4, '2026-03-10 16:54:35'),(17, 15.408, '2026-03-10 15:54:35'),(17, 15.399, '2026-03-10 14:54:35'),(17, 15.406, '2026-03-10 13:54:35'),(17, 15.392, '2026-03-10 12:54:35'),(17, 15.415, '2026-03-10 11:54:35'),(17, 15.409, '2026-03-10 10:54:35'),(17, 15.412, '2026-03-10 09:54:35'),(17, 15.424, '2026-03-10 08:54:35'),(17, 15.446, '2026-03-10 07:54:35'),(17, 15.462, '2026-03-10 06:54:35'),(17, 23.212, '2026-03-10 05:54:35'),(17, 15.463, '2026-03-10 04:54:35'),(17, 15.472, '2026-03-10 03:54:35'),(17, 15.447, '2026-03-10 02:54:35'),(17, 15.459, '2026-03-10 01:54:35'),(17, 15.46, '2026-03-10 00:54:35'),(17, 15.477, '2026-03-09 23:54:35'),(17, 15.482, '2026-03-09 22:54:35'),(17, 15.474, '2026-03-09 21:54:35'),(17, 15.455, '2026-03-09 20:54:35'),(17, 15.486, '2026-03-09 19:54:35'),(17, 15.475, '2026-03-09 18:54:35'),(17, 15.461, '2026-03-09 17:54:35'),(17, 15.467, '2026-03-09 16:54:35'),(17, 15.5, '2026-03-09 15:54:35'),(17, 15.506, '2026-03-09 14:54:35'),(17, 15.496, '2026-03-09 13:54:35'),(17, 15.503, '2026-03-09 12:54:35'),(17, 15.501, '2026-03-09 11:54:35'),(17, 15.52, '2026-03-09 10:54:35'),(17, 15.493, '2026-03-09 09:54:35'),(17, 15.507, '2026-03-09 08:54:35'),(17, 15.495, '2026-03-09 07:54:35'),(17, 15.483, '2026-03-09 06:54:35'),(17, 15.481, '2026-03-09 05:54:35'),(17, 15.513, '2026-03-09 04:54:35'),(17, 15.533, '2026-03-09 03:54:35'),(17, 15.514, '2026-03-09 02:54:35'),(17, 15.487, '2026-03-09 01:54:35'),(17, 15.468, '2026-03-09 00:54:35'),(17, 15.459, '2026-03-08 23:54:35'),(17, 15.457, '2026-03-08 22:54:35'),(17, 15.471, '2026-03-08 21:54:35'),(17, 15.459, '2026-03-08 20:54:35'),(17, 15.467, '2026-03-08 19:54:35'),(17, 15.457, '2026-03-08 18:54:35'),(17, 15.49, '2026-03-08 17:54:35'),(17, 15.461, '2026-03-08 16:54:35'),(17, 15.451, '2026-03-08 15:54:35'),(17, 15.483, '2026-03-08 14:54:35'),(17, 15.462, '2026-03-08 13:54:35'),(17, 15.442, '2026-03-08 12:54:35'),(17, 15.437, '2026-03-08 11:54:35'),(17, 15.428, '2026-03-08 10:54:35'),(17, 15.442, '2026-03-08 09:54:35'),(17, 15.449, '2026-03-08 08:54:35'),(17, 15.467, '2026-03-08 07:54:35'),(17, 15.473, '2026-03-08 06:54:35'),(17, 15.503, '2026-03-08 05:54:35'),(17, 15.512, '2026-03-08 04:54:35'),(17, 15.528, '2026-03-08 03:54:35'),(17, 15.551, '2026-03-08 02:54:35'),(17, 15.564, '2026-03-08 01:54:35'),(17, 15.558, '2026-03-08 00:54:35'),(17, 15.546, '2026-03-07 23:54:35'),(17, 15.529, '2026-03-07 22:54:35'),(17, 15.549, '2026-03-07 21:54:35'),(17, 15.539, '2026-03-07 20:54:35'),(17, 15.553, '2026-03-07 19:54:35'),(17, 15.566, '2026-03-07 18:54:35'),(17, 15.557, '2026-03-07 17:54:35'),(17, 15.548, '2026-03-07 16:54:35'),(17, 15.563, '2026-03-07 15:54:35'),(17, 15.548, '2026-03-07 14:54:35'),(17, 15.545, '2026-03-07 13:54:35'),(17, 15.551, '2026-03-07 12:54:35'),(17, 15.539, '2026-03-07 11:54:35'),(17, 15.544, '2026-03-07 10:54:35'),(17, 15.546, '2026-03-07 09:54:35'),(17, 23.334, '2026-03-07 08:54:35'),(17, 15.547, '2026-03-07 07:54:35'),(17, 15.572, '2026-03-07 06:54:35'),(17, 15.586, '2026-03-07 05:54:35'),(17, 15.579, '2026-03-07 04:54:35'),(17, 15.579, '2026-03-07 03:54:35'),(17, 15.581, '2026-03-07 02:54:35'),(17, 15.599, '2026-03-07 01:54:35'),(17, 15.607, '2026-03-07 00:54:35'),(17, 15.607, '2026-03-06 23:54:35'),(17, 15.633, '2026-03-06 22:54:35'),(17, 15.645, '2026-03-06 21:54:35'),(17, 15.639, '2026-03-06 20:54:35'),(17, 15.655, '2026-03-06 19:54:35'),(17, 15.677, '2026-03-06 18:54:35'),(17, 15.678, '2026-03-06 17:54:35'),(17, 15.707, '2026-03-06 16:54:35'),(17, 15.715, '2026-03-06 15:54:35'),(17, 15.716, '2026-03-06 14:54:35'),(17, 15.719, '2026-03-06 13:54:35'),(17, 15.719, '2026-03-06 12:54:35'),(17, 15.729, '2026-03-06 11:54:35'),(17, 15.747, '2026-03-06 10:54:35'),(17, 15.766, '2026-03-06 09:54:35'),(17, 15.8, '2026-03-06 08:54:35'),(17, 15.823, '2026-03-06 07:54:35'),(17, 15.817, '2026-03-06 06:54:35'),(17, 15.789, '2026-03-06 05:54:35'),(17, 15.785, '2026-03-06 04:54:35'),(17, 15.774, '2026-03-06 03:54:35'),(17, 15.806, '2026-03-06 02:54:35'),(17, 15.818, '2026-03-06 01:54:35'),(17, 15.823, '2026-03-06 00:54:35'),(17, 15.812, '2026-03-05 23:54:35'),(17, 15.826, '2026-03-05 22:54:35'),(17, 15.822, '2026-03-05 21:54:35'),(17, 15.81, '2026-03-05 20:54:35'),(17, 15.825, '2026-03-05 19:54:35'),(17, 15.799, '2026-03-05 18:54:35'),(17, 15.789, '2026-03-05 17:54:35'),(17, 15.784, '2026-03-05 16:54:35'),(17, 15.782, '2026-03-05 15:54:35'),(17, 15.804, '2026-03-05 14:54:35'),(17, 15.829, '2026-03-05 13:54:35'),(17, 15.86, '2026-03-05 12:54:35'),(17, 15.851, '2026-03-05 11:54:35'),(17, 15.845, '2026-03-05 10:54:35'),(17, 15.836, '2026-03-05 09:54:35'),(17, 15.83, '2026-03-05 08:54:35'),(17, 15.825, '2026-03-05 07:54:35'),(17, 15.833, '2026-03-05 06:54:35'),(17, 15.842, '2026-03-05 05:54:35'),(17, 15.854, '2026-03-05 04:54:35'),(17, 15.856, '2026-03-05 03:54:35'),(17, 15.864, '2026-03-05 02:54:35'),(17, 15.873, '2026-03-05 01:54:35'),(17, 15.877, '2026-03-05 00:54:35'),(17, 15.867, '2026-03-04 23:54:35'),(17, 15.87, '2026-03-04 22:54:35'),(17, 15.88, '2026-03-04 21:54:35'),(17, 15.89, '2026-03-04 20:54:35'),(17, 15.889, '2026-03-04 19:54:35'),(17, 15.904, '2026-03-04 18:54:35'),(17, 15.879, '2026-03-04 17:54:35'),(17, 15.895, '2026-03-04 16:54:35'),(17, 15.886, '2026-03-04 15:54:35'),(17, 15.871, '2026-03-04 14:54:35'),(17, 15.887, '2026-03-04 13:54:35'),(17, 15.864, '2026-03-04 12:54:35'),(17, 15.856, '2026-03-04 11:54:35'),(17, 15.847, '2026-03-04 10:54:35'),(17, 15.866, '2026-03-04 09:54:35'),(17, 15.857, '2026-03-04 08:54:35'),(17, 15.872, '2026-03-04 07:54:35'),(17, 15.872, '2026-03-04 06:54:35'),(17, 15.859, '2026-03-04 05:54:35'),(17, 15.847, '2026-03-04 04:54:35'),(17, 15.829, '2026-03-04 03:54:35'),(17, 15.828, '2026-03-04 02:54:35'),(17, 15.834, '2026-03-04 01:54:35'),(17, 15.837, '2026-03-04 00:54:35'),(17, 15.858, '2026-03-03 23:54:35'),(17, 15.869, '2026-03-03 22:54:35'),(17, 15.841, '2026-03-03 21:54:35'),(17, 15.85, '2026-03-03 20:54:35'),(17, 15.867, '2026-03-03 19:54:35'),(17, 15.867, '2026-03-03 18:54:35'),(17, 15.877, '2026-03-03 17:54:35'),(17, 15.866, '2026-03-03 16:54:35'),(17, 15.849, '2026-03-03 15:54:35'),(17, 15.845, '2026-03-03 14:54:35'),(17, 15.838, '2026-03-03 13:54:35'),(17, 15.813, '2026-03-03 12:54:35'),(17, 15.838, '2026-03-03 11:54:35'),(17, 15.828, '2026-03-03 10:54:35'),(17, 15.815, '2026-03-03 09:54:35'),(17, 15.808, '2026-03-03 08:54:35'),(17, 15.816, '2026-03-03 07:54:35'),(17, 15.833, '2026-03-03 06:54:35'),(17, 15.835, '2026-03-03 05:54:35'),(17, 15.816, '2026-03-03 04:54:35'),(17, 15.848, '2026-03-03 03:54:35'),(17, 15.846, '2026-03-03 02:54:35'),(17, 15.841, '2026-03-03 01:54:35'),(17, 15.815, '2026-03-03 00:54:35'),(17, 15.804, '2026-03-02 23:54:35'),(17, 15.813, '2026-03-02 22:54:35'),(17, 15.806, '2026-03-02 21:54:35'),(17, 15.806, '2026-03-02 20:54:35'),(17, 15.797, '2026-03-02 19:54:35'),(17, 15.807, '2026-03-02 18:54:35'),(17, 15.84, '2026-03-02 17:54:35'),(17, 15.845, '2026-03-02 16:54:35'),(17, 15.859, '2026-03-02 15:54:35'),(17, 15.86, '2026-03-02 14:54:35'),(17, 15.85, '2026-03-02 13:54:35'),(17, 15.872, '2026-03-02 12:54:35'),(17, 15.854, '2026-03-02 11:54:35'),(17, 15.842, '2026-03-02 10:54:35'),(17, 15.85, '2026-03-02 09:54:35'),(17, 15.854, '2026-03-02 08:54:35'),(17, 15.868, '2026-03-02 07:54:35'),(17, 15.855, '2026-03-02 06:54:35'),(17, 15.848, '2026-03-02 05:54:35'),(17, 15.841, '2026-03-02 04:54:35'),(17, 15.835, '2026-03-02 03:54:35'),(17, 15.841, '2026-03-02 02:54:35'),(17, 15.857, '2026-03-02 01:54:35'),(17, 15.866, '2026-03-02 00:54:35'),(17, 15.866, '2026-03-01 23:54:35'),(17, 15.901, '2026-03-01 22:54:35'),(17, 15.904, '2026-03-01 21:54:35'),(17, 15.907, '2026-03-01 20:54:35'),(17, 15.896, '2026-03-01 19:54:35'),(17, 15.878, '2026-03-01 18:54:35'),(17, 15.886, '2026-03-01 17:54:35'),(17, 15.879, '2026-03-01 16:54:35'),(17, 15.909, '2026-03-01 15:54:35'),(17, 15.909, '2026-03-01 14:54:35'),(17, 15.906, '2026-03-01 13:54:35');
INSERT INTO mining_sensors (id, type_id, name, lat, lng, status, current_value) VALUES (18, 6, 'Nivel de Relaves 03', -17.245441174677612, -70.60913140647486, 'active', 15.0);
INSERT INTO mining_sensor_history (sensor_id, value, timestamp) VALUES (18, 14.986, '2026-03-16 12:54:35'),(18, 14.975, '2026-03-16 11:54:35'),(18, 14.98, '2026-03-16 10:54:35'),(18, 14.988, '2026-03-16 09:54:35'),(18, 15.014, '2026-03-16 08:54:35'),(18, 14.989, '2026-03-16 07:54:35'),(18, 14.978, '2026-03-16 06:54:35'),(18, 15.002, '2026-03-16 05:54:35'),(18, 15.025, '2026-03-16 04:54:35'),(18, 15.009, '2026-03-16 03:54:35'),(18, 7.514, '2026-03-16 02:54:35'),(18, 15.005, '2026-03-16 01:54:35'),(18, 15.004, '2026-03-16 00:54:35'),(18, 14.997, '2026-03-15 23:54:35'),(18, 15.03, '2026-03-15 22:54:35'),(18, 15.04, '2026-03-15 21:54:35'),(18, 15.06, '2026-03-15 20:54:35'),(18, 15.058, '2026-03-15 19:54:35'),(18, 15.038, '2026-03-15 18:54:35'),(18, 15.052, '2026-03-15 17:54:35'),(18, 15.05, '2026-03-15 16:54:35'),(18, 15.032, '2026-03-15 15:54:35'),(18, 15.012, '2026-03-15 14:54:35'),(18, 15.014, '2026-03-15 13:54:35'),(18, 15.026, '2026-03-15 12:54:35'),(18, 15.021, '2026-03-15 11:54:35'),(18, 15.041, '2026-03-15 10:54:35'),(18, 15.059, '2026-03-15 09:54:35'),(18, 15.066, '2026-03-15 08:54:35'),(18, 15.052, '2026-03-15 07:54:35'),(18, 15.042, '2026-03-15 06:54:35'),(18, 15.033, '2026-03-15 05:54:35'),(18, 15.05, '2026-03-15 04:54:35'),(18, 15.046, '2026-03-15 03:54:35'),(18, 15.059, '2026-03-15 02:54:35'),(18, 15.092, '2026-03-15 01:54:35'),(18, 15.084, '2026-03-15 00:54:35'),(18, 15.084, '2026-03-14 23:54:35'),(18, 15.072, '2026-03-14 22:54:35'),(18, 15.091, '2026-03-14 21:54:35'),(18, 15.082, '2026-03-14 20:54:35'),(18, 15.096, '2026-03-14 19:54:35'),(18, 15.086, '2026-03-14 18:54:35'),(18, 15.114, '2026-03-14 17:54:35'),(18, 15.129, '2026-03-14 16:54:35'),(18, 15.13, '2026-03-14 15:54:35'),(18, 15.117, '2026-03-14 14:54:35'),(18, 15.103, '2026-03-14 13:54:35'),(18, 15.136, '2026-03-14 12:54:35'),(18, 15.138, '2026-03-14 11:54:35'),(18, 15.163, '2026-03-14 10:54:35'),(18, 15.169, '2026-03-14 09:54:35'),(18, 15.146, '2026-03-14 08:54:35'),(18, 15.163, '2026-03-14 07:54:35'),(18, 15.162, '2026-03-14 06:54:35'),(18, 15.151, '2026-03-14 05:54:35'),(18, 15.133, '2026-03-14 04:54:35'),(18, 15.109, '2026-03-14 03:54:35'),(18, 15.096, '2026-03-14 02:54:35'),(18, 15.108, '2026-03-14 01:54:35'),(18, 15.115, '2026-03-14 00:54:35'),(18, 15.133, '2026-03-13 23:54:35'),(18, 15.123, '2026-03-13 22:54:35'),(18, 15.125, '2026-03-13 21:54:35'),(18, 15.122, '2026-03-13 20:54:35'),(18, 15.147, '2026-03-13 19:54:35'),(18, 15.176, '2026-03-13 18:54:35'),(18, 15.156, '2026-03-13 17:54:35'),(18, 15.169, '2026-03-13 16:54:35'),(18, 15.18, '2026-03-13 15:54:35'),(18, 15.165, '2026-03-13 14:54:35'),(18, 15.18, '2026-03-13 13:54:35'),(18, 15.18, '2026-03-13 12:54:35'),(18, 15.181, '2026-03-13 11:54:35'),(18, 15.181, '2026-03-13 10:54:35'),(18, 15.212, '2026-03-13 09:54:35'),(18, 15.229, '2026-03-13 08:54:35'),(18, 15.23, '2026-03-13 07:54:35'),(18, 15.252, '2026-03-13 06:54:35'),(18, 15.28, '2026-03-13 05:54:35'),(18, 15.282, '2026-03-13 04:54:35'),(18, 15.316, '2026-03-13 03:54:35'),(18, 15.339, '2026-03-13 02:54:35'),(18, 15.34, '2026-03-13 01:54:35'),(18, 15.372, '2026-03-13 00:54:35'),(18, 15.358, '2026-03-12 23:54:35'),(18, 15.39, '2026-03-12 22:54:35'),(18, 15.37, '2026-03-12 21:54:35'),(18, 15.381, '2026-03-12 20:54:35'),(18, 15.397, '2026-03-12 19:54:35'),(18, 15.404, '2026-03-12 18:54:35'),(18, 15.399, '2026-03-12 17:54:35'),(18, 15.394, '2026-03-12 16:54:35'),(18, 15.38, '2026-03-12 15:54:35'),(18, 15.378, '2026-03-12 14:54:35'),(18, 15.381, '2026-03-12 13:54:35'),(18, 15.397, '2026-03-12 12:54:35'),(18, 15.425, '2026-03-12 11:54:35'),(18, 15.445, '2026-03-12 10:54:35'),(18, 15.431, '2026-03-12 09:54:35'),(18, 15.435, '2026-03-12 08:54:35'),(18, 15.466, '2026-03-12 07:54:35'),(18, 15.459, '2026-03-12 06:54:35'),(18, 15.44, '2026-03-12 05:54:35'),(18, 15.42, '2026-03-12 04:54:35'),(18, 15.409, '2026-03-12 03:54:35'),(18, 15.435, '2026-03-12 02:54:35'),(18, 15.433, '2026-03-12 01:54:35'),(18, 15.445, '2026-03-12 00:54:35'),(18, 15.415, '2026-03-11 23:54:35'),(18, 15.438, '2026-03-11 22:54:35'),(18, 15.468, '2026-03-11 21:54:35'),(18, 15.456, '2026-03-11 20:54:35'),(18, 15.458, '2026-03-11 19:54:35'),(18, 15.447, '2026-03-11 18:54:35'),(18, 15.426, '2026-03-11 17:54:35'),(18, 15.398, '2026-03-11 16:54:35'),(18, 15.401, '2026-03-11 15:54:35'),(18, 15.396, '2026-03-11 14:54:35'),(18, 15.41, '2026-03-11 13:54:35'),(18, 15.439, '2026-03-11 12:54:35'),(18, 15.438, '2026-03-11 11:54:35'),(18, 15.447, '2026-03-11 10:54:35'),(18, 15.462, '2026-03-11 09:54:35'),(18, 15.437, '2026-03-11 08:54:35'),(18, 15.455, '2026-03-11 07:54:35'),(18, 15.445, '2026-03-11 06:54:35'),(18, 15.476, '2026-03-11 05:54:35'),(18, 15.462, '2026-03-11 04:54:35'),(18, 15.473, '2026-03-11 03:54:35'),(18, 15.46, '2026-03-11 02:54:35'),(18, 15.489, '2026-03-11 01:54:35'),(18, 15.505, '2026-03-11 00:54:35'),(18, 15.537, '2026-03-10 23:54:35'),(18, 15.53, '2026-03-10 22:54:35'),(18, 15.547, '2026-03-10 21:54:35'),(18, 15.559, '2026-03-10 20:54:35'),(18, 15.594, '2026-03-10 19:54:35'),(18, 15.588, '2026-03-10 18:54:35'),(18, 15.601, '2026-03-10 17:54:35'),(18, 15.588, '2026-03-10 16:54:35'),(18, 15.573, '2026-03-10 15:54:35'),(18, 15.589, '2026-03-10 14:54:35'),(18, 15.604, '2026-03-10 13:54:35'),(18, 15.59, '2026-03-10 12:54:35'),(18, 15.6, '2026-03-10 11:54:35'),(18, 15.611, '2026-03-10 10:54:35'),(18, 15.619, '2026-03-10 09:54:35'),(18, 15.625, '2026-03-10 08:54:35'),(18, 15.652, '2026-03-10 07:54:35'),(18, 15.65, '2026-03-10 06:54:35'),(18, 15.663, '2026-03-10 05:54:35'),(18, 15.671, '2026-03-10 04:54:35'),(18, 15.65, '2026-03-10 03:54:35'),(18, 15.654, '2026-03-10 02:54:35'),(18, 15.685, '2026-03-10 01:54:35'),(18, 15.71, '2026-03-10 00:54:35'),(18, 15.683, '2026-03-09 23:54:35'),(18, 15.662, '2026-03-09 22:54:35'),(18, 15.636, '2026-03-09 21:54:35'),(18, 15.648, '2026-03-09 20:54:35'),(18, 15.68, '2026-03-09 19:54:35'),(18, 15.701, '2026-03-09 18:54:35'),(18, 15.734, '2026-03-09 17:54:35'),(18, 15.75, '2026-03-09 16:54:35'),(18, 15.74, '2026-03-09 15:54:35'),(18, 15.735, '2026-03-09 14:54:35'),(18, 15.764, '2026-03-09 13:54:35'),(18, 15.77, '2026-03-09 12:54:35'),(18, 15.781, '2026-03-09 11:54:35'),(18, 15.798, '2026-03-09 10:54:35'),(18, 15.781, '2026-03-09 09:54:35'),(18, 15.795, '2026-03-09 08:54:35'),(18, 15.812, '2026-03-09 07:54:35'),(18, 15.811, '2026-03-09 06:54:35'),(18, 15.804, '2026-03-09 05:54:35'),(18, 15.818, '2026-03-09 04:54:35'),(18, 15.832, '2026-03-09 03:54:35'),(18, 15.851, '2026-03-09 02:54:35'),(18, 15.845, '2026-03-09 01:54:35'),(18, 15.834, '2026-03-09 00:54:35'),(18, 15.859, '2026-03-08 23:54:35'),(18, 15.838, '2026-03-08 22:54:35'),(18, 15.862, '2026-03-08 21:54:35'),(18, 15.849, '2026-03-08 20:54:35'),(18, 15.868, '2026-03-08 19:54:35'),(18, 15.85, '2026-03-08 18:54:35'),(18, 15.883, '2026-03-08 17:54:35'),(18, 15.863, '2026-03-08 16:54:35'),(18, 15.848, '2026-03-08 15:54:35'),(18, 15.85, '2026-03-08 14:54:35'),(18, 15.846, '2026-03-08 13:54:35'),(18, 15.855, '2026-03-08 12:54:35'),(18, 15.847, '2026-03-08 11:54:35'),(18, 15.845, '2026-03-08 10:54:35'),(18, 15.853, '2026-03-08 09:54:35'),(18, 15.848, '2026-03-08 08:54:35'),(18, 15.856, '2026-03-08 07:54:35'),(18, 15.844, '2026-03-08 06:54:35'),(18, 15.841, '2026-03-08 05:54:35'),(18, 15.83, '2026-03-08 04:54:35'),(18, 15.838, '2026-03-08 03:54:35'),(18, 15.811, '2026-03-08 02:54:35'),(18, 15.817, '2026-03-08 01:54:35'),(18, 15.835, '2026-03-08 00:54:35'),(18, 15.831, '2026-03-07 23:54:35'),(18, 15.86, '2026-03-07 22:54:35'),(18, 15.866, '2026-03-07 21:54:35'),(18, 15.893, '2026-03-07 20:54:35'),(18, 15.867, '2026-03-07 19:54:35'),(18, 15.885, '2026-03-07 18:54:35'),(18, 15.902, '2026-03-07 17:54:35'),(18, 15.884, '2026-03-07 16:54:35'),(18, 15.91, '2026-03-07 15:54:35'),(18, 15.914, '2026-03-07 14:54:35'),(18, 15.932, '2026-03-07 13:54:35'),(18, 15.945, '2026-03-07 12:54:35'),(18, 15.925, '2026-03-07 11:54:35'),(18, 15.936, '2026-03-07 10:54:35'),(18, 15.956, '2026-03-07 09:54:35'),(18, 15.958, '2026-03-07 08:54:35'),(18, 15.944, '2026-03-07 07:54:35'),(18, 15.932, '2026-03-07 06:54:35'),(18, 15.908, '2026-03-07 05:54:35'),(18, 15.914, '2026-03-07 04:54:35'),(18, 7.952, '2026-03-07 03:54:35'),(18, 15.919, '2026-03-07 02:54:35'),(18, 15.949, '2026-03-07 01:54:35'),(18, 15.944, '2026-03-07 00:54:35'),(18, 15.967, '2026-03-06 23:54:35'),(18, 15.973, '2026-03-06 22:54:35'),(18, 16.008, '2026-03-06 21:54:35'),(18, 16.004, '2026-03-06 20:54:35'),(18, 16.0, '2026-03-06 19:54:35'),(18, 15.975, '2026-03-06 18:54:35'),(18, 15.982, '2026-03-06 17:54:35'),(18, 16.01, '2026-03-06 16:54:35'),(18, 16.016, '2026-03-06 15:54:35'),(18, 8.004, '2026-03-06 14:54:35'),(18, 16.024, '2026-03-06 13:54:35'),(18, 16.053, '2026-03-06 12:54:35'),(18, 16.031, '2026-03-06 11:54:35'),(18, 16.002, '2026-03-06 10:54:35'),(18, 16.02, '2026-03-06 09:54:35'),(18, 16.006, '2026-03-06 08:54:35'),(18, 16.033, '2026-03-06 07:54:35'),(18, 16.045, '2026-03-06 06:54:35'),(18, 16.032, '2026-03-06 05:54:35'),(18, 16.046, '2026-03-06 04:54:35'),(18, 16.078, '2026-03-06 03:54:35'),(18, 16.109, '2026-03-06 02:54:35'),(18, 16.091, '2026-03-06 01:54:35'),(18, 16.062, '2026-03-06 00:54:35'),(18, 16.084, '2026-03-05 23:54:35'),(18, 16.07, '2026-03-05 22:54:35'),(18, 16.103, '2026-03-05 21:54:35'),(18, 16.103, '2026-03-05 20:54:35'),(18, 16.108, '2026-03-05 19:54:35'),(18, 16.127, '2026-03-05 18:54:35'),(18, 16.102, '2026-03-05 17:54:35'),(18, 16.104, '2026-03-05 16:54:35'),(18, 16.121, '2026-03-05 15:54:35'),(18, 16.098, '2026-03-05 14:54:35'),(18, 16.112, '2026-03-05 13:54:35'),(18, 16.141, '2026-03-05 12:54:35'),(18, 16.134, '2026-03-05 11:54:35'),(18, 16.143, '2026-03-05 10:54:35'),(18, 16.178, '2026-03-05 09:54:35'),(18, 16.167, '2026-03-05 08:54:35'),(18, 16.195, '2026-03-05 07:54:35'),(18, 16.214, '2026-03-05 06:54:35'),(18, 16.2, '2026-03-05 05:54:35'),(18, 16.208, '2026-03-05 04:54:35'),(18, 16.199, '2026-03-05 03:54:35'),(18, 16.227, '2026-03-05 02:54:35'),(18, 16.198, '2026-03-05 01:54:35'),(18, 16.231, '2026-03-05 00:54:35'),(18, 16.251, '2026-03-04 23:54:35'),(18, 16.256, '2026-03-04 22:54:35'),(18, 16.25, '2026-03-04 21:54:35'),(18, 16.24, '2026-03-04 20:54:35'),(18, 16.258, '2026-03-04 19:54:35'),(18, 16.253, '2026-03-04 18:54:35'),(18, 16.232, '2026-03-04 17:54:35'),(18, 16.221, '2026-03-04 16:54:35'),(18, 16.245, '2026-03-04 15:54:35'),(18, 16.233, '2026-03-04 14:54:35'),(18, 16.227, '2026-03-04 13:54:35'),(18, 16.242, '2026-03-04 12:54:35'),(18, 16.264, '2026-03-04 11:54:35'),(18, 16.243, '2026-03-04 10:54:35'),(18, 16.268, '2026-03-04 09:54:35'),(18, 16.253, '2026-03-04 08:54:35'),(18, 16.228, '2026-03-04 07:54:35'),(18, 16.241, '2026-03-04 06:54:35'),(18, 16.252, '2026-03-04 05:54:35'),(18, 16.261, '2026-03-04 04:54:35'),(18, 16.26, '2026-03-04 03:54:35'),(18, 16.284, '2026-03-04 02:54:35'),(18, 16.273, '2026-03-04 01:54:35'),(18, 16.264, '2026-03-04 00:54:35'),(18, 16.285, '2026-03-03 23:54:35'),(18, 16.306, '2026-03-03 22:54:35'),(18, 16.333, '2026-03-03 21:54:35'),(18, 16.366, '2026-03-03 20:54:35'),(18, 16.357, '2026-03-03 19:54:35'),(18, 16.348, '2026-03-03 18:54:35'),(18, 16.342, '2026-03-03 17:54:35'),(18, 16.364, '2026-03-03 16:54:35'),(18, 16.355, '2026-03-03 15:54:35'),(18, 16.326, '2026-03-03 14:54:35'),(18, 16.313, '2026-03-03 13:54:35'),(18, 16.317, '2026-03-03 12:54:35'),(18, 16.293, '2026-03-03 11:54:35'),(18, 16.309, '2026-03-03 10:54:35'),(18, 16.31, '2026-03-03 09:54:35'),(18, 16.3, '2026-03-03 08:54:35'),(18, 16.301, '2026-03-03 07:54:35'),(18, 16.291, '2026-03-03 06:54:35'),(18, 16.296, '2026-03-03 05:54:35'),(18, 16.298, '2026-03-03 04:54:35'),(18, 16.31, '2026-03-03 03:54:35'),(18, 16.317, '2026-03-03 02:54:35'),(18, 16.339, '2026-03-03 01:54:35'),(18, 16.35, '2026-03-03 00:54:35'),(18, 16.356, '2026-03-02 23:54:35'),(18, 16.333, '2026-03-02 22:54:35'),(18, 16.36, '2026-03-02 21:54:35'),(18, 16.359, '2026-03-02 20:54:35'),(18, 16.371, '2026-03-02 19:54:35'),(18, 16.379, '2026-03-02 18:54:35'),(18, 16.357, '2026-03-02 17:54:35'),(18, 16.358, '2026-03-02 16:54:35'),(18, 16.365, '2026-03-02 15:54:35'),(18, 16.335, '2026-03-02 14:54:35'),(18, 16.314, '2026-03-02 13:54:35'),(18, 16.338, '2026-03-02 12:54:35'),(18, 16.34, '2026-03-02 11:54:35'),(18, 16.314, '2026-03-02 10:54:35'),(18, 16.333, '2026-03-02 09:54:35'),(18, 16.324, '2026-03-02 08:54:35'),(18, 16.347, '2026-03-02 07:54:35'),(18, 16.337, '2026-03-02 06:54:35'),(18, 16.353, '2026-03-02 05:54:35'),(18, 16.361, '2026-03-02 04:54:35'),(18, 16.367, '2026-03-02 03:54:35'),(18, 16.379, '2026-03-02 02:54:35'),(18, 16.378, '2026-03-02 01:54:35'),(18, 16.411, '2026-03-02 00:54:35'),(18, 16.382, '2026-03-01 23:54:35'),(18, 16.393, '2026-03-01 22:54:35'),(18, 16.428, '2026-03-01 21:54:35'),(18, 16.438, '2026-03-01 20:54:35'),(18, 16.431, '2026-03-01 19:54:35'),(18, 16.456, '2026-03-01 18:54:35'),(18, 16.484, '2026-03-01 17:54:35'),(18, 16.463, '2026-03-01 16:54:35'),(18, 16.472, '2026-03-01 15:54:35'),(18, 16.455, '2026-03-01 14:54:35'),(18, 16.452, '2026-03-01 13:54:35');
INSERT INTO mining_sensors (id, type_id, name, lat, lng, status, current_value) VALUES (19, 7, 'Sensor de pH 01', -17.24201485229645, -70.61383768466455, 'active', 7.0);
INSERT INTO mining_sensor_history (sensor_id, value, timestamp) VALUES (19, 6.952, '2026-03-16 12:54:35'),(19, 7.004, '2026-03-16 11:54:35'),(19, 6.938, '2026-03-16 10:54:35'),(19, 6.995, '2026-03-16 09:54:35'),(19, 7.054, '2026-03-16 08:54:35'),(19, 6.988, '2026-03-16 07:54:35'),(19, 7.047, '2026-03-16 06:54:35'),(19, 7.019, '2026-03-16 05:54:35'),(19, 6.954, '2026-03-16 04:54:35'),(19, 6.94, '2026-03-16 03:54:35'),(19, 7.05, '2026-03-16 02:54:35'),(19, 7.032, '2026-03-16 01:54:35'),(19, 6.988, '2026-03-16 00:54:35'),(19, 6.988, '2026-03-15 23:54:35'),(19, 7.014, '2026-03-15 22:54:35'),(19, 7.018, '2026-03-15 21:54:35'),(19, 7.05, '2026-03-15 20:54:35'),(19, 7.025, '2026-03-15 19:54:35'),(19, 7.044, '2026-03-15 18:54:35'),(19, 7.008, '2026-03-15 17:54:35'),(19, 6.993, '2026-03-15 16:54:35'),(19, 7.008, '2026-03-15 15:54:35'),(19, 7.042, '2026-03-15 14:54:35'),(19, 7.026, '2026-03-15 13:54:35'),(19, 6.995, '2026-03-15 12:54:35'),(19, 6.974, '2026-03-15 11:54:35'),(19, 6.972, '2026-03-15 10:54:35'),(19, 7.038, '2026-03-15 09:54:35'),(19, 7.043, '2026-03-15 08:54:35'),(19, 7.058, '2026-03-15 07:54:35'),(19, 7.015, '2026-03-15 06:54:35'),(19, 7.054, '2026-03-15 05:54:35'),(19, 7.019, '2026-03-15 04:54:35'),(19, 7.018, '2026-03-15 03:54:35'),(19, 7.028, '2026-03-15 02:54:35'),(19, 7.031, '2026-03-15 01:54:35'),(19, 7.054, '2026-03-15 00:54:35'),(19, 7.035, '2026-03-14 23:54:35'),(19, 6.966, '2026-03-14 22:54:35'),(19, 7.023, '2026-03-14 21:54:35'),(19, 7.051, '2026-03-14 20:54:35'),(19, 7.044, '2026-03-14 19:54:35'),(19, 7.0, '2026-03-14 18:54:35'),(19, 6.938, '2026-03-14 17:54:35'),(19, 7.018, '2026-03-14 16:54:35'),(19, 6.935, '2026-03-14 15:54:35'),(19, 7.045, '2026-03-14 14:54:35'),(19, 6.934, '2026-03-14 13:54:35'),(19, 7.028, '2026-03-14 12:54:35'),(19, 6.986, '2026-03-14 11:54:35'),(19, 7.069, '2026-03-14 10:54:35'),(19, 6.985, '2026-03-14 09:54:35'),(19, 6.969, '2026-03-14 08:54:35'),(19, 6.938, '2026-03-14 07:54:35'),(19, 6.976, '2026-03-14 06:54:35'),(19, 6.957, '2026-03-14 05:54:35'),(19, 7.043, '2026-03-14 04:54:35'),(19, 6.957, '2026-03-14 03:54:35'),(19, 7.036, '2026-03-14 02:54:35'),(19, 6.943, '2026-03-14 01:54:35'),(19, 7.0, '2026-03-14 00:54:35'),(19, 7.068, '2026-03-13 23:54:35'),(19, 7.038, '2026-03-13 22:54:35'),(19, 6.989, '2026-03-13 21:54:35'),(19, 6.955, '2026-03-13 20:54:35'),(19, 7.04, '2026-03-13 19:54:35'),(19, 7.054, '2026-03-13 18:54:35'),(19, 6.993, '2026-03-13 17:54:35'),(19, 7.01, '2026-03-13 16:54:35'),(19, 7.051, '2026-03-13 15:54:35'),(19, 7.002, '2026-03-13 14:54:35'),(19, 7.029, '2026-03-13 13:54:35'),(19, 6.959, '2026-03-13 12:54:35'),(19, 6.966, '2026-03-13 11:54:35'),(19, 7.06, '2026-03-13 10:54:35'),(19, 6.931, '2026-03-13 09:54:35'),(19, 7.065, '2026-03-13 08:54:35'),(19, 6.933, '2026-03-13 07:54:35'),(19, 7.05, '2026-03-13 06:54:35'),(19, 6.935, '2026-03-13 05:54:35'),(19, 7.008, '2026-03-13 04:54:35'),(19, 6.968, '2026-03-13 03:54:35'),(19, 6.972, '2026-03-13 02:54:35'),(19, 6.975, '2026-03-13 01:54:35'),(19, 7.065, '2026-03-13 00:54:35'),(19, 7.042, '2026-03-12 23:54:35'),(19, 6.942, '2026-03-12 22:54:35'),(19, 6.998, '2026-03-12 21:54:35'),(19, 6.93, '2026-03-12 20:54:35'),(19, 6.957, '2026-03-12 19:54:35'),(19, 7.043, '2026-03-12 18:54:35'),(19, 6.983, '2026-03-12 17:54:35'),(19, 7.018, '2026-03-12 16:54:35'),(19, 6.961, '2026-03-12 15:54:35'),(19, 7.011, '2026-03-12 14:54:35'),(19, 7.02, '2026-03-12 13:54:35'),(19, 7.064, '2026-03-12 12:54:35'),(19, 7.049, '2026-03-12 11:54:35'),(19, 7.049, '2026-03-12 10:54:35'),(19, 6.95, '2026-03-12 09:54:35'),(19, 7.06, '2026-03-12 08:54:35'),(19, 7.002, '2026-03-12 07:54:35'),(19, 7.014, '2026-03-12 06:54:35'),(19, 7.028, '2026-03-12 05:54:35'),(19, 7.061, '2026-03-12 04:54:35'),(19, 7.015, '2026-03-12 03:54:35'),(19, 7.058, '2026-03-12 02:54:35'),(19, 6.931, '2026-03-12 01:54:35'),(19, 6.959, '2026-03-12 00:54:35'),(19, 7.05, '2026-03-11 23:54:35'),(19, 6.975, '2026-03-11 22:54:35'),(19, 6.993, '2026-03-11 21:54:35'),(19, 6.971, '2026-03-11 20:54:35'),(19, 6.967, '2026-03-11 19:54:35'),(19, 6.975, '2026-03-11 18:54:35'),(19, 7.062, '2026-03-11 17:54:35'),(19, 7.031, '2026-03-11 16:54:35'),(19, 7.061, '2026-03-11 15:54:35'),(19, 10.566, '2026-03-11 14:54:35'),(19, 7.026, '2026-03-11 13:54:35'),(19, 6.966, '2026-03-11 12:54:35'),(19, 7.047, '2026-03-11 11:54:35'),(19, 6.958, '2026-03-11 10:54:35'),(19, 7.066, '2026-03-11 09:54:35'),(19, 6.961, '2026-03-11 08:54:35'),(19, 7.045, '2026-03-11 07:54:35'),(19, 6.947, '2026-03-11 06:54:35'),(19, 6.938, '2026-03-11 05:54:35'),(19, 6.954, '2026-03-11 04:54:35'),(19, 7.052, '2026-03-11 03:54:35'),(19, 7.032, '2026-03-11 02:54:35'),(19, 7.01, '2026-03-11 01:54:35'),(19, 6.987, '2026-03-11 00:54:35'),(19, 6.949, '2026-03-10 23:54:35'),(19, 6.998, '2026-03-10 22:54:35'),(19, 7.061, '2026-03-10 21:54:35'),(19, 7.006, '2026-03-10 20:54:35'),(19, 6.99, '2026-03-10 19:54:35'),(19, 6.976, '2026-03-10 18:54:35'),(19, 7.061, '2026-03-10 17:54:35'),(19, 6.98, '2026-03-10 16:54:35'),(19, 7.059, '2026-03-10 15:54:35'),(19, 6.981, '2026-03-10 14:54:35'),(19, 6.957, '2026-03-10 13:54:35'),(19, 6.966, '2026-03-10 12:54:35'),(19, 7.063, '2026-03-10 11:54:35'),(19, 7.009, '2026-03-10 10:54:35'),(19, 6.95, '2026-03-10 09:54:35'),(19, 7.049, '2026-03-10 08:54:35'),(19, 6.959, '2026-03-10 07:54:35'),(19, 7.025, '2026-03-10 06:54:35'),(19, 6.979, '2026-03-10 05:54:35'),(19, 7.067, '2026-03-10 04:54:35'),(19, 6.935, '2026-03-10 03:54:35'),(19, 6.936, '2026-03-10 02:54:35'),(19, 7.047, '2026-03-10 01:54:35'),(19, 6.945, '2026-03-10 00:54:35'),(19, 7.01, '2026-03-09 23:54:35'),(19, 7.013, '2026-03-09 22:54:35'),(19, 7.047, '2026-03-09 21:54:35'),(19, 6.976, '2026-03-09 20:54:35'),(19, 7.068, '2026-03-09 19:54:35'),(19, 6.973, '2026-03-09 18:54:35'),(19, 7.02, '2026-03-09 17:54:35'),(19, 6.996, '2026-03-09 16:54:35'),(19, 6.953, '2026-03-09 15:54:35'),(19, 7.059, '2026-03-09 14:54:35'),(19, 7.062, '2026-03-09 13:54:35'),(19, 7.015, '2026-03-09 12:54:35'),(19, 7.06, '2026-03-09 11:54:35'),(19, 7.042, '2026-03-09 10:54:35'),(19, 6.985, '2026-03-09 09:54:35'),(19, 7.033, '2026-03-09 08:54:35'),(19, 7.026, '2026-03-09 07:54:35'),(19, 7.026, '2026-03-09 06:54:35'),(19, 6.97, '2026-03-09 05:54:35'),(19, 7.068, '2026-03-09 04:54:35'),(19, 6.997, '2026-03-09 03:54:35'),(19, 6.973, '2026-03-09 02:54:35'),(19, 7.024, '2026-03-09 01:54:35'),(19, 7.052, '2026-03-09 00:54:35'),(19, 7.051, '2026-03-08 23:54:35'),(19, 7.005, '2026-03-08 22:54:35'),(19, 6.953, '2026-03-08 21:54:35'),(19, 7.032, '2026-03-08 20:54:35'),(19, 6.938, '2026-03-08 19:54:35'),(19, 7.021, '2026-03-08 18:54:35'),(19, 7.012, '2026-03-08 17:54:35'),(19, 7.044, '2026-03-08 16:54:35'),(19, 7.032, '2026-03-08 15:54:35'),(19, 6.998, '2026-03-08 14:54:35'),(19, 6.997, '2026-03-08 13:54:35'),(19, 7.065, '2026-03-08 12:54:35'),(19, 6.972, '2026-03-08 11:54:35'),(19, 6.94, '2026-03-08 10:54:35'),(19, 6.95, '2026-03-08 09:54:35'),(19, 6.993, '2026-03-08 08:54:35'),(19, 7.004, '2026-03-08 07:54:35'),(19, 6.95, '2026-03-08 06:54:35'),(19, 7.014, '2026-03-08 05:54:35'),(19, 7.001, '2026-03-08 04:54:35'),(19, 6.974, '2026-03-08 03:54:35'),(19, 6.963, '2026-03-08 02:54:35'),(19, 6.999, '2026-03-08 01:54:35'),(19, 7.017, '2026-03-08 00:54:35'),(19, 6.947, '2026-03-07 23:54:35'),(19, 7.023, '2026-03-07 22:54:35'),(19, 6.952, '2026-03-07 21:54:35'),(19, 6.934, '2026-03-07 20:54:35'),(19, 6.935, '2026-03-07 19:54:35'),(19, 7.027, '2026-03-07 18:54:35'),(19, 6.995, '2026-03-07 17:54:35'),(19, 7.045, '2026-03-07 16:54:35'),(19, 7.05, '2026-03-07 15:54:35'),(19, 6.976, '2026-03-07 14:54:35'),(19, 7.005, '2026-03-07 13:54:35'),(19, 6.964, '2026-03-07 12:54:35'),(19, 6.982, '2026-03-07 11:54:35'),(19, 6.953, '2026-03-07 10:54:35'),(19, 6.984, '2026-03-07 09:54:35'),(19, 7.067, '2026-03-07 08:54:35'),(19, 7.046, '2026-03-07 07:54:35'),(19, 6.933, '2026-03-07 06:54:35'),(19, 6.956, '2026-03-07 05:54:35'),(19, 6.955, '2026-03-07 04:54:35'),(19, 6.977, '2026-03-07 03:54:35'),(19, 7.013, '2026-03-07 02:54:35'),(19, 7.069, '2026-03-07 01:54:35'),(19, 7.06, '2026-03-07 00:54:35'),(19, 7.049, '2026-03-06 23:54:35'),(19, 6.99, '2026-03-06 22:54:35'),(19, 6.965, '2026-03-06 21:54:35'),(19, 7.05, '2026-03-06 20:54:35'),(19, 6.957, '2026-03-06 19:54:35'),(19, 6.969, '2026-03-06 18:54:35'),(19, 6.977, '2026-03-06 17:54:35'),(19, 7.013, '2026-03-06 16:54:35'),(19, 6.984, '2026-03-06 15:54:35'),(19, 6.961, '2026-03-06 14:54:35'),(19, 6.973, '2026-03-06 13:54:35'),(19, 6.998, '2026-03-06 12:54:35'),(19, 6.948, '2026-03-06 11:54:35'),(19, 6.97, '2026-03-06 10:54:35'),(19, 6.93, '2026-03-06 09:54:35'),(19, 6.938, '2026-03-06 08:54:35'),(19, 7.002, '2026-03-06 07:54:35'),(19, 6.971, '2026-03-06 06:54:35'),(19, 6.942, '2026-03-06 05:54:35'),(19, 7.051, '2026-03-06 04:54:35'),(19, 7.058, '2026-03-06 03:54:35'),(19, 7.035, '2026-03-06 02:54:35'),(19, 7.026, '2026-03-06 01:54:35'),(19, 7.003, '2026-03-06 00:54:35'),(19, 6.933, '2026-03-05 23:54:35'),(19, 7.052, '2026-03-05 22:54:35'),(19, 6.992, '2026-03-05 21:54:35'),(19, 6.989, '2026-03-05 20:54:35'),(19, 7.019, '2026-03-05 19:54:35'),(19, 6.978, '2026-03-05 18:54:35'),(19, 7.028, '2026-03-05 17:54:35'),(19, 6.945, '2026-03-05 16:54:35'),(19, 6.941, '2026-03-05 15:54:35'),(19, 7.051, '2026-03-05 14:54:35'),(19, 7.032, '2026-03-05 13:54:35'),(19, 6.987, '2026-03-05 12:54:35'),(19, 6.938, '2026-03-05 11:54:35'),(19, 6.962, '2026-03-05 10:54:35'),(19, 6.962, '2026-03-05 09:54:35'),(19, 7.046, '2026-03-05 08:54:35'),(19, 7.014, '2026-03-05 07:54:35'),(19, 7.019, '2026-03-05 06:54:35'),(19, 7.004, '2026-03-05 05:54:35'),(19, 7.029, '2026-03-05 04:54:35'),(19, 7.055, '2026-03-05 03:54:35'),(19, 7.034, '2026-03-05 02:54:35'),(19, 6.933, '2026-03-05 01:54:35'),(19, 6.98, '2026-03-05 00:54:35'),(19, 6.973, '2026-03-04 23:54:35'),(19, 6.943, '2026-03-04 22:54:35'),(19, 6.947, '2026-03-04 21:54:35'),(19, 7.003, '2026-03-04 20:54:35'),(19, 7.01, '2026-03-04 19:54:35'),(19, 7.019, '2026-03-04 18:54:35'),(19, 6.99, '2026-03-04 17:54:35'),(19, 7.055, '2026-03-04 16:54:35'),(19, 6.985, '2026-03-04 15:54:35'),(19, 6.944, '2026-03-04 14:54:35'),(19, 7.032, '2026-03-04 13:54:35'),(19, 6.994, '2026-03-04 12:54:35'),(19, 6.999, '2026-03-04 11:54:35'),(19, 6.993, '2026-03-04 10:54:35'),(19, 7.006, '2026-03-04 09:54:35'),(19, 7.057, '2026-03-04 08:54:35'),(19, 6.934, '2026-03-04 07:54:35'),(19, 6.984, '2026-03-04 06:54:35'),(19, 7.019, '2026-03-04 05:54:35'),(19, 6.942, '2026-03-04 04:54:35'),(19, 6.954, '2026-03-04 03:54:35'),(19, 7.031, '2026-03-04 02:54:35'),(19, 6.939, '2026-03-04 01:54:35'),(19, 7.057, '2026-03-04 00:54:35'),(19, 6.975, '2026-03-03 23:54:35'),(19, 6.99, '2026-03-03 22:54:35'),(19, 6.971, '2026-03-03 21:54:35'),(19, 6.941, '2026-03-03 20:54:35'),(19, 6.949, '2026-03-03 19:54:35'),(19, 6.958, '2026-03-03 18:54:35'),(19, 7.004, '2026-03-03 17:54:35'),(19, 6.935, '2026-03-03 16:54:35'),(19, 7.022, '2026-03-03 15:54:35'),(19, 7.023, '2026-03-03 14:54:35'),(19, 7.035, '2026-03-03 13:54:35'),(19, 6.94, '2026-03-03 12:54:35'),(19, 6.998, '2026-03-03 11:54:35'),(19, 6.994, '2026-03-03 10:54:35'),(19, 6.948, '2026-03-03 09:54:35'),(19, 6.965, '2026-03-03 08:54:35'),(19, 6.977, '2026-03-03 07:54:35'),(19, 7.058, '2026-03-03 06:54:35'),(19, 6.941, '2026-03-03 05:54:35'),(19, 7.068, '2026-03-03 04:54:35'),(19, 6.958, '2026-03-03 03:54:35'),(19, 7.066, '2026-03-03 02:54:35'),(19, 6.938, '2026-03-03 01:54:35'),(19, 6.931, '2026-03-03 00:54:35'),(19, 7.04, '2026-03-02 23:54:35'),(19, 7.011, '2026-03-02 22:54:35'),(19, 7.044, '2026-03-02 21:54:35'),(19, 6.949, '2026-03-02 20:54:35'),(19, 6.934, '2026-03-02 19:54:35'),(19, 7.048, '2026-03-02 18:54:35'),(19, 6.987, '2026-03-02 17:54:35'),(19, 6.974, '2026-03-02 16:54:35'),(19, 6.951, '2026-03-02 15:54:35'),(19, 7.059, '2026-03-02 14:54:35'),(19, 7.056, '2026-03-02 13:54:35'),(19, 6.995, '2026-03-02 12:54:35'),(19, 6.94, '2026-03-02 11:54:35'),(19, 6.971, '2026-03-02 10:54:35'),(19, 6.968, '2026-03-02 09:54:35'),(19, 7.047, '2026-03-02 08:54:35'),(19, 6.982, '2026-03-02 07:54:35'),(19, 7.059, '2026-03-02 06:54:35'),(19, 6.942, '2026-03-02 05:54:35'),(19, 7.056, '2026-03-02 04:54:35'),(19, 6.965, '2026-03-02 03:54:35'),(19, 6.951, '2026-03-02 02:54:35'),(19, 6.967, '2026-03-02 01:54:35'),(19, 6.969, '2026-03-02 00:54:35'),(19, 6.989, '2026-03-01 23:54:35'),(19, 7.052, '2026-03-01 22:54:35'),(19, 7.024, '2026-03-01 21:54:35'),(19, 6.933, '2026-03-01 20:54:35'),(19, 6.954, '2026-03-01 19:54:35'),(19, 6.981, '2026-03-01 18:54:35'),(19, 7.039, '2026-03-01 17:54:35'),(19, 6.984, '2026-03-01 16:54:35'),(19, 6.992, '2026-03-01 15:54:35'),(19, 7.069, '2026-03-01 14:54:35'),(19, 6.992, '2026-03-01 13:54:35');
INSERT INTO mining_sensors (id, type_id, name, lat, lng, status, current_value) VALUES (20, 7, 'Sensor de pH 02', -17.242369555195474, -70.61698173856236, 'active', 7.0);
INSERT INTO mining_sensor_history (sensor_id, value, timestamp) VALUES (20, 7.013, '2026-03-16 12:54:35'),(20, 7.045, '2026-03-16 11:54:35'),(20, 6.992, '2026-03-16 10:54:35'),(20, 7.032, '2026-03-16 09:54:35'),(20, 6.991, '2026-03-16 08:54:35'),(20, 7.019, '2026-03-16 07:54:35'),(20, 7.048, '2026-03-16 06:54:35'),(20, 6.96, '2026-03-16 05:54:35'),(20, 7.015, '2026-03-16 04:54:35'),(20, 6.939, '2026-03-16 03:54:35'),(20, 7.055, '2026-03-16 02:54:35'),(20, 6.933, '2026-03-16 01:54:35'),(20, 6.947, '2026-03-16 00:54:35'),(20, 6.966, '2026-03-15 23:54:35'),(20, 7.06, '2026-03-15 22:54:35'),(20, 7.017, '2026-03-15 21:54:35'),(20, 6.935, '2026-03-15 20:54:35'),(20, 7.044, '2026-03-15 19:54:35'),(20, 6.997, '2026-03-15 18:54:35'),(20, 7.018, '2026-03-15 17:54:35'),(20, 6.981, '2026-03-15 16:54:35'),(20, 7.018, '2026-03-15 15:54:35'),(20, 7.025, '2026-03-15 14:54:35'),(20, 6.978, '2026-03-15 13:54:35'),(20, 6.941, '2026-03-15 12:54:35'),(20, 6.965, '2026-03-15 11:54:35'),(20, 7.035, '2026-03-15 10:54:35'),(20, 7.015, '2026-03-15 09:54:35'),(20, 6.982, '2026-03-15 08:54:35'),(20, 6.988, '2026-03-15 07:54:35'),(20, 7.028, '2026-03-15 06:54:35'),(20, 7.049, '2026-03-15 05:54:35'),(20, 7.033, '2026-03-15 04:54:35'),(20, 7.057, '2026-03-15 03:54:35'),(20, 6.982, '2026-03-15 02:54:35'),(20, 6.939, '2026-03-15 01:54:35'),(20, 6.938, '2026-03-15 00:54:35'),(20, 3.472, '2026-03-14 23:54:35'),(20, 7.049, '2026-03-14 22:54:35'),(20, 7.033, '2026-03-14 21:54:35'),(20, 6.934, '2026-03-14 20:54:35'),(20, 7.005, '2026-03-14 19:54:35'),(20, 7.032, '2026-03-14 18:54:35'),(20, 7.035, '2026-03-14 17:54:35'),(20, 7.044, '2026-03-14 16:54:35'),(20, 7.011, '2026-03-14 15:54:35'),(20, 7.048, '2026-03-14 14:54:35'),(20, 7.037, '2026-03-14 13:54:35'),(20, 7.003, '2026-03-14 12:54:35'),(20, 6.985, '2026-03-14 11:54:35'),(20, 7.058, '2026-03-14 10:54:35'),(20, 7.058, '2026-03-14 09:54:35'),(20, 7.008, '2026-03-14 08:54:35'),(20, 7.069, '2026-03-14 07:54:35'),(20, 6.975, '2026-03-14 06:54:35'),(20, 6.999, '2026-03-14 05:54:35'),(20, 6.967, '2026-03-14 04:54:35'),(20, 6.972, '2026-03-14 03:54:35'),(20, 7.056, '2026-03-14 02:54:35'),(20, 6.94, '2026-03-14 01:54:35'),(20, 7.043, '2026-03-14 00:54:35'),(20, 7.043, '2026-03-13 23:54:35'),(20, 6.971, '2026-03-13 22:54:35'),(20, 7.057, '2026-03-13 21:54:35'),(20, 6.969, '2026-03-13 20:54:35'),(20, 6.993, '2026-03-13 19:54:35'),(20, 6.963, '2026-03-13 18:54:35'),(20, 7.068, '2026-03-13 17:54:35'),(20, 6.947, '2026-03-13 16:54:35'),(20, 7.026, '2026-03-13 15:54:35'),(20, 7.05, '2026-03-13 14:54:35'),(20, 7.042, '2026-03-13 13:54:35'),(20, 7.038, '2026-03-13 12:54:35'),(20, 6.997, '2026-03-13 11:54:35'),(20, 7.001, '2026-03-13 10:54:35'),(20, 7.021, '2026-03-13 09:54:35'),(20, 6.944, '2026-03-13 08:54:35'),(20, 7.05, '2026-03-13 07:54:35'),(20, 6.983, '2026-03-13 06:54:35'),(20, 7.042, '2026-03-13 05:54:35'),(20, 6.955, '2026-03-13 04:54:35'),(20, 6.972, '2026-03-13 03:54:35'),(20, 6.968, '2026-03-13 02:54:35'),(20, 7.017, '2026-03-13 01:54:35'),(20, 7.055, '2026-03-13 00:54:35'),(20, 6.982, '2026-03-12 23:54:35'),(20, 6.975, '2026-03-12 22:54:35'),(20, 6.993, '2026-03-12 21:54:35'),(20, 7.037, '2026-03-12 20:54:35'),(20, 6.933, '2026-03-12 19:54:35'),(20, 7.011, '2026-03-12 18:54:35'),(20, 6.988, '2026-03-12 17:54:35'),(20, 6.934, '2026-03-12 16:54:35'),(20, 7.017, '2026-03-12 15:54:35'),(20, 6.95, '2026-03-12 14:54:35'),(20, 6.999, '2026-03-12 13:54:35'),(20, 7.052, '2026-03-12 12:54:35'),(20, 7.005, '2026-03-12 11:54:35'),(20, 6.968, '2026-03-12 10:54:35'),(20, 7.045, '2026-03-12 09:54:35'),(20, 7.027, '2026-03-12 08:54:35'),(20, 7.05, '2026-03-12 07:54:35'),(20, 6.959, '2026-03-12 06:54:35'),(20, 6.947, '2026-03-12 05:54:35'),(20, 6.987, '2026-03-12 04:54:35'),(20, 7.002, '2026-03-12 03:54:35'),(20, 7.068, '2026-03-12 02:54:35'),(20, 7.06, '2026-03-12 01:54:35'),(20, 6.971, '2026-03-12 00:54:35'),(20, 6.988, '2026-03-11 23:54:35'),(20, 6.975, '2026-03-11 22:54:35'),(20, 6.998, '2026-03-11 21:54:35'),(20, 7.043, '2026-03-11 20:54:35'),(20, 6.97, '2026-03-11 19:54:35'),(20, 6.967, '2026-03-11 18:54:35'),(20, 6.937, '2026-03-11 17:54:35'),(20, 6.936, '2026-03-11 16:54:35'),(20, 7.034, '2026-03-11 15:54:35'),(20, 6.993, '2026-03-11 14:54:35'),(20, 6.976, '2026-03-11 13:54:35'),(20, 6.983, '2026-03-11 12:54:35'),(20, 7.035, '2026-03-11 11:54:35'),(20, 7.043, '2026-03-11 10:54:35'),(20, 7.021, '2026-03-11 09:54:35'),(20, 6.947, '2026-03-11 08:54:35'),(20, 6.966, '2026-03-11 07:54:35'),(20, 7.015, '2026-03-11 06:54:35'),(20, 7.024, '2026-03-11 05:54:35'),(20, 7.051, '2026-03-11 04:54:35'),(20, 6.994, '2026-03-11 03:54:35'),(20, 7.029, '2026-03-11 02:54:35'),(20, 6.961, '2026-03-11 01:54:35'),(20, 6.992, '2026-03-11 00:54:35'),(20, 6.948, '2026-03-10 23:54:35'),(20, 6.954, '2026-03-10 22:54:35'),(20, 10.5, '2026-03-10 21:54:35'),(20, 6.991, '2026-03-10 20:54:35'),(20, 7.006, '2026-03-10 19:54:35'),(20, 7.043, '2026-03-10 18:54:35'),(20, 7.002, '2026-03-10 17:54:35'),(20, 6.986, '2026-03-10 16:54:35'),(20, 7.049, '2026-03-10 15:54:35'),(20, 7.055, '2026-03-10 14:54:35'),(20, 7.062, '2026-03-10 13:54:35'),(20, 6.976, '2026-03-10 12:54:35'),(20, 7.063, '2026-03-10 11:54:35'),(20, 7.012, '2026-03-10 10:54:35'),(20, 6.966, '2026-03-10 09:54:35'),(20, 7.054, '2026-03-10 08:54:35'),(20, 6.981, '2026-03-10 07:54:35'),(20, 6.935, '2026-03-10 06:54:35'),(20, 7.017, '2026-03-10 05:54:35'),(20, 6.958, '2026-03-10 04:54:35'),(20, 7.02, '2026-03-10 03:54:35'),(20, 6.996, '2026-03-10 02:54:35'),(20, 7.009, '2026-03-10 01:54:35'),(20, 6.942, '2026-03-10 00:54:35'),(20, 6.96, '2026-03-09 23:54:35'),(20, 7.002, '2026-03-09 22:54:35'),(20, 7.05, '2026-03-09 21:54:35'),(20, 6.98, '2026-03-09 20:54:35'),(20, 6.972, '2026-03-09 19:54:35'),(20, 7.055, '2026-03-09 18:54:35'),(20, 6.932, '2026-03-09 17:54:35'),(20, 6.986, '2026-03-09 16:54:35'),(20, 6.98, '2026-03-09 15:54:35'),(20, 7.01, '2026-03-09 14:54:35'),(20, 7.054, '2026-03-09 13:54:35'),(20, 6.951, '2026-03-09 12:54:35'),(20, 7.069, '2026-03-09 11:54:35'),(20, 6.948, '2026-03-09 10:54:35'),(20, 7.056, '2026-03-09 09:54:35'),(20, 6.987, '2026-03-09 08:54:35'),(20, 7.02, '2026-03-09 07:54:35'),(20, 7.048, '2026-03-09 06:54:35'),(20, 7.019, '2026-03-09 05:54:35'),(20, 7.002, '2026-03-09 04:54:35'),(20, 7.04, '2026-03-09 03:54:35'),(20, 7.031, '2026-03-09 02:54:35'),(20, 6.98, '2026-03-09 01:54:35'),(20, 6.987, '2026-03-09 00:54:35'),(20, 7.038, '2026-03-08 23:54:35'),(20, 6.996, '2026-03-08 22:54:35'),(20, 6.966, '2026-03-08 21:54:35'),(20, 6.951, '2026-03-08 20:54:35'),(20, 6.967, '2026-03-08 19:54:35'),(20, 6.972, '2026-03-08 18:54:35'),(20, 6.982, '2026-03-08 17:54:35'),(20, 7.056, '2026-03-08 16:54:35'),(20, 6.949, '2026-03-08 15:54:35'),(20, 6.954, '2026-03-08 14:54:35'),(20, 7.017, '2026-03-08 13:54:35'),(20, 7.016, '2026-03-08 12:54:35'),(20, 7.058, '2026-03-08 11:54:35'),(20, 6.966, '2026-03-08 10:54:35'),(20, 6.995, '2026-03-08 09:54:35'),(20, 7.038, '2026-03-08 08:54:35'),(20, 6.991, '2026-03-08 07:54:35'),(20, 7.051, '2026-03-08 06:54:35'),(20, 6.969, '2026-03-08 05:54:35'),(20, 7.02, '2026-03-08 04:54:35'),(20, 6.969, '2026-03-08 03:54:35'),(20, 6.933, '2026-03-08 02:54:35'),(20, 6.942, '2026-03-08 01:54:35'),(20, 6.987, '2026-03-08 00:54:35'),(20, 7.01, '2026-03-07 23:54:35'),(20, 6.964, '2026-03-07 22:54:35'),(20, 6.946, '2026-03-07 21:54:35'),(20, 6.999, '2026-03-07 20:54:35'),(20, 6.971, '2026-03-07 19:54:35'),(20, 6.936, '2026-03-07 18:54:35'),(20, 6.972, '2026-03-07 17:54:35'),(20, 6.948, '2026-03-07 16:54:35'),(20, 7.034, '2026-03-07 15:54:35'),(20, 7.07, '2026-03-07 14:54:35'),(20, 7.059, '2026-03-07 13:54:35'),(20, 7.054, '2026-03-07 12:54:35'),(20, 6.988, '2026-03-07 11:54:35'),(20, 7.053, '2026-03-07 10:54:35'),(20, 7.053, '2026-03-07 09:54:35'),(20, 7.022, '2026-03-07 08:54:35'),(20, 6.981, '2026-03-07 07:54:35'),(20, 6.967, '2026-03-07 06:54:35'),(20, 6.998, '2026-03-07 05:54:35'),(20, 7.049, '2026-03-07 04:54:35'),(20, 7.026, '2026-03-07 03:54:35'),(20, 7.004, '2026-03-07 02:54:35'),(20, 6.964, '2026-03-07 01:54:35'),(20, 6.93, '2026-03-07 00:54:35'),(20, 6.944, '2026-03-06 23:54:35'),(20, 6.932, '2026-03-06 22:54:35'),(20, 7.058, '2026-03-06 21:54:35'),(20, 7.034, '2026-03-06 20:54:35'),(20, 6.971, '2026-03-06 19:54:35'),(20, 7.053, '2026-03-06 18:54:35'),(20, 6.949, '2026-03-06 17:54:35'),(20, 7.054, '2026-03-06 16:54:35'),(20, 7.03, '2026-03-06 15:54:35'),(20, 7.003, '2026-03-06 14:54:35'),(20, 6.977, '2026-03-06 13:54:35'),(20, 6.932, '2026-03-06 12:54:35'),(20, 6.942, '2026-03-06 11:54:35'),(20, 7.008, '2026-03-06 10:54:35'),(20, 7.013, '2026-03-06 09:54:35'),(20, 7.028, '2026-03-06 08:54:35'),(20, 6.996, '2026-03-06 07:54:35'),(20, 7.048, '2026-03-06 06:54:35'),(20, 7.026, '2026-03-06 05:54:35'),(20, 7.062, '2026-03-06 04:54:35'),(20, 6.977, '2026-03-06 03:54:35'),(20, 7.048, '2026-03-06 02:54:35'),(20, 6.979, '2026-03-06 01:54:35'),(20, 7.044, '2026-03-06 00:54:35'),(20, 6.945, '2026-03-05 23:54:35'),(20, 7.048, '2026-03-05 22:54:35'),(20, 7.026, '2026-03-05 21:54:35'),(20, 6.994, '2026-03-05 20:54:35'),(20, 6.994, '2026-03-05 19:54:35'),(20, 7.061, '2026-03-05 18:54:35'),(20, 7.054, '2026-03-05 17:54:35'),(20, 7.01, '2026-03-05 16:54:35'),(20, 6.944, '2026-03-05 15:54:35'),(20, 7.0, '2026-03-05 14:54:35'),(20, 7.055, '2026-03-05 13:54:35'),(20, 6.931, '2026-03-05 12:54:35'),(20, 6.993, '2026-03-05 11:54:35'),(20, 7.013, '2026-03-05 10:54:35'),(20, 6.937, '2026-03-05 09:54:35'),(20, 7.012, '2026-03-05 08:54:35'),(20, 6.951, '2026-03-05 07:54:35'),(20, 6.964, '2026-03-05 06:54:35'),(20, 7.015, '2026-03-05 05:54:35'),(20, 7.07, '2026-03-05 04:54:35'),(20, 6.948, '2026-03-05 03:54:35'),(20, 6.95, '2026-03-05 02:54:35'),(20, 6.973, '2026-03-05 01:54:35'),(20, 7.0, '2026-03-05 00:54:35'),(20, 7.015, '2026-03-04 23:54:35'),(20, 7.063, '2026-03-04 22:54:35'),(20, 7.053, '2026-03-04 21:54:35'),(20, 7.01, '2026-03-04 20:54:35'),(20, 7.036, '2026-03-04 19:54:35'),(20, 6.951, '2026-03-04 18:54:35'),(20, 6.958, '2026-03-04 17:54:35'),(20, 6.958, '2026-03-04 16:54:35'),(20, 7.07, '2026-03-04 15:54:35'),(20, 7.002, '2026-03-04 14:54:35'),(20, 6.95, '2026-03-04 13:54:35'),(20, 7.012, '2026-03-04 12:54:35'),(20, 7.04, '2026-03-04 11:54:35'),(20, 6.93, '2026-03-04 10:54:35'),(20, 6.968, '2026-03-04 09:54:35'),(20, 6.962, '2026-03-04 08:54:35'),(20, 6.937, '2026-03-04 07:54:35'),(20, 6.937, '2026-03-04 06:54:35'),(20, 7.048, '2026-03-04 05:54:35'),(20, 7.035, '2026-03-04 04:54:35'),(20, 6.961, '2026-03-04 03:54:35'),(20, 7.05, '2026-03-04 02:54:35'),(20, 6.934, '2026-03-04 01:54:35'),(20, 7.033, '2026-03-04 00:54:35'),(20, 6.974, '2026-03-03 23:54:35'),(20, 6.977, '2026-03-03 22:54:35'),(20, 6.998, '2026-03-03 21:54:35'),(20, 6.952, '2026-03-03 20:54:35'),(20, 7.024, '2026-03-03 19:54:35'),(20, 6.959, '2026-03-03 18:54:35'),(20, 6.951, '2026-03-03 17:54:35'),(20, 7.044, '2026-03-03 16:54:35'),(20, 6.949, '2026-03-03 15:54:35'),(20, 7.037, '2026-03-03 14:54:35'),(20, 6.96, '2026-03-03 13:54:35'),(20, 6.981, '2026-03-03 12:54:35'),(20, 6.952, '2026-03-03 11:54:35'),(20, 7.02, '2026-03-03 10:54:35'),(20, 6.995, '2026-03-03 09:54:35'),(20, 6.952, '2026-03-03 08:54:35'),(20, 7.065, '2026-03-03 07:54:35'),(20, 7.002, '2026-03-03 06:54:35'),(20, 7.027, '2026-03-03 05:54:35'),(20, 7.03, '2026-03-03 04:54:35'),(20, 6.936, '2026-03-03 03:54:35'),(20, 6.942, '2026-03-03 02:54:35'),(20, 7.064, '2026-03-03 01:54:35'),(20, 6.944, '2026-03-03 00:54:35'),(20, 7.039, '2026-03-02 23:54:35'),(20, 6.989, '2026-03-02 22:54:35'),(20, 7.012, '2026-03-02 21:54:35'),(20, 7.026, '2026-03-02 20:54:35'),(20, 6.98, '2026-03-02 19:54:35'),(20, 6.973, '2026-03-02 18:54:35'),(20, 7.057, '2026-03-02 17:54:35'),(20, 6.952, '2026-03-02 16:54:35'),(20, 7.053, '2026-03-02 15:54:35'),(20, 6.96, '2026-03-02 14:54:35'),(20, 6.965, '2026-03-02 13:54:35'),(20, 7.015, '2026-03-02 12:54:35'),(20, 6.963, '2026-03-02 11:54:35'),(20, 7.034, '2026-03-02 10:54:35'),(20, 6.999, '2026-03-02 09:54:35'),(20, 7.02, '2026-03-02 08:54:35'),(20, 6.957, '2026-03-02 07:54:35'),(20, 6.96, '2026-03-02 06:54:35'),(20, 6.947, '2026-03-02 05:54:35'),(20, 7.066, '2026-03-02 04:54:35'),(20, 6.932, '2026-03-02 03:54:35'),(20, 7.056, '2026-03-02 02:54:35'),(20, 6.994, '2026-03-02 01:54:35'),(20, 7.027, '2026-03-02 00:54:35'),(20, 6.945, '2026-03-01 23:54:35'),(20, 7.044, '2026-03-01 22:54:35'),(20, 6.996, '2026-03-01 21:54:35'),(20, 6.998, '2026-03-01 20:54:35'),(20, 6.981, '2026-03-01 19:54:35'),(20, 7.014, '2026-03-01 18:54:35'),(20, 6.988, '2026-03-01 17:54:35'),(20, 7.063, '2026-03-01 16:54:35'),(20, 7.003, '2026-03-01 15:54:35'),(20, 7.024, '2026-03-01 14:54:35'),(20, 6.931, '2026-03-01 13:54:35');
INSERT INTO mining_sensors (id, type_id, name, lat, lng, status, current_value) VALUES (21, 7, 'Sensor de pH 03', -17.25010234210279, -70.6157716854851, 'active', 7.0);
INSERT INTO mining_sensor_history (sensor_id, value, timestamp) VALUES (21, 7.039, '2026-03-16 12:54:35'),(21, 6.998, '2026-03-16 11:54:35'),(21, 7.025, '2026-03-16 10:54:35'),(21, 6.96, '2026-03-16 09:54:35'),(21, 6.975, '2026-03-16 08:54:35'),(21, 7.023, '2026-03-16 07:54:35'),(21, 7.006, '2026-03-16 06:54:35'),(21, 7.045, '2026-03-16 05:54:35'),(21, 6.977, '2026-03-16 04:54:35'),(21, 6.999, '2026-03-16 03:54:35'),(21, 7.044, '2026-03-16 02:54:35'),(21, 6.99, '2026-03-16 01:54:35'),(21, 6.994, '2026-03-16 00:54:35'),(21, 6.962, '2026-03-15 23:54:35'),(21, 6.956, '2026-03-15 22:54:35'),(21, 6.938, '2026-03-15 21:54:35'),(21, 6.965, '2026-03-15 20:54:35'),(21, 7.02, '2026-03-15 19:54:35'),(21, 6.997, '2026-03-15 18:54:35'),(21, 7.042, '2026-03-15 17:54:35'),(21, 7.047, '2026-03-15 16:54:35'),(21, 7.043, '2026-03-15 15:54:35'),(21, 7.05, '2026-03-15 14:54:35'),(21, 6.958, '2026-03-15 13:54:35'),(21, 6.943, '2026-03-15 12:54:35'),(21, 7.067, '2026-03-15 11:54:35'),(21, 7.002, '2026-03-15 10:54:35'),(21, 7.035, '2026-03-15 09:54:35'),(21, 7.035, '2026-03-15 08:54:35'),(21, 6.943, '2026-03-15 07:54:35'),(21, 7.062, '2026-03-15 06:54:35'),(21, 6.931, '2026-03-15 05:54:35'),(21, 7.029, '2026-03-15 04:54:35'),(21, 7.035, '2026-03-15 03:54:35'),(21, 6.959, '2026-03-15 02:54:35'),(21, 6.968, '2026-03-15 01:54:35'),(21, 6.956, '2026-03-15 00:54:35'),(21, 7.027, '2026-03-14 23:54:35'),(21, 7.03, '2026-03-14 22:54:35'),(21, 6.959, '2026-03-14 21:54:35'),(21, 6.952, '2026-03-14 20:54:35'),(21, 6.932, '2026-03-14 19:54:35'),(21, 7.037, '2026-03-14 18:54:35'),(21, 6.953, '2026-03-14 17:54:35'),(21, 7.04, '2026-03-14 16:54:35'),(21, 6.969, '2026-03-14 15:54:35'),(21, 6.97, '2026-03-14 14:54:35'),(21, 7.035, '2026-03-14 13:54:35'),(21, 7.041, '2026-03-14 12:54:35'),(21, 6.958, '2026-03-14 11:54:35'),(21, 7.029, '2026-03-14 10:54:35'),(21, 6.953, '2026-03-14 09:54:35'),(21, 6.997, '2026-03-14 08:54:35'),(21, 6.985, '2026-03-14 07:54:35'),(21, 6.976, '2026-03-14 06:54:35'),(21, 7.008, '2026-03-14 05:54:35'),(21, 7.052, '2026-03-14 04:54:35'),(21, 6.955, '2026-03-14 03:54:35'),(21, 7.02, '2026-03-14 02:54:35'),(21, 7.035, '2026-03-14 01:54:35'),(21, 7.019, '2026-03-14 00:54:35'),(21, 6.953, '2026-03-13 23:54:35'),(21, 6.944, '2026-03-13 22:54:35'),(21, 6.962, '2026-03-13 21:54:35'),(21, 7.04, '2026-03-13 20:54:35'),(21, 7.01, '2026-03-13 19:54:35'),(21, 7.001, '2026-03-13 18:54:35'),(21, 10.566, '2026-03-13 17:54:35'),(21, 7.057, '2026-03-13 16:54:35'),(21, 7.001, '2026-03-13 15:54:35'),(21, 7.035, '2026-03-13 14:54:35'),(21, 6.999, '2026-03-13 13:54:35'),(21, 7.059, '2026-03-13 12:54:35'),(21, 6.938, '2026-03-13 11:54:35'),(21, 7.067, '2026-03-13 10:54:35'),(21, 7.052, '2026-03-13 09:54:35'),(21, 7.024, '2026-03-13 08:54:35'),(21, 6.959, '2026-03-13 07:54:35'),(21, 6.975, '2026-03-13 06:54:35'),(21, 6.957, '2026-03-13 05:54:35'),(21, 6.967, '2026-03-13 04:54:35'),(21, 6.994, '2026-03-13 03:54:35'),(21, 6.934, '2026-03-13 02:54:35'),(21, 7.022, '2026-03-13 01:54:35'),(21, 7.023, '2026-03-13 00:54:35'),(21, 6.987, '2026-03-12 23:54:35'),(21, 6.98, '2026-03-12 22:54:35'),(21, 6.954, '2026-03-12 21:54:35'),(21, 7.039, '2026-03-12 20:54:35'),(21, 6.962, '2026-03-12 19:54:35'),(21, 7.0, '2026-03-12 18:54:35'),(21, 7.024, '2026-03-12 17:54:35'),(21, 7.051, '2026-03-12 16:54:35'),(21, 6.945, '2026-03-12 15:54:35'),(21, 7.02, '2026-03-12 14:54:35'),(21, 7.032, '2026-03-12 13:54:35'),(21, 6.946, '2026-03-12 12:54:35'),(21, 6.983, '2026-03-12 11:54:35'),(21, 6.969, '2026-03-12 10:54:35'),(21, 7.02, '2026-03-12 09:54:35'),(21, 6.972, '2026-03-12 08:54:35'),(21, 6.952, '2026-03-12 07:54:35'),(21, 6.985, '2026-03-12 06:54:35'),(21, 7.002, '2026-03-12 05:54:35'),(21, 7.038, '2026-03-12 04:54:35'),(21, 7.007, '2026-03-12 03:54:35'),(21, 7.035, '2026-03-12 02:54:35'),(21, 7.012, '2026-03-12 01:54:35'),(21, 6.937, '2026-03-12 00:54:35'),(21, 7.0, '2026-03-11 23:54:35'),(21, 6.992, '2026-03-11 22:54:35'),(21, 6.938, '2026-03-11 21:54:35'),(21, 7.002, '2026-03-11 20:54:35'),(21, 7.044, '2026-03-11 19:54:35'),(21, 7.005, '2026-03-11 18:54:35'),(21, 7.035, '2026-03-11 17:54:35'),(21, 6.968, '2026-03-11 16:54:35'),(21, 7.021, '2026-03-11 15:54:35'),(21, 7.009, '2026-03-11 14:54:35'),(21, 7.017, '2026-03-11 13:54:35'),(21, 6.934, '2026-03-11 12:54:35'),(21, 7.037, '2026-03-11 11:54:35'),(21, 6.961, '2026-03-11 10:54:35'),(21, 7.058, '2026-03-11 09:54:35'),(21, 6.977, '2026-03-11 08:54:35'),(21, 6.998, '2026-03-11 07:54:35'),(21, 7.047, '2026-03-11 06:54:35'),(21, 7.006, '2026-03-11 05:54:35'),(21, 6.938, '2026-03-11 04:54:35'),(21, 6.979, '2026-03-11 03:54:35'),(21, 6.965, '2026-03-11 02:54:35'),(21, 7.011, '2026-03-11 01:54:35'),(21, 6.939, '2026-03-11 00:54:35'),(21, 6.957, '2026-03-10 23:54:35'),(21, 7.051, '2026-03-10 22:54:35'),(21, 7.063, '2026-03-10 21:54:35'),(21, 6.986, '2026-03-10 20:54:35'),(21, 7.008, '2026-03-10 19:54:35'),(21, 7.002, '2026-03-10 18:54:35'),(21, 7.023, '2026-03-10 17:54:35'),(21, 6.981, '2026-03-10 16:54:35'),(21, 6.965, '2026-03-10 15:54:35'),(21, 7.023, '2026-03-10 14:54:35'),(21, 7.027, '2026-03-10 13:54:35'),(21, 7.048, '2026-03-10 12:54:35'),(21, 7.045, '2026-03-10 11:54:35'),(21, 6.997, '2026-03-10 10:54:35'),(21, 7.058, '2026-03-10 09:54:35'),(21, 6.954, '2026-03-10 08:54:35'),(21, 7.059, '2026-03-10 07:54:35'),(21, 6.931, '2026-03-10 06:54:35'),(21, 6.948, '2026-03-10 05:54:35'),(21, 6.978, '2026-03-10 04:54:35'),(21, 7.034, '2026-03-10 03:54:35'),(21, 6.996, '2026-03-10 02:54:35'),(21, 7.008, '2026-03-10 01:54:35'),(21, 7.053, '2026-03-10 00:54:35'),(21, 6.984, '2026-03-09 23:54:35'),(21, 7.018, '2026-03-09 22:54:35'),(21, 7.01, '2026-03-09 21:54:35'),(21, 7.031, '2026-03-09 20:54:35'),(21, 7.065, '2026-03-09 19:54:35'),(21, 6.987, '2026-03-09 18:54:35'),(21, 6.959, '2026-03-09 17:54:35'),(21, 7.007, '2026-03-09 16:54:35'),(21, 6.934, '2026-03-09 15:54:35'),(21, 7.063, '2026-03-09 14:54:35'),(21, 6.948, '2026-03-09 13:54:35'),(21, 6.973, '2026-03-09 12:54:35'),(21, 7.041, '2026-03-09 11:54:35'),(21, 7.048, '2026-03-09 10:54:35'),(21, 6.988, '2026-03-09 09:54:35'),(21, 7.054, '2026-03-09 08:54:35'),(21, 7.059, '2026-03-09 07:54:35'),(21, 7.007, '2026-03-09 06:54:35'),(21, 7.001, '2026-03-09 05:54:35'),(21, 7.033, '2026-03-09 04:54:35'),(21, 6.947, '2026-03-09 03:54:35'),(21, 7.066, '2026-03-09 02:54:35'),(21, 6.967, '2026-03-09 01:54:35'),(21, 7.011, '2026-03-09 00:54:35'),(21, 6.979, '2026-03-08 23:54:35'),(21, 6.958, '2026-03-08 22:54:35'),(21, 6.971, '2026-03-08 21:54:35'),(21, 7.014, '2026-03-08 20:54:35'),(21, 6.946, '2026-03-08 19:54:35'),(21, 6.959, '2026-03-08 18:54:35'),(21, 6.953, '2026-03-08 17:54:35'),(21, 6.938, '2026-03-08 16:54:35'),(21, 6.976, '2026-03-08 15:54:35'),(21, 7.032, '2026-03-08 14:54:35'),(21, 6.978, '2026-03-08 13:54:35'),(21, 6.956, '2026-03-08 12:54:35'),(21, 7.018, '2026-03-08 11:54:35'),(21, 6.977, '2026-03-08 10:54:35'),(21, 7.009, '2026-03-08 09:54:35'),(21, 6.938, '2026-03-08 08:54:35'),(21, 6.959, '2026-03-08 07:54:35'),(21, 7.034, '2026-03-08 06:54:35'),(21, 6.945, '2026-03-08 05:54:35'),(21, 6.993, '2026-03-08 04:54:35'),(21, 6.96, '2026-03-08 03:54:35'),(21, 6.95, '2026-03-08 02:54:35'),(21, 7.056, '2026-03-08 01:54:35'),(21, 6.97, '2026-03-08 00:54:35'),(21, 6.972, '2026-03-07 23:54:35'),(21, 7.049, '2026-03-07 22:54:35'),(21, 6.945, '2026-03-07 21:54:35'),(21, 6.942, '2026-03-07 20:54:35'),(21, 6.976, '2026-03-07 19:54:35'),(21, 7.031, '2026-03-07 18:54:35'),(21, 6.973, '2026-03-07 17:54:35'),(21, 7.025, '2026-03-07 16:54:35'),(21, 7.05, '2026-03-07 15:54:35'),(21, 7.032, '2026-03-07 14:54:35'),(21, 6.941, '2026-03-07 13:54:35'),(21, 6.965, '2026-03-07 12:54:35'),(21, 7.036, '2026-03-07 11:54:35'),(21, 6.982, '2026-03-07 10:54:35'),(21, 7.031, '2026-03-07 09:54:35'),(21, 6.99, '2026-03-07 08:54:35'),(21, 7.042, '2026-03-07 07:54:35'),(21, 7.039, '2026-03-07 06:54:35'),(21, 7.006, '2026-03-07 05:54:35'),(21, 6.943, '2026-03-07 04:54:35'),(21, 7.002, '2026-03-07 03:54:35'),(21, 7.033, '2026-03-07 02:54:35'),(21, 6.983, '2026-03-07 01:54:35'),(21, 6.951, '2026-03-07 00:54:35'),(21, 6.931, '2026-03-06 23:54:35'),(21, 6.984, '2026-03-06 22:54:35'),(21, 6.975, '2026-03-06 21:54:35'),(21, 7.052, '2026-03-06 20:54:35'),(21, 7.06, '2026-03-06 19:54:35'),(21, 6.935, '2026-03-06 18:54:35'),(21, 6.978, '2026-03-06 17:54:35'),(21, 6.943, '2026-03-06 16:54:35'),(21, 7.009, '2026-03-06 15:54:35'),(21, 6.944, '2026-03-06 14:54:35'),(21, 6.959, '2026-03-06 13:54:35'),(21, 7.006, '2026-03-06 12:54:35'),(21, 6.975, '2026-03-06 11:54:35'),(21, 6.931, '2026-03-06 10:54:35'),(21, 6.993, '2026-03-06 09:54:35'),(21, 6.98, '2026-03-06 08:54:35'),(21, 7.069, '2026-03-06 07:54:35'),(21, 7.046, '2026-03-06 06:54:35'),(21, 6.932, '2026-03-06 05:54:35'),(21, 6.995, '2026-03-06 04:54:35'),(21, 6.968, '2026-03-06 03:54:35'),(21, 7.047, '2026-03-06 02:54:35'),(21, 7.036, '2026-03-06 01:54:35'),(21, 6.963, '2026-03-06 00:54:35'),(21, 7.054, '2026-03-05 23:54:35'),(21, 7.029, '2026-03-05 22:54:35'),(21, 7.061, '2026-03-05 21:54:35'),(21, 6.964, '2026-03-05 20:54:35'),(21, 7.0, '2026-03-05 19:54:35'),(21, 6.973, '2026-03-05 18:54:35'),(21, 6.996, '2026-03-05 17:54:35'),(21, 6.981, '2026-03-05 16:54:35'),(21, 6.997, '2026-03-05 15:54:35'),(21, 7.023, '2026-03-05 14:54:35'),(21, 6.968, '2026-03-05 13:54:35'),(21, 7.008, '2026-03-05 12:54:35'),(21, 6.981, '2026-03-05 11:54:35'),(21, 7.021, '2026-03-05 10:54:35'),(21, 6.99, '2026-03-05 09:54:35'),(21, 6.982, '2026-03-05 08:54:35'),(21, 6.983, '2026-03-05 07:54:35'),(21, 6.959, '2026-03-05 06:54:35'),(21, 7.059, '2026-03-05 05:54:35'),(21, 7.024, '2026-03-05 04:54:35'),(21, 6.936, '2026-03-05 03:54:35'),(21, 6.981, '2026-03-05 02:54:35'),(21, 7.061, '2026-03-05 01:54:35'),(21, 7.037, '2026-03-05 00:54:35'),(21, 6.957, '2026-03-04 23:54:35'),(21, 6.959, '2026-03-04 22:54:35'),(21, 7.065, '2026-03-04 21:54:35'),(21, 7.004, '2026-03-04 20:54:35'),(21, 6.939, '2026-03-04 19:54:35'),(21, 7.042, '2026-03-04 18:54:35'),(21, 7.057, '2026-03-04 17:54:35'),(21, 7.043, '2026-03-04 16:54:35'),(21, 7.025, '2026-03-04 15:54:35'),(21, 6.948, '2026-03-04 14:54:35'),(21, 7.05, '2026-03-04 13:54:35'),(21, 6.943, '2026-03-04 12:54:35'),(21, 7.005, '2026-03-04 11:54:35'),(21, 6.997, '2026-03-04 10:54:35'),(21, 6.964, '2026-03-04 09:54:35'),(21, 7.025, '2026-03-04 08:54:35'),(21, 7.061, '2026-03-04 07:54:35'),(21, 7.002, '2026-03-04 06:54:35'),(21, 7.062, '2026-03-04 05:54:35'),(21, 7.061, '2026-03-04 04:54:35'),(21, 7.005, '2026-03-04 03:54:35'),(21, 6.946, '2026-03-04 02:54:35'),(21, 7.051, '2026-03-04 01:54:35'),(21, 6.949, '2026-03-04 00:54:35'),(21, 6.944, '2026-03-03 23:54:35'),(21, 7.01, '2026-03-03 22:54:35'),(21, 6.942, '2026-03-03 21:54:35'),(21, 6.981, '2026-03-03 20:54:35'),(21, 6.975, '2026-03-03 19:54:35'),(21, 6.951, '2026-03-03 18:54:35'),(21, 7.059, '2026-03-03 17:54:35'),(21, 6.99, '2026-03-03 16:54:35'),(21, 7.065, '2026-03-03 15:54:35'),(21, 6.963, '2026-03-03 14:54:35'),(21, 7.059, '2026-03-03 13:54:35'),(21, 7.012, '2026-03-03 12:54:35'),(21, 7.056, '2026-03-03 11:54:35'),(21, 7.062, '2026-03-03 10:54:35'),(21, 7.026, '2026-03-03 09:54:35'),(21, 7.05, '2026-03-03 08:54:35'),(21, 7.045, '2026-03-03 07:54:35'),(21, 7.041, '2026-03-03 06:54:35'),(21, 7.054, '2026-03-03 05:54:35'),(21, 6.982, '2026-03-03 04:54:35'),(21, 6.979, '2026-03-03 03:54:35'),(21, 7.065, '2026-03-03 02:54:35'),(21, 7.019, '2026-03-03 01:54:35'),(21, 6.935, '2026-03-03 00:54:35'),(21, 6.99, '2026-03-02 23:54:35'),(21, 6.957, '2026-03-02 22:54:35'),(21, 6.931, '2026-03-02 21:54:35'),(21, 7.047, '2026-03-02 20:54:35'),(21, 7.052, '2026-03-02 19:54:35'),(21, 7.037, '2026-03-02 18:54:35'),(21, 7.023, '2026-03-02 17:54:35'),(21, 6.938, '2026-03-02 16:54:35'),(21, 6.999, '2026-03-02 15:54:35'),(21, 6.983, '2026-03-02 14:54:35'),(21, 7.049, '2026-03-02 13:54:35'),(21, 6.983, '2026-03-02 12:54:35'),(21, 6.965, '2026-03-02 11:54:35'),(21, 7.02, '2026-03-02 10:54:35'),(21, 7.012, '2026-03-02 09:54:35'),(21, 6.966, '2026-03-02 08:54:35'),(21, 6.93, '2026-03-02 07:54:35'),(21, 6.967, '2026-03-02 06:54:35'),(21, 7.014, '2026-03-02 05:54:35'),(21, 6.996, '2026-03-02 04:54:35'),(21, 6.965, '2026-03-02 03:54:35'),(21, 6.944, '2026-03-02 02:54:35'),(21, 7.063, '2026-03-02 01:54:35'),(21, 6.959, '2026-03-02 00:54:35'),(21, 7.033, '2026-03-01 23:54:35'),(21, 6.996, '2026-03-01 22:54:35'),(21, 7.006, '2026-03-01 21:54:35'),(21, 6.995, '2026-03-01 20:54:35'),(21, 7.002, '2026-03-01 19:54:35'),(21, 7.046, '2026-03-01 18:54:35'),(21, 6.98, '2026-03-01 17:54:35'),(21, 7.06, '2026-03-01 16:54:35'),(21, 6.96, '2026-03-01 15:54:35'),(21, 6.991, '2026-03-01 14:54:35'),(21, 6.988, '2026-03-01 13:54:35');
INSERT INTO mining_sensors (id, type_id, name, lat, lng, status, current_value) VALUES (22, 8, 'Caudalímetro 01', -17.243345985063247, -70.61157058346518, 'active', 50.0);
INSERT INTO mining_sensor_history (sensor_id, value, timestamp) VALUES (22, 50.145, '2026-03-16 12:54:35'),(22, 50.2, '2026-03-16 11:54:35'),(22, 49.552, '2026-03-16 10:54:35'),(22, 50.347, '2026-03-16 09:54:35'),(22, 50.214, '2026-03-16 08:54:35'),(22, 49.613, '2026-03-16 07:54:35'),(22, 50.009, '2026-03-16 06:54:35'),(22, 50.412, '2026-03-16 05:54:35'),(22, 50.325, '2026-03-16 04:54:35'),(22, 49.708, '2026-03-16 03:54:35'),(22, 50.283, '2026-03-16 02:54:35'),(22, 50.259, '2026-03-16 01:54:35'),(22, 50.427, '2026-03-16 00:54:35'),(22, 50.435, '2026-03-15 23:54:35'),(22, 49.945, '2026-03-15 22:54:35'),(22, 50.17, '2026-03-15 21:54:35'),(22, 49.837, '2026-03-15 20:54:35'),(22, 50.236, '2026-03-15 19:54:35'),(22, 49.565, '2026-03-15 18:54:35'),(22, 49.835, '2026-03-15 17:54:35'),(22, 50.321, '2026-03-15 16:54:35'),(22, 49.817, '2026-03-15 15:54:35'),(22, 49.586, '2026-03-15 14:54:35'),(22, 49.577, '2026-03-15 13:54:35'),(22, 49.879, '2026-03-15 12:54:35'),(22, 50.369, '2026-03-15 11:54:35'),(22, 49.779, '2026-03-15 10:54:35'),(22, 50.234, '2026-03-15 09:54:35'),(22, 49.731, '2026-03-15 08:54:35'),(22, 50.076, '2026-03-15 07:54:35'),(22, 49.53, '2026-03-15 06:54:35'),(22, 49.889, '2026-03-15 05:54:35'),(22, 50.466, '2026-03-15 04:54:35'),(22, 49.811, '2026-03-15 03:54:35'),(22, 49.93, '2026-03-15 02:54:35'),(22, 49.886, '2026-03-15 01:54:35'),(22, 50.237, '2026-03-15 00:54:35'),(22, 50.406, '2026-03-14 23:54:35'),(22, 49.917, '2026-03-14 22:54:35'),(22, 50.085, '2026-03-14 21:54:35'),(22, 49.958, '2026-03-14 20:54:35'),(22, 50.127, '2026-03-14 19:54:35'),(22, 50.138, '2026-03-14 18:54:35'),(22, 24.979, '2026-03-14 17:54:35'),(22, 50.127, '2026-03-14 16:54:35'),(22, 50.352, '2026-03-14 15:54:35'),(22, 49.923, '2026-03-14 14:54:35'),(22, 50.49, '2026-03-14 13:54:35'),(22, 49.761, '2026-03-14 12:54:35'),(22, 49.544, '2026-03-14 11:54:35'),(22, 49.609, '2026-03-14 10:54:35'),(22, 49.685, '2026-03-14 09:54:35'),(22, 50.409, '2026-03-14 08:54:35'),(22, 49.97, '2026-03-14 07:54:35'),(22, 50.106, '2026-03-14 06:54:35'),(22, 49.646, '2026-03-14 05:54:35'),(22, 50.077, '2026-03-14 04:54:35'),(22, 49.786, '2026-03-14 03:54:35'),(22, 50.268, '2026-03-14 02:54:35'),(22, 49.582, '2026-03-14 01:54:35'),(22, 50.131, '2026-03-14 00:54:35'),(22, 50.347, '2026-03-13 23:54:35'),(22, 50.2, '2026-03-13 22:54:35'),(22, 50.432, '2026-03-13 21:54:35'),(22, 50.087, '2026-03-13 20:54:35'),(22, 49.864, '2026-03-13 19:54:35'),(22, 50.121, '2026-03-13 18:54:35'),(22, 50.383, '2026-03-13 17:54:35'),(22, 50.484, '2026-03-13 16:54:35'),(22, 50.375, '2026-03-13 15:54:35'),(22, 50.083, '2026-03-13 14:54:35'),(22, 49.654, '2026-03-13 13:54:35'),(22, 50.282, '2026-03-13 12:54:35'),(22, 49.546, '2026-03-13 11:54:35'),(22, 49.515, '2026-03-13 10:54:35'),(22, 50.487, '2026-03-13 09:54:35'),(22, 50.042, '2026-03-13 08:54:35'),(22, 49.97, '2026-03-13 07:54:35'),(22, 50.44, '2026-03-13 06:54:35'),(22, 50.404, '2026-03-13 05:54:35'),(22, 49.87, '2026-03-13 04:54:35'),(22, 50.292, '2026-03-13 03:54:35'),(22, 50.357, '2026-03-13 02:54:35'),(22, 50.394, '2026-03-13 01:54:35'),(22, 50.124, '2026-03-13 00:54:35'),(22, 50.254, '2026-03-12 23:54:35'),(22, 49.766, '2026-03-12 22:54:35'),(22, 49.987, '2026-03-12 21:54:35'),(22, 49.751, '2026-03-12 20:54:35'),(22, 50.142, '2026-03-12 19:54:35'),(22, 49.665, '2026-03-12 18:54:35'),(22, 50.076, '2026-03-12 17:54:35'),(22, 49.67, '2026-03-12 16:54:35'),(22, 49.673, '2026-03-12 15:54:35'),(22, 50.192, '2026-03-12 14:54:35'),(22, 49.941, '2026-03-12 13:54:35'),(22, 49.946, '2026-03-12 12:54:35'),(22, 49.501, '2026-03-12 11:54:35'),(22, 50.479, '2026-03-12 10:54:35'),(22, 50.18, '2026-03-12 09:54:35'),(22, 50.271, '2026-03-12 08:54:35'),(22, 50.487, '2026-03-12 07:54:35'),(22, 50.126, '2026-03-12 06:54:35'),(22, 49.566, '2026-03-12 05:54:35'),(22, 50.007, '2026-03-12 04:54:35'),(22, 50.425, '2026-03-12 03:54:35'),(22, 49.76, '2026-03-12 02:54:35'),(22, 50.16, '2026-03-12 01:54:35'),(22, 50.389, '2026-03-12 00:54:35'),(22, 49.894, '2026-03-11 23:54:35'),(22, 50.248, '2026-03-11 22:54:35'),(22, 50.215, '2026-03-11 21:54:35'),(22, 49.722, '2026-03-11 20:54:35'),(22, 49.975, '2026-03-11 19:54:35'),(22, 49.939, '2026-03-11 18:54:35'),(22, 50.253, '2026-03-11 17:54:35'),(22, 50.335, '2026-03-11 16:54:35'),(22, 49.686, '2026-03-11 15:54:35'),(22, 50.395, '2026-03-11 14:54:35'),(22, 50.186, '2026-03-11 13:54:35'),(22, 50.051, '2026-03-11 12:54:35'),(22, 50.482, '2026-03-11 11:54:35'),(22, 49.625, '2026-03-11 10:54:35'),(22, 49.761, '2026-03-11 09:54:35'),(22, 49.6, '2026-03-11 08:54:35'),(22, 49.556, '2026-03-11 07:54:35'),(22, 49.595, '2026-03-11 06:54:35'),(22, 49.956, '2026-03-11 05:54:35'),(22, 49.924, '2026-03-11 04:54:35'),(22, 50.2, '2026-03-11 03:54:35'),(22, 49.936, '2026-03-11 02:54:35'),(22, 49.931, '2026-03-11 01:54:35'),(22, 49.748, '2026-03-11 00:54:35'),(22, 50.231, '2026-03-10 23:54:35'),(22, 49.551, '2026-03-10 22:54:35'),(22, 49.53, '2026-03-10 21:54:35'),(22, 49.549, '2026-03-10 20:54:35'),(22, 49.933, '2026-03-10 19:54:35'),(22, 49.554, '2026-03-10 18:54:35'),(22, 49.599, '2026-03-10 17:54:35'),(22, 50.172, '2026-03-10 16:54:35'),(22, 50.154, '2026-03-10 15:54:35'),(22, 49.522, '2026-03-10 14:54:35'),(22, 50.23, '2026-03-10 13:54:35'),(22, 49.591, '2026-03-10 12:54:35'),(22, 49.793, '2026-03-10 11:54:35'),(22, 50.258, '2026-03-10 10:54:35'),(22, 49.96, '2026-03-10 09:54:35'),(22, 50.144, '2026-03-10 08:54:35'),(22, 49.562, '2026-03-10 07:54:35'),(22, 50.371, '2026-03-10 06:54:35'),(22, 49.738, '2026-03-10 05:54:35'),(22, 50.295, '2026-03-10 04:54:35'),(22, 49.907, '2026-03-10 03:54:35'),(22, 50.113, '2026-03-10 02:54:35'),(22, 50.04, '2026-03-10 01:54:35'),(22, 49.759, '2026-03-10 00:54:35'),(22, 49.734, '2026-03-09 23:54:35'),(22, 50.128, '2026-03-09 22:54:35'),(22, 49.843, '2026-03-09 21:54:35'),(22, 50.016, '2026-03-09 20:54:35'),(22, 50.202, '2026-03-09 19:54:35'),(22, 50.269, '2026-03-09 18:54:35'),(22, 50.265, '2026-03-09 17:54:35'),(22, 49.92, '2026-03-09 16:54:35'),(22, 49.98, '2026-03-09 15:54:35'),(22, 50.376, '2026-03-09 14:54:35'),(22, 49.526, '2026-03-09 13:54:35'),(22, 49.949, '2026-03-09 12:54:35'),(22, 50.379, '2026-03-09 11:54:35'),(22, 50.49, '2026-03-09 10:54:35'),(22, 50.424, '2026-03-09 09:54:35'),(22, 49.98, '2026-03-09 08:54:35'),(22, 50.007, '2026-03-09 07:54:35'),(22, 49.729, '2026-03-09 06:54:35'),(22, 50.039, '2026-03-09 05:54:35'),(22, 49.714, '2026-03-09 04:54:35'),(22, 50.16, '2026-03-09 03:54:35'),(22, 50.044, '2026-03-09 02:54:35'),(22, 50.101, '2026-03-09 01:54:35'),(22, 49.51, '2026-03-09 00:54:35'),(22, 49.596, '2026-03-08 23:54:35'),(22, 50.426, '2026-03-08 22:54:35'),(22, 50.353, '2026-03-08 21:54:35'),(22, 49.749, '2026-03-08 20:54:35'),(22, 50.362, '2026-03-08 19:54:35'),(22, 50.446, '2026-03-08 18:54:35'),(22, 50.095, '2026-03-08 17:54:35'),(22, 50.335, '2026-03-08 16:54:35'),(22, 49.53, '2026-03-08 15:54:35'),(22, 50.064, '2026-03-08 14:54:35'),(22, 49.797, '2026-03-08 13:54:35'),(22, 49.917, '2026-03-08 12:54:35'),(22, 49.55, '2026-03-08 11:54:35'),(22, 49.763, '2026-03-08 10:54:35'),(22, 49.906, '2026-03-08 09:54:35'),(22, 49.646, '2026-03-08 08:54:35'),(22, 49.648, '2026-03-08 07:54:35'),(22, 50.392, '2026-03-08 06:54:35'),(22, 50.248, '2026-03-08 05:54:35'),(22, 49.593, '2026-03-08 04:54:35'),(22, 49.765, '2026-03-08 03:54:35'),(22, 50.306, '2026-03-08 02:54:35'),(22, 49.995, '2026-03-08 01:54:35'),(22, 50.109, '2026-03-08 00:54:35'),(22, 50.342, '2026-03-07 23:54:35'),(22, 50.488, '2026-03-07 22:54:35'),(22, 50.491, '2026-03-07 21:54:35'),(22, 50.26, '2026-03-07 20:54:35'),(22, 49.55, '2026-03-07 19:54:35'),(22, 49.864, '2026-03-07 18:54:35'),(22, 50.377, '2026-03-07 17:54:35'),(22, 49.587, '2026-03-07 16:54:35'),(22, 49.505, '2026-03-07 15:54:35'),(22, 50.439, '2026-03-07 14:54:35'),(22, 50.11, '2026-03-07 13:54:35'),(22, 49.961, '2026-03-07 12:54:35'),(22, 50.227, '2026-03-07 11:54:35'),(22, 49.67, '2026-03-07 10:54:35'),(22, 49.856, '2026-03-07 09:54:35'),(22, 49.711, '2026-03-07 08:54:35'),(22, 49.667, '2026-03-07 07:54:35'),(22, 50.002, '2026-03-07 06:54:35'),(22, 49.609, '2026-03-07 05:54:35'),(22, 49.785, '2026-03-07 04:54:35'),(22, 49.557, '2026-03-07 03:54:35'),(22, 50.338, '2026-03-07 02:54:35'),(22, 49.837, '2026-03-07 01:54:35'),(22, 49.554, '2026-03-07 00:54:35'),(22, 49.771, '2026-03-06 23:54:35'),(22, 49.548, '2026-03-06 22:54:35'),(22, 50.354, '2026-03-06 21:54:35'),(22, 50.21, '2026-03-06 20:54:35'),(22, 49.591, '2026-03-06 19:54:35'),(22, 49.807, '2026-03-06 18:54:35'),(22, 50.497, '2026-03-06 17:54:35'),(22, 49.523, '2026-03-06 16:54:35'),(22, 49.544, '2026-03-06 15:54:35'),(22, 49.812, '2026-03-06 14:54:35'),(22, 50.296, '2026-03-06 13:54:35'),(22, 50.407, '2026-03-06 12:54:35'),(22, 49.924, '2026-03-06 11:54:35'),(22, 50.02, '2026-03-06 10:54:35'),(22, 50.096, '2026-03-06 09:54:35'),(22, 49.803, '2026-03-06 08:54:35'),(22, 49.751, '2026-03-06 07:54:35'),(22, 49.834, '2026-03-06 06:54:35'),(22, 49.891, '2026-03-06 05:54:35'),(22, 50.045, '2026-03-06 04:54:35'),(22, 50.197, '2026-03-06 03:54:35'),(22, 49.53, '2026-03-06 02:54:35'),(22, 49.915, '2026-03-06 01:54:35'),(22, 50.045, '2026-03-06 00:54:35'),(22, 49.776, '2026-03-05 23:54:35'),(22, 50.365, '2026-03-05 22:54:35'),(22, 49.86, '2026-03-05 21:54:35'),(22, 50.042, '2026-03-05 20:54:35'),(22, 50.165, '2026-03-05 19:54:35'),(22, 49.797, '2026-03-05 18:54:35'),(22, 49.753, '2026-03-05 17:54:35'),(22, 50.132, '2026-03-05 16:54:35'),(22, 50.053, '2026-03-05 15:54:35'),(22, 50.345, '2026-03-05 14:54:35'),(22, 50.01, '2026-03-05 13:54:35'),(22, 49.866, '2026-03-05 12:54:35'),(22, 49.621, '2026-03-05 11:54:35'),(22, 49.975, '2026-03-05 10:54:35'),(22, 49.705, '2026-03-05 09:54:35'),(22, 49.911, '2026-03-05 08:54:35'),(22, 50.425, '2026-03-05 07:54:35'),(22, 49.528, '2026-03-05 06:54:35'),(22, 50.271, '2026-03-05 05:54:35'),(22, 49.988, '2026-03-05 04:54:35'),(22, 50.193, '2026-03-05 03:54:35'),(22, 50.027, '2026-03-05 02:54:35'),(22, 49.935, '2026-03-05 01:54:35'),(22, 49.732, '2026-03-05 00:54:35'),(22, 49.511, '2026-03-04 23:54:35'),(22, 49.63, '2026-03-04 22:54:35'),(22, 49.542, '2026-03-04 21:54:35'),(22, 50.032, '2026-03-04 20:54:35'),(22, 50.202, '2026-03-04 19:54:35'),(22, 50.339, '2026-03-04 18:54:35'),(22, 49.662, '2026-03-04 17:54:35'),(22, 50.038, '2026-03-04 16:54:35'),(22, 49.522, '2026-03-04 15:54:35'),(22, 50.106, '2026-03-04 14:54:35'),(22, 49.901, '2026-03-04 13:54:35'),(22, 50.026, '2026-03-04 12:54:35'),(22, 50.067, '2026-03-04 11:54:35'),(22, 50.419, '2026-03-04 10:54:35'),(22, 49.877, '2026-03-04 09:54:35'),(22, 49.91, '2026-03-04 08:54:35'),(22, 49.787, '2026-03-04 07:54:35'),(22, 49.776, '2026-03-04 06:54:35'),(22, 50.136, '2026-03-04 05:54:35'),(22, 50.423, '2026-03-04 04:54:35'),(22, 49.872, '2026-03-04 03:54:35'),(22, 49.608, '2026-03-04 02:54:35'),(22, 50.206, '2026-03-04 01:54:35'),(22, 49.668, '2026-03-04 00:54:35'),(22, 49.731, '2026-03-03 23:54:35'),(22, 49.817, '2026-03-03 22:54:35'),(22, 50.402, '2026-03-03 21:54:35'),(22, 49.99, '2026-03-03 20:54:35'),(22, 49.902, '2026-03-03 19:54:35'),(22, 49.549, '2026-03-03 18:54:35'),(22, 50.065, '2026-03-03 17:54:35'),(22, 49.973, '2026-03-03 16:54:35'),(22, 50.204, '2026-03-03 15:54:35'),(22, 50.008, '2026-03-03 14:54:35'),(22, 49.668, '2026-03-03 13:54:35'),(22, 49.968, '2026-03-03 12:54:35'),(22, 50.233, '2026-03-03 11:54:35'),(22, 49.717, '2026-03-03 10:54:35'),(22, 50.126, '2026-03-03 09:54:35'),(22, 49.649, '2026-03-03 08:54:35'),(22, 50.021, '2026-03-03 07:54:35'),(22, 49.75, '2026-03-03 06:54:35'),(22, 50.336, '2026-03-03 05:54:35'),(22, 50.369, '2026-03-03 04:54:35'),(22, 49.856, '2026-03-03 03:54:35'),(22, 49.599, '2026-03-03 02:54:35'),(22, 50.252, '2026-03-03 01:54:35'),(22, 50.424, '2026-03-03 00:54:35'),(22, 49.85, '2026-03-02 23:54:35'),(22, 49.837, '2026-03-02 22:54:35'),(22, 50.162, '2026-03-02 21:54:35'),(22, 49.866, '2026-03-02 20:54:35'),(22, 49.711, '2026-03-02 19:54:35'),(22, 50.22, '2026-03-02 18:54:35'),(22, 49.665, '2026-03-02 17:54:35'),(22, 50.202, '2026-03-02 16:54:35'),(22, 49.807, '2026-03-02 15:54:35'),(22, 50.2, '2026-03-02 14:54:35'),(22, 50.033, '2026-03-02 13:54:35'),(22, 49.812, '2026-03-02 12:54:35'),(22, 50.324, '2026-03-02 11:54:35'),(22, 49.535, '2026-03-02 10:54:35'),(22, 50.307, '2026-03-02 09:54:35'),(22, 50.035, '2026-03-02 08:54:35'),(22, 49.92, '2026-03-02 07:54:35'),(22, 49.916, '2026-03-02 06:54:35'),(22, 49.702, '2026-03-02 05:54:35'),(22, 49.974, '2026-03-02 04:54:35'),(22, 49.933, '2026-03-02 03:54:35'),(22, 49.96, '2026-03-02 02:54:35'),(22, 49.631, '2026-03-02 01:54:35'),(22, 50.311, '2026-03-02 00:54:35'),(22, 50.154, '2026-03-01 23:54:35'),(22, 50.17, '2026-03-01 22:54:35'),(22, 49.723, '2026-03-01 21:54:35'),(22, 49.681, '2026-03-01 20:54:35'),(22, 50.261, '2026-03-01 19:54:35'),(22, 49.741, '2026-03-01 18:54:35'),(22, 50.241, '2026-03-01 17:54:35'),(22, 50.063, '2026-03-01 16:54:35'),(22, 50.438, '2026-03-01 15:54:35'),(22, 49.734, '2026-03-01 14:54:35'),(22, 50.367, '2026-03-01 13:54:35');
INSERT INTO mining_sensors (id, type_id, name, lat, lng, status, current_value) VALUES (23, 8, 'Caudalímetro 02', -17.24831673377438, -70.61604560287756, 'active', 50.0);
INSERT INTO mining_sensor_history (sensor_id, value, timestamp) VALUES (23, 49.953, '2026-03-16 12:54:35'),(23, 50.128, '2026-03-16 11:54:35'),(23, 50.051, '2026-03-16 10:54:35'),(23, 50.421, '2026-03-16 09:54:35'),(23, 49.508, '2026-03-16 08:54:35'),(23, 49.926, '2026-03-16 07:54:35'),(23, 49.697, '2026-03-16 06:54:35'),(23, 50.305, '2026-03-16 05:54:35'),(23, 49.54, '2026-03-16 04:54:35'),(23, 50.345, '2026-03-16 03:54:35'),(23, 49.847, '2026-03-16 02:54:35'),(23, 50.076, '2026-03-16 01:54:35'),(23, 49.575, '2026-03-16 00:54:35'),(23, 50.396, '2026-03-15 23:54:35'),(23, 49.578, '2026-03-15 22:54:35'),(23, 49.503, '2026-03-15 21:54:35'),(23, 49.715, '2026-03-15 20:54:35'),(23, 49.847, '2026-03-15 19:54:35'),(23, 49.61, '2026-03-15 18:54:35'),(23, 50.46, '2026-03-15 17:54:35'),(23, 50.207, '2026-03-15 16:54:35'),(23, 49.981, '2026-03-15 15:54:35'),(23, 50.475, '2026-03-15 14:54:35'),(23, 49.591, '2026-03-15 13:54:35'),(23, 49.78, '2026-03-15 12:54:35'),(23, 49.574, '2026-03-15 11:54:35'),(23, 49.781, '2026-03-15 10:54:35'),(23, 49.947, '2026-03-15 09:54:35'),(23, 49.838, '2026-03-15 08:54:35'),(23, 49.866, '2026-03-15 07:54:35'),(23, 49.784, '2026-03-15 06:54:35'),(23, 50.346, '2026-03-15 05:54:35'),(23, 50.131, '2026-03-15 04:54:35'),(23, 49.664, '2026-03-15 03:54:35'),(23, 50.305, '2026-03-15 02:54:35'),(23, 50.448, '2026-03-15 01:54:35'),(23, 50.495, '2026-03-15 00:54:35'),(23, 49.619, '2026-03-14 23:54:35'),(23, 49.677, '2026-03-14 22:54:35'),(23, 49.929, '2026-03-14 21:54:35'),(23, 50.159, '2026-03-14 20:54:35'),(23, 49.751, '2026-03-14 19:54:35'),(23, 50.296, '2026-03-14 18:54:35'),(23, 49.563, '2026-03-14 17:54:35'),(23, 50.032, '2026-03-14 16:54:35'),(23, 50.15, '2026-03-14 15:54:35'),(23, 49.65, '2026-03-14 14:54:35'),(23, 49.52, '2026-03-14 13:54:35'),(23, 49.534, '2026-03-14 12:54:35'),(23, 50.331, '2026-03-14 11:54:35'),(23, 50.057, '2026-03-14 10:54:35'),(23, 50.045, '2026-03-14 09:54:35'),(23, 50.141, '2026-03-14 08:54:35'),(23, 49.839, '2026-03-14 07:54:35'),(23, 50.405, '2026-03-14 06:54:35'),(23, 50.403, '2026-03-14 05:54:35'),(23, 50.098, '2026-03-14 04:54:35'),(23, 50.13, '2026-03-14 03:54:35'),(23, 49.933, '2026-03-14 02:54:35'),(23, 49.714, '2026-03-14 01:54:35'),(23, 49.779, '2026-03-14 00:54:35'),(23, 50.13, '2026-03-13 23:54:35'),(23, 49.663, '2026-03-13 22:54:35'),(23, 50.333, '2026-03-13 21:54:35'),(23, 49.553, '2026-03-13 20:54:35'),(23, 50.257, '2026-03-13 19:54:35'),(23, 49.583, '2026-03-13 18:54:35'),(23, 49.666, '2026-03-13 17:54:35'),(23, 50.089, '2026-03-13 16:54:35'),(23, 50.313, '2026-03-13 15:54:35'),(23, 50.199, '2026-03-13 14:54:35'),(23, 50.371, '2026-03-13 13:54:35'),(23, 50.318, '2026-03-13 12:54:35'),(23, 49.825, '2026-03-13 11:54:35'),(23, 49.813, '2026-03-13 10:54:35'),(23, 50.293, '2026-03-13 09:54:35'),(23, 49.657, '2026-03-13 08:54:35'),(23, 49.925, '2026-03-13 07:54:35'),(23, 49.887, '2026-03-13 06:54:35'),(23, 49.801, '2026-03-13 05:54:35'),(23, 49.765, '2026-03-13 04:54:35'),(23, 49.573, '2026-03-13 03:54:35'),(23, 50.259, '2026-03-13 02:54:35'),(23, 49.939, '2026-03-13 01:54:35'),(23, 49.551, '2026-03-13 00:54:35'),(23, 49.955, '2026-03-12 23:54:35'),(23, 50.387, '2026-03-12 22:54:35'),(23, 49.71, '2026-03-12 21:54:35'),(23, 50.192, '2026-03-12 20:54:35'),(23, 49.732, '2026-03-12 19:54:35'),(23, 50.127, '2026-03-12 18:54:35'),(23, 49.597, '2026-03-12 17:54:35'),(23, 50.095, '2026-03-12 16:54:35'),(23, 49.645, '2026-03-12 15:54:35'),(23, 50.221, '2026-03-12 14:54:35'),(23, 49.976, '2026-03-12 13:54:35'),(23, 49.849, '2026-03-12 12:54:35'),(23, 50.449, '2026-03-12 11:54:35'),(23, 49.997, '2026-03-12 10:54:35'),(23, 50.348, '2026-03-12 09:54:35'),(23, 49.762, '2026-03-12 08:54:35'),(23, 50.151, '2026-03-12 07:54:35'),(23, 49.894, '2026-03-12 06:54:35'),(23, 50.5, '2026-03-12 05:54:35'),(23, 50.232, '2026-03-12 04:54:35'),(23, 49.839, '2026-03-12 03:54:35'),(23, 49.929, '2026-03-12 02:54:35'),(23, 50.401, '2026-03-12 01:54:35'),(23, 49.659, '2026-03-12 00:54:35'),(23, 49.913, '2026-03-11 23:54:35'),(23, 49.769, '2026-03-11 22:54:35'),(23, 49.575, '2026-03-11 21:54:35'),(23, 50.11, '2026-03-11 20:54:35'),(23, 50.299, '2026-03-11 19:54:35'),(23, 49.735, '2026-03-11 18:54:35'),(23, 50.096, '2026-03-11 17:54:35'),(23, 49.689, '2026-03-11 16:54:35'),(23, 49.636, '2026-03-11 15:54:35'),(23, 49.99, '2026-03-11 14:54:35'),(23, 50.214, '2026-03-11 13:54:35'),(23, 49.525, '2026-03-11 12:54:35'),(23, 50.471, '2026-03-11 11:54:35'),(23, 50.352, '2026-03-11 10:54:35'),(23, 50.236, '2026-03-11 09:54:35'),(23, 50.45, '2026-03-11 08:54:35'),(23, 50.02, '2026-03-11 07:54:35'),(23, 50.285, '2026-03-11 06:54:35'),(23, 49.693, '2026-03-11 05:54:35'),(23, 50.166, '2026-03-11 04:54:35'),(23, 49.604, '2026-03-11 03:54:35'),(23, 49.563, '2026-03-11 02:54:35'),(23, 49.694, '2026-03-11 01:54:35'),(23, 50.364, '2026-03-11 00:54:35'),(23, 50.291, '2026-03-10 23:54:35'),(23, 49.797, '2026-03-10 22:54:35'),(23, 50.344, '2026-03-10 21:54:35'),(23, 50.498, '2026-03-10 20:54:35'),(23, 50.487, '2026-03-10 19:54:35'),(23, 50.378, '2026-03-10 18:54:35'),(23, 49.576, '2026-03-10 17:54:35'),(23, 50.263, '2026-03-10 16:54:35'),(23, 49.656, '2026-03-10 15:54:35'),(23, 50.366, '2026-03-10 14:54:35'),(23, 50.126, '2026-03-10 13:54:35'),(23, 50.134, '2026-03-10 12:54:35'),(23, 50.356, '2026-03-10 11:54:35'),(23, 50.233, '2026-03-10 10:54:35'),(23, 49.739, '2026-03-10 09:54:35'),(23, 50.026, '2026-03-10 08:54:35'),(23, 49.502, '2026-03-10 07:54:35'),(23, 50.48, '2026-03-10 06:54:35'),(23, 50.071, '2026-03-10 05:54:35'),(23, 49.6, '2026-03-10 04:54:35'),(23, 50.082, '2026-03-10 03:54:35'),(23, 49.746, '2026-03-10 02:54:35'),(23, 49.711, '2026-03-10 01:54:35'),(23, 50.449, '2026-03-10 00:54:35'),(23, 49.683, '2026-03-09 23:54:35'),(23, 50.327, '2026-03-09 22:54:35'),(23, 50.157, '2026-03-09 21:54:35'),(23, 49.793, '2026-03-09 20:54:35'),(23, 49.942, '2026-03-09 19:54:35'),(23, 50.43, '2026-03-09 18:54:35'),(23, 50.0, '2026-03-09 17:54:35'),(23, 50.035, '2026-03-09 16:54:35'),(23, 49.833, '2026-03-09 15:54:35'),(23, 49.74, '2026-03-09 14:54:35'),(23, 50.44, '2026-03-09 13:54:35'),(23, 49.771, '2026-03-09 12:54:35'),(23, 49.751, '2026-03-09 11:54:35'),(23, 24.911, '2026-03-09 10:54:35'),(23, 49.651, '2026-03-09 09:54:35'),(23, 49.6, '2026-03-09 08:54:35'),(23, 50.315, '2026-03-09 07:54:35'),(23, 50.077, '2026-03-09 06:54:35'),(23, 50.007, '2026-03-09 05:54:35'),(23, 49.902, '2026-03-09 04:54:35'),(23, 49.932, '2026-03-09 03:54:35'),(23, 50.357, '2026-03-09 02:54:35'),(23, 49.506, '2026-03-09 01:54:35'),(23, 49.995, '2026-03-09 00:54:35'),(23, 50.471, '2026-03-08 23:54:35'),(23, 50.181, '2026-03-08 22:54:35'),(23, 50.288, '2026-03-08 21:54:35'),(23, 50.363, '2026-03-08 20:54:35'),(23, 50.31, '2026-03-08 19:54:35'),(23, 49.751, '2026-03-08 18:54:35'),(23, 49.941, '2026-03-08 17:54:35'),(23, 50.196, '2026-03-08 16:54:35'),(23, 49.717, '2026-03-08 15:54:35'),(23, 50.144, '2026-03-08 14:54:35'),(23, 50.364, '2026-03-08 13:54:35'),(23, 49.961, '2026-03-08 12:54:35'),(23, 50.253, '2026-03-08 11:54:35'),(23, 49.61, '2026-03-08 10:54:35'),(23, 50.499, '2026-03-08 09:54:35'),(23, 50.404, '2026-03-08 08:54:35'),(23, 49.728, '2026-03-08 07:54:35'),(23, 49.694, '2026-03-08 06:54:35'),(23, 49.533, '2026-03-08 05:54:35'),(23, 49.776, '2026-03-08 04:54:35'),(23, 50.29, '2026-03-08 03:54:35'),(23, 50.073, '2026-03-08 02:54:35'),(23, 50.028, '2026-03-08 01:54:35'),(23, 49.747, '2026-03-08 00:54:35'),(23, 50.154, '2026-03-07 23:54:35'),(23, 50.495, '2026-03-07 22:54:35'),(23, 50.334, '2026-03-07 21:54:35'),(23, 50.014, '2026-03-07 20:54:35'),(23, 50.121, '2026-03-07 19:54:35'),(23, 50.455, '2026-03-07 18:54:35'),(23, 49.576, '2026-03-07 17:54:35'),(23, 50.308, '2026-03-07 16:54:35'),(23, 49.937, '2026-03-07 15:54:35'),(23, 50.435, '2026-03-07 14:54:35'),(23, 49.731, '2026-03-07 13:54:35'),(23, 49.662, '2026-03-07 12:54:35'),(23, 74.57, '2026-03-07 11:54:35'),(23, 50.195, '2026-03-07 10:54:35'),(23, 50.024, '2026-03-07 09:54:35'),(23, 49.935, '2026-03-07 08:54:35'),(23, 49.686, '2026-03-07 07:54:35'),(23, 49.646, '2026-03-07 06:54:35'),(23, 50.442, '2026-03-07 05:54:35'),(23, 50.475, '2026-03-07 04:54:35'),(23, 49.775, '2026-03-07 03:54:35'),(23, 50.02, '2026-03-07 02:54:35'),(23, 49.776, '2026-03-07 01:54:35'),(23, 49.696, '2026-03-07 00:54:35'),(23, 49.852, '2026-03-06 23:54:35'),(23, 50.261, '2026-03-06 22:54:35'),(23, 50.274, '2026-03-06 21:54:35'),(23, 49.922, '2026-03-06 20:54:35'),(23, 49.71, '2026-03-06 19:54:35'),(23, 50.47, '2026-03-06 18:54:35'),(23, 50.061, '2026-03-06 17:54:35'),(23, 49.937, '2026-03-06 16:54:35'),(23, 49.678, '2026-03-06 15:54:35'),(23, 49.939, '2026-03-06 14:54:35'),(23, 49.671, '2026-03-06 13:54:35'),(23, 49.757, '2026-03-06 12:54:35'),(23, 50.119, '2026-03-06 11:54:35'),(23, 50.046, '2026-03-06 10:54:35'),(23, 49.555, '2026-03-06 09:54:35'),(23, 50.279, '2026-03-06 08:54:35'),(23, 49.528, '2026-03-06 07:54:35'),(23, 49.748, '2026-03-06 06:54:35'),(23, 50.144, '2026-03-06 05:54:35'),(23, 49.969, '2026-03-06 04:54:35'),(23, 49.802, '2026-03-06 03:54:35'),(23, 50.031, '2026-03-06 02:54:35'),(23, 49.75, '2026-03-06 01:54:35'),(23, 49.977, '2026-03-06 00:54:35'),(23, 50.381, '2026-03-05 23:54:35'),(23, 50.29, '2026-03-05 22:54:35'),(23, 49.816, '2026-03-05 21:54:35'),(23, 49.535, '2026-03-05 20:54:35'),(23, 49.58, '2026-03-05 19:54:35'),(23, 50.06, '2026-03-05 18:54:35'),(23, 50.251, '2026-03-05 17:54:35'),(23, 49.951, '2026-03-05 16:54:35'),(23, 49.834, '2026-03-05 15:54:35'),(23, 49.833, '2026-03-05 14:54:35'),(23, 50.489, '2026-03-05 13:54:35'),(23, 50.175, '2026-03-05 12:54:35'),(23, 50.167, '2026-03-05 11:54:35'),(23, 49.784, '2026-03-05 10:54:35'),(23, 50.496, '2026-03-05 09:54:35'),(23, 49.603, '2026-03-05 08:54:35'),(23, 50.458, '2026-03-05 07:54:35'),(23, 50.345, '2026-03-05 06:54:35'),(23, 50.294, '2026-03-05 05:54:35'),(23, 50.285, '2026-03-05 04:54:35'),(23, 50.037, '2026-03-05 03:54:35'),(23, 49.525, '2026-03-05 02:54:35'),(23, 50.336, '2026-03-05 01:54:35'),(23, 49.91, '2026-03-05 00:54:35'),(23, 50.115, '2026-03-04 23:54:35'),(23, 50.205, '2026-03-04 22:54:35'),(23, 49.922, '2026-03-04 21:54:35'),(23, 50.165, '2026-03-04 20:54:35'),(23, 49.549, '2026-03-04 19:54:35'),(23, 50.253, '2026-03-04 18:54:35'),(23, 50.194, '2026-03-04 17:54:35'),(23, 50.026, '2026-03-04 16:54:35'),(23, 50.002, '2026-03-04 15:54:35'),(23, 50.267, '2026-03-04 14:54:35'),(23, 49.545, '2026-03-04 13:54:35'),(23, 50.396, '2026-03-04 12:54:35'),(23, 49.564, '2026-03-04 11:54:35'),(23, 49.608, '2026-03-04 10:54:35'),(23, 49.514, '2026-03-04 09:54:35'),(23, 50.222, '2026-03-04 08:54:35'),(23, 49.898, '2026-03-04 07:54:35'),(23, 49.852, '2026-03-04 06:54:35'),(23, 50.062, '2026-03-04 05:54:35'),(23, 49.885, '2026-03-04 04:54:35'),(23, 50.14, '2026-03-04 03:54:35'),(23, 50.129, '2026-03-04 02:54:35'),(23, 49.702, '2026-03-04 01:54:35'),(23, 50.113, '2026-03-04 00:54:35'),(23, 49.981, '2026-03-03 23:54:35'),(23, 49.554, '2026-03-03 22:54:35'),(23, 49.902, '2026-03-03 21:54:35'),(23, 49.663, '2026-03-03 20:54:35'),(23, 49.569, '2026-03-03 19:54:35'),(23, 49.87, '2026-03-03 18:54:35'),(23, 49.572, '2026-03-03 17:54:35'),(23, 50.248, '2026-03-03 16:54:35'),(23, 49.515, '2026-03-03 15:54:35'),(23, 49.715, '2026-03-03 14:54:35'),(23, 50.409, '2026-03-03 13:54:35'),(23, 49.683, '2026-03-03 12:54:35'),(23, 50.045, '2026-03-03 11:54:35'),(23, 49.888, '2026-03-03 10:54:35'),(23, 50.482, '2026-03-03 09:54:35'),(23, 49.933, '2026-03-03 08:54:35'),(23, 49.922, '2026-03-03 07:54:35'),(23, 49.722, '2026-03-03 06:54:35'),(23, 49.656, '2026-03-03 05:54:35'),(23, 49.655, '2026-03-03 04:54:35'),(23, 50.2, '2026-03-03 03:54:35'),(23, 49.74, '2026-03-03 02:54:35'),(23, 49.592, '2026-03-03 01:54:35'),(23, 50.321, '2026-03-03 00:54:35'),(23, 49.776, '2026-03-02 23:54:35'),(23, 50.143, '2026-03-02 22:54:35'),(23, 49.741, '2026-03-02 21:54:35'),(23, 49.656, '2026-03-02 20:54:35'),(23, 50.307, '2026-03-02 19:54:35'),(23, 50.185, '2026-03-02 18:54:35'),(23, 49.728, '2026-03-02 17:54:35'),(23, 49.904, '2026-03-02 16:54:35'),(23, 50.436, '2026-03-02 15:54:35'),(23, 49.8, '2026-03-02 14:54:35'),(23, 49.835, '2026-03-02 13:54:35'),(23, 50.462, '2026-03-02 12:54:35'),(23, 50.455, '2026-03-02 11:54:35'),(23, 50.063, '2026-03-02 10:54:35'),(23, 49.959, '2026-03-02 09:54:35'),(23, 49.574, '2026-03-02 08:54:35'),(23, 49.981, '2026-03-02 07:54:35'),(23, 50.247, '2026-03-02 06:54:35'),(23, 49.704, '2026-03-02 05:54:35'),(23, 50.001, '2026-03-02 04:54:35'),(23, 50.125, '2026-03-02 03:54:35'),(23, 50.117, '2026-03-02 02:54:35'),(23, 49.871, '2026-03-02 01:54:35'),(23, 49.587, '2026-03-02 00:54:35'),(23, 49.986, '2026-03-01 23:54:35'),(23, 50.33, '2026-03-01 22:54:35'),(23, 49.771, '2026-03-01 21:54:35'),(23, 49.92, '2026-03-01 20:54:35'),(23, 50.354, '2026-03-01 19:54:35'),(23, 50.195, '2026-03-01 18:54:35'),(23, 50.396, '2026-03-01 17:54:35'),(23, 49.692, '2026-03-01 16:54:35'),(23, 49.663, '2026-03-01 15:54:35'),(23, 49.501, '2026-03-01 14:54:35'),(23, 50.348, '2026-03-01 13:54:35');
INSERT INTO mining_sensors (id, type_id, name, lat, lng, status, current_value) VALUES (24, 8, 'Caudalímetro 03', -17.25079108960694, -70.60816921707156, 'active', 50.0);
INSERT INTO mining_sensor_history (sensor_id, value, timestamp) VALUES (24, 49.515, '2026-03-16 12:54:35'),(24, 50.217, '2026-03-16 11:54:35'),(24, 49.656, '2026-03-16 10:54:35'),(24, 50.248, '2026-03-16 09:54:35'),(24, 50.296, '2026-03-16 08:54:35'),(24, 49.931, '2026-03-16 07:54:35'),(24, 50.062, '2026-03-16 06:54:35'),(24, 49.74, '2026-03-16 05:54:35'),(24, 49.737, '2026-03-16 04:54:35'),(24, 49.509, '2026-03-16 03:54:35'),(24, 50.14, '2026-03-16 02:54:35'),(24, 50.073, '2026-03-16 01:54:35'),(24, 49.937, '2026-03-16 00:54:35'),(24, 50.095, '2026-03-15 23:54:35'),(24, 50.341, '2026-03-15 22:54:35'),(24, 50.076, '2026-03-15 21:54:35'),(24, 50.184, '2026-03-15 20:54:35'),(24, 49.787, '2026-03-15 19:54:35'),(24, 50.403, '2026-03-15 18:54:35'),(24, 50.05, '2026-03-15 17:54:35'),(24, 50.403, '2026-03-15 16:54:35'),(24, 49.875, '2026-03-15 15:54:35'),(24, 49.832, '2026-03-15 14:54:35'),(24, 50.315, '2026-03-15 13:54:35'),(24, 49.756, '2026-03-15 12:54:35'),(24, 49.763, '2026-03-15 11:54:35'),(24, 50.043, '2026-03-15 10:54:35'),(24, 50.462, '2026-03-15 09:54:35'),(24, 49.503, '2026-03-15 08:54:35'),(24, 50.16, '2026-03-15 07:54:35'),(24, 25.018, '2026-03-15 06:54:35'),(24, 49.99, '2026-03-15 05:54:35'),(24, 50.173, '2026-03-15 04:54:35'),(24, 50.298, '2026-03-15 03:54:35'),(24, 49.666, '2026-03-15 02:54:35'),(24, 50.291, '2026-03-15 01:54:35'),(24, 50.089, '2026-03-15 00:54:35'),(24, 49.699, '2026-03-14 23:54:35'),(24, 50.349, '2026-03-14 22:54:35'),(24, 50.064, '2026-03-14 21:54:35'),(24, 49.873, '2026-03-14 20:54:35'),(24, 49.954, '2026-03-14 19:54:35'),(24, 50.283, '2026-03-14 18:54:35'),(24, 49.523, '2026-03-14 17:54:35'),(24, 50.448, '2026-03-14 16:54:35'),(24, 50.42, '2026-03-14 15:54:35'),(24, 50.202, '2026-03-14 14:54:35'),(24, 49.763, '2026-03-14 13:54:35'),(24, 49.549, '2026-03-14 12:54:35'),(24, 50.293, '2026-03-14 11:54:35'),(24, 50.366, '2026-03-14 10:54:35'),(24, 49.977, '2026-03-14 09:54:35'),(24, 49.638, '2026-03-14 08:54:35'),(24, 49.985, '2026-03-14 07:54:35'),(24, 50.277, '2026-03-14 06:54:35'),(24, 49.822, '2026-03-14 05:54:35'),(24, 50.309, '2026-03-14 04:54:35'),(24, 50.281, '2026-03-14 03:54:35'),(24, 50.298, '2026-03-14 02:54:35'),(24, 49.982, '2026-03-14 01:54:35'),(24, 49.593, '2026-03-14 00:54:35'),(24, 50.441, '2026-03-13 23:54:35'),(24, 50.357, '2026-03-13 22:54:35'),(24, 49.813, '2026-03-13 21:54:35'),(24, 50.252, '2026-03-13 20:54:35'),(24, 49.693, '2026-03-13 19:54:35'),(24, 49.834, '2026-03-13 18:54:35'),(24, 49.862, '2026-03-13 17:54:35'),(24, 49.852, '2026-03-13 16:54:35'),(24, 50.254, '2026-03-13 15:54:35'),(24, 50.446, '2026-03-13 14:54:35'),(24, 50.264, '2026-03-13 13:54:35'),(24, 50.33, '2026-03-13 12:54:35'),(24, 49.728, '2026-03-13 11:54:35'),(24, 50.038, '2026-03-13 10:54:35'),(24, 49.618, '2026-03-13 09:54:35'),(24, 50.469, '2026-03-13 08:54:35'),(24, 50.162, '2026-03-13 07:54:35'),(24, 49.931, '2026-03-13 06:54:35'),(24, 50.344, '2026-03-13 05:54:35'),(24, 49.572, '2026-03-13 04:54:35'),(24, 50.208, '2026-03-13 03:54:35'),(24, 49.598, '2026-03-13 02:54:35'),(24, 50.338, '2026-03-13 01:54:35'),(24, 50.111, '2026-03-13 00:54:35'),(24, 49.842, '2026-03-12 23:54:35'),(24, 50.127, '2026-03-12 22:54:35'),(24, 50.388, '2026-03-12 21:54:35'),(24, 50.48, '2026-03-12 20:54:35'),(24, 49.687, '2026-03-12 19:54:35'),(24, 50.326, '2026-03-12 18:54:35'),(24, 50.243, '2026-03-12 17:54:35'),(24, 50.187, '2026-03-12 16:54:35'),(24, 50.081, '2026-03-12 15:54:35'),(24, 50.109, '2026-03-12 14:54:35'),(24, 50.071, '2026-03-12 13:54:35'),(24, 49.988, '2026-03-12 12:54:35'),(24, 49.835, '2026-03-12 11:54:35'),(24, 49.713, '2026-03-12 10:54:35'),(24, 49.76, '2026-03-12 09:54:35'),(24, 50.108, '2026-03-12 08:54:35'),(24, 49.72, '2026-03-12 07:54:35'),(24, 49.978, '2026-03-12 06:54:35'),(24, 50.107, '2026-03-12 05:54:35'),(24, 49.678, '2026-03-12 04:54:35'),(24, 49.645, '2026-03-12 03:54:35'),(24, 50.2, '2026-03-12 02:54:35'),(24, 49.812, '2026-03-12 01:54:35'),(24, 50.108, '2026-03-12 00:54:35'),(24, 49.954, '2026-03-11 23:54:35'),(24, 50.006, '2026-03-11 22:54:35'),(24, 49.993, '2026-03-11 21:54:35'),(24, 49.583, '2026-03-11 20:54:35'),(24, 49.581, '2026-03-11 19:54:35'),(24, 50.101, '2026-03-11 18:54:35'),(24, 49.854, '2026-03-11 17:54:35'),(24, 50.45, '2026-03-11 16:54:35'),(24, 49.578, '2026-03-11 15:54:35'),(24, 49.652, '2026-03-11 14:54:35'),(24, 49.831, '2026-03-11 13:54:35'),(24, 49.727, '2026-03-11 12:54:35'),(24, 49.86, '2026-03-11 11:54:35'),(24, 50.185, '2026-03-11 10:54:35'),(24, 50.497, '2026-03-11 09:54:35'),(24, 49.542, '2026-03-11 08:54:35'),(24, 49.592, '2026-03-11 07:54:35'),(24, 49.741, '2026-03-11 06:54:35'),(24, 49.744, '2026-03-11 05:54:35'),(24, 50.031, '2026-03-11 04:54:35'),(24, 50.204, '2026-03-11 03:54:35'),(24, 49.969, '2026-03-11 02:54:35'),(24, 49.599, '2026-03-11 01:54:35'),(24, 49.659, '2026-03-11 00:54:35'),(24, 50.338, '2026-03-10 23:54:35'),(24, 50.073, '2026-03-10 22:54:35'),(24, 50.218, '2026-03-10 21:54:35'),(24, 49.924, '2026-03-10 20:54:35'),(24, 50.315, '2026-03-10 19:54:35'),(24, 50.326, '2026-03-10 18:54:35'),(24, 49.551, '2026-03-10 17:54:35'),(24, 49.617, '2026-03-10 16:54:35'),(24, 49.979, '2026-03-10 15:54:35'),(24, 49.623, '2026-03-10 14:54:35'),(24, 49.813, '2026-03-10 13:54:35'),(24, 50.034, '2026-03-10 12:54:35'),(24, 49.81, '2026-03-10 11:54:35'),(24, 50.193, '2026-03-10 10:54:35'),(24, 49.869, '2026-03-10 09:54:35'),(24, 50.336, '2026-03-10 08:54:35'),(24, 50.32, '2026-03-10 07:54:35'),(24, 49.566, '2026-03-10 06:54:35'),(24, 50.371, '2026-03-10 05:54:35'),(24, 49.823, '2026-03-10 04:54:35'),(24, 50.053, '2026-03-10 03:54:35'),(24, 49.622, '2026-03-10 02:54:35'),(24, 50.123, '2026-03-10 01:54:35'),(24, 49.637, '2026-03-10 00:54:35'),(24, 50.434, '2026-03-09 23:54:35'),(24, 50.446, '2026-03-09 22:54:35'),(24, 49.586, '2026-03-09 21:54:35'),(24, 50.088, '2026-03-09 20:54:35'),(24, 50.048, '2026-03-09 19:54:35'),(24, 49.875, '2026-03-09 18:54:35'),(24, 50.474, '2026-03-09 17:54:35'),(24, 49.804, '2026-03-09 16:54:35'),(24, 50.387, '2026-03-09 15:54:35'),(24, 49.967, '2026-03-09 14:54:35'),(24, 49.812, '2026-03-09 13:54:35'),(24, 50.399, '2026-03-09 12:54:35'),(24, 49.526, '2026-03-09 11:54:35'),(24, 50.269, '2026-03-09 10:54:35'),(24, 50.282, '2026-03-09 09:54:35'),(24, 50.012, '2026-03-09 08:54:35'),(24, 49.737, '2026-03-09 07:54:35'),(24, 49.841, '2026-03-09 06:54:35'),(24, 50.37, '2026-03-09 05:54:35'),(24, 49.998, '2026-03-09 04:54:35'),(24, 49.524, '2026-03-09 03:54:35'),(24, 49.665, '2026-03-09 02:54:35'),(24, 50.183, '2026-03-09 01:54:35'),(24, 49.85, '2026-03-09 00:54:35'),(24, 49.825, '2026-03-08 23:54:35'),(24, 50.102, '2026-03-08 22:54:35'),(24, 49.911, '2026-03-08 21:54:35'),(24, 50.292, '2026-03-08 20:54:35'),(24, 49.872, '2026-03-08 19:54:35'),(24, 50.313, '2026-03-08 18:54:35'),(24, 50.051, '2026-03-08 17:54:35'),(24, 50.467, '2026-03-08 16:54:35'),(24, 50.28, '2026-03-08 15:54:35'),(24, 50.147, '2026-03-08 14:54:35'),(24, 49.762, '2026-03-08 13:54:35'),(24, 49.887, '2026-03-08 12:54:35'),(24, 49.754, '2026-03-08 11:54:35'),(24, 24.956, '2026-03-08 10:54:35'),(24, 49.656, '2026-03-08 09:54:35'),(24, 50.067, '2026-03-08 08:54:35'),(24, 49.968, '2026-03-08 07:54:35'),(24, 49.734, '2026-03-08 06:54:35'),(24, 49.526, '2026-03-08 05:54:35'),(24, 49.979, '2026-03-08 04:54:35'),(24, 50.367, '2026-03-08 03:54:35'),(24, 49.82, '2026-03-08 02:54:35'),(24, 50.395, '2026-03-08 01:54:35'),(24, 50.409, '2026-03-08 00:54:35'),(24, 49.611, '2026-03-07 23:54:35'),(24, 50.063, '2026-03-07 22:54:35'),(24, 49.789, '2026-03-07 21:54:35'),(24, 50.081, '2026-03-07 20:54:35'),(24, 50.438, '2026-03-07 19:54:35'),(24, 50.468, '2026-03-07 18:54:35'),(24, 50.485, '2026-03-07 17:54:35'),(24, 50.337, '2026-03-07 16:54:35'),(24, 50.353, '2026-03-07 15:54:35'),(24, 49.873, '2026-03-07 14:54:35'),(24, 50.21, '2026-03-07 13:54:35'),(24, 50.184, '2026-03-07 12:54:35'),(24, 49.819, '2026-03-07 11:54:35'),(24, 49.664, '2026-03-07 10:54:35'),(24, 50.336, '2026-03-07 09:54:35'),(24, 49.889, '2026-03-07 08:54:35'),(24, 49.866, '2026-03-07 07:54:35'),(24, 50.125, '2026-03-07 06:54:35'),(24, 49.692, '2026-03-07 05:54:35'),(24, 49.994, '2026-03-07 04:54:35'),(24, 50.178, '2026-03-07 03:54:35'),(24, 50.474, '2026-03-07 02:54:35'),(24, 50.078, '2026-03-07 01:54:35'),(24, 50.282, '2026-03-07 00:54:35'),(24, 49.918, '2026-03-06 23:54:35'),(24, 50.065, '2026-03-06 22:54:35'),(24, 49.923, '2026-03-06 21:54:35'),(24, 49.683, '2026-03-06 20:54:35'),(24, 49.789, '2026-03-06 19:54:35'),(24, 49.748, '2026-03-06 18:54:35'),(24, 49.783, '2026-03-06 17:54:35'),(24, 50.354, '2026-03-06 16:54:35'),(24, 50.155, '2026-03-06 15:54:35'),(24, 50.144, '2026-03-06 14:54:35'),(24, 49.847, '2026-03-06 13:54:35'),(24, 50.241, '2026-03-06 12:54:35'),(24, 50.22, '2026-03-06 11:54:35'),(24, 50.382, '2026-03-06 10:54:35'),(24, 50.15, '2026-03-06 09:54:35'),(24, 49.67, '2026-03-06 08:54:35'),(24, 50.382, '2026-03-06 07:54:35'),(24, 49.832, '2026-03-06 06:54:35'),(24, 50.072, '2026-03-06 05:54:35'),(24, 49.964, '2026-03-06 04:54:35'),(24, 50.244, '2026-03-06 03:54:35'),(24, 49.786, '2026-03-06 02:54:35'),(24, 49.589, '2026-03-06 01:54:35'),(24, 50.14, '2026-03-06 00:54:35'),(24, 50.394, '2026-03-05 23:54:35'),(24, 50.459, '2026-03-05 22:54:35'),(24, 50.168, '2026-03-05 21:54:35'),(24, 49.884, '2026-03-05 20:54:35'),(24, 49.916, '2026-03-05 19:54:35'),(24, 49.925, '2026-03-05 18:54:35'),(24, 50.499, '2026-03-05 17:54:35'),(24, 50.182, '2026-03-05 16:54:35'),(24, 50.223, '2026-03-05 15:54:35'),(24, 50.323, '2026-03-05 14:54:35'),(24, 49.818, '2026-03-05 13:54:35'),(24, 49.558, '2026-03-05 12:54:35'),(24, 49.875, '2026-03-05 11:54:35'),(24, 49.589, '2026-03-05 10:54:35'),(24, 50.327, '2026-03-05 09:54:35'),(24, 49.719, '2026-03-05 08:54:35'),(24, 50.051, '2026-03-05 07:54:35'),(24, 49.796, '2026-03-05 06:54:35'),(24, 50.412, '2026-03-05 05:54:35'),(24, 50.43, '2026-03-05 04:54:35'),(24, 49.553, '2026-03-05 03:54:35'),(24, 50.088, '2026-03-05 02:54:35'),(24, 50.484, '2026-03-05 01:54:35'),(24, 50.126, '2026-03-05 00:54:35'),(24, 50.374, '2026-03-04 23:54:35'),(24, 50.126, '2026-03-04 22:54:35'),(24, 49.781, '2026-03-04 21:54:35'),(24, 49.949, '2026-03-04 20:54:35'),(24, 49.993, '2026-03-04 19:54:35'),(24, 49.797, '2026-03-04 18:54:35'),(24, 49.941, '2026-03-04 17:54:35'),(24, 49.843, '2026-03-04 16:54:35'),(24, 50.341, '2026-03-04 15:54:35'),(24, 50.316, '2026-03-04 14:54:35'),(24, 49.837, '2026-03-04 13:54:35'),(24, 49.664, '2026-03-04 12:54:35'),(24, 49.807, '2026-03-04 11:54:35'),(24, 49.908, '2026-03-04 10:54:35'),(24, 49.523, '2026-03-04 09:54:35'),(24, 50.308, '2026-03-04 08:54:35'),(24, 49.86, '2026-03-04 07:54:35'),(24, 49.759, '2026-03-04 06:54:35'),(24, 49.783, '2026-03-04 05:54:35'),(24, 49.806, '2026-03-04 04:54:35'),(24, 50.252, '2026-03-04 03:54:35'),(24, 50.475, '2026-03-04 02:54:35'),(24, 49.984, '2026-03-04 01:54:35'),(24, 49.648, '2026-03-04 00:54:35'),(24, 49.507, '2026-03-03 23:54:35'),(24, 49.973, '2026-03-03 22:54:35'),(24, 50.103, '2026-03-03 21:54:35'),(24, 50.11, '2026-03-03 20:54:35'),(24, 49.611, '2026-03-03 19:54:35'),(24, 49.588, '2026-03-03 18:54:35'),(24, 49.576, '2026-03-03 17:54:35'),(24, 50.218, '2026-03-03 16:54:35'),(24, 49.739, '2026-03-03 15:54:35'),(24, 49.818, '2026-03-03 14:54:35'),(24, 50.168, '2026-03-03 13:54:35'),(24, 49.616, '2026-03-03 12:54:35'),(24, 50.12, '2026-03-03 11:54:35'),(24, 49.76, '2026-03-03 10:54:35'),(24, 50.276, '2026-03-03 09:54:35'),(24, 50.056, '2026-03-03 08:54:35'),(24, 50.137, '2026-03-03 07:54:35'),(24, 50.476, '2026-03-03 06:54:35'),(24, 50.479, '2026-03-03 05:54:35'),(24, 50.046, '2026-03-03 04:54:35'),(24, 49.673, '2026-03-03 03:54:35'),(24, 49.502, '2026-03-03 02:54:35'),(24, 50.253, '2026-03-03 01:54:35'),(24, 50.305, '2026-03-03 00:54:35'),(24, 50.449, '2026-03-02 23:54:35'),(24, 50.072, '2026-03-02 22:54:35'),(24, 50.05, '2026-03-02 21:54:35'),(24, 49.928, '2026-03-02 20:54:35'),(24, 50.102, '2026-03-02 19:54:35'),(24, 49.978, '2026-03-02 18:54:35'),(24, 50.368, '2026-03-02 17:54:35'),(24, 49.684, '2026-03-02 16:54:35'),(24, 49.703, '2026-03-02 15:54:35'),(24, 50.009, '2026-03-02 14:54:35'),(24, 50.117, '2026-03-02 13:54:35'),(24, 50.476, '2026-03-02 12:54:35'),(24, 50.194, '2026-03-02 11:54:35'),(24, 50.32, '2026-03-02 10:54:35'),(24, 49.721, '2026-03-02 09:54:35'),(24, 50.332, '2026-03-02 08:54:35'),(24, 50.396, '2026-03-02 07:54:35'),(24, 50.352, '2026-03-02 06:54:35'),(24, 50.134, '2026-03-02 05:54:35'),(24, 50.185, '2026-03-02 04:54:35'),(24, 49.932, '2026-03-02 03:54:35'),(24, 49.652, '2026-03-02 02:54:35'),(24, 50.171, '2026-03-02 01:54:35'),(24, 49.52, '2026-03-02 00:54:35'),(24, 49.705, '2026-03-01 23:54:35'),(24, 49.982, '2026-03-01 22:54:35'),(24, 50.1, '2026-03-01 21:54:35'),(24, 49.507, '2026-03-01 20:54:35'),(24, 49.844, '2026-03-01 19:54:35'),(24, 49.53, '2026-03-01 18:54:35'),(24, 50.098, '2026-03-01 17:54:35'),(24, 49.598, '2026-03-01 16:54:35'),(24, 49.771, '2026-03-01 15:54:35'),(24, 50.499, '2026-03-01 14:54:35'),(24, 50.262, '2026-03-01 13:54:35');
INSERT INTO mining_sensors (id, type_id, name, lat, lng, status, current_value) VALUES (25, 9, 'Partículas PM10 01', -17.241723043582134, -70.6095062698083, 'active', 50.0);
INSERT INTO mining_sensor_history (sensor_id, value, timestamp) VALUES (25, 55.171, '2026-03-16 12:54:35'),(25, 55.755, '2026-03-16 11:54:35'),(25, 54.143, '2026-03-16 10:54:35'),(25, 52.566, '2026-03-16 09:54:35'),(25, 52.574, '2026-03-16 08:54:35'),(25, 50.197, '2026-03-16 07:54:35'),(25, 49.976, '2026-03-16 06:54:35'),(25, 49.464, '2026-03-16 05:54:35'),(25, 48.655, '2026-03-16 04:54:35'),(25, 46.866, '2026-03-16 03:54:35'),(25, 46.197, '2026-03-16 02:54:35'),(25, 43.994, '2026-03-16 01:54:35'),(25, 44.236, '2026-03-16 00:54:35'),(25, 46.418, '2026-03-15 23:54:35'),(25, 44.464, '2026-03-15 22:54:35'),(25, 45.291, '2026-03-15 21:54:35'),(25, 47.102, '2026-03-15 20:54:35'),(25, 47.999, '2026-03-15 19:54:35'),(25, 49.685, '2026-03-15 18:54:35'),(25, 52.221, '2026-03-15 17:54:35'),(25, 52.468, '2026-03-15 16:54:35'),(25, 54.212, '2026-03-15 15:54:35'),(25, 53.851, '2026-03-15 14:54:35'),(25, 53.622, '2026-03-15 13:54:35'),(25, 54.246, '2026-03-15 12:54:35'),(25, 54.062, '2026-03-15 11:54:35'),(25, 55.254, '2026-03-15 10:54:35'),(25, 53.433, '2026-03-15 09:54:35'),(25, 52.453, '2026-03-15 08:54:35'),(25, 52.196, '2026-03-15 07:54:35'),(25, 51.176, '2026-03-15 06:54:35'),(25, 49.534, '2026-03-15 05:54:35'),(25, 47.186, '2026-03-15 04:54:35'),(25, 45.827, '2026-03-15 03:54:35'),(25, 44.513, '2026-03-15 02:54:35'),(25, 44.448, '2026-03-15 01:54:35'),(25, 44.302, '2026-03-15 00:54:35'),(25, 45.927, '2026-03-14 23:54:35'),(25, 45.943, '2026-03-14 22:54:35'),(25, 46.352, '2026-03-14 21:54:35'),(25, 47.815, '2026-03-14 20:54:35'),(25, 49.553, '2026-03-14 19:54:35'),(25, 50.076, '2026-03-14 18:54:35'),(25, 51.045, '2026-03-14 17:54:35'),(25, 51.269, '2026-03-14 16:54:35'),(25, 52.552, '2026-03-14 15:54:35'),(25, 55.073, '2026-03-14 14:54:35'),(25, 54.072, '2026-03-14 13:54:35'),(25, 55.772, '2026-03-14 12:54:35'),(25, 54.945, '2026-03-14 11:54:35'),(25, 54.45, '2026-03-14 10:54:35'),(25, 52.938, '2026-03-14 09:54:35'),(25, 52.865, '2026-03-14 08:54:35'),(25, 50.943, '2026-03-14 07:54:35'),(25, 48.768, '2026-03-14 06:54:35'),(25, 48.1, '2026-03-14 05:54:35'),(25, 47.984, '2026-03-14 04:54:35'),(25, 45.933, '2026-03-14 03:54:35'),(25, 46.578, '2026-03-14 02:54:35'),(25, 45.438, '2026-03-14 01:54:35'),(25, 44.163, '2026-03-14 00:54:35'),(25, 44.129, '2026-03-13 23:54:35'),(25, 44.829, '2026-03-13 22:54:35'),(25, 45.735, '2026-03-13 21:54:35'),(25, 46.663, '2026-03-13 20:54:35'),(25, 47.592, '2026-03-13 19:54:35'),(25, 50.304, '2026-03-13 18:54:35'),(25, 52.063, '2026-03-13 17:54:35'),(25, 52.322, '2026-03-13 16:54:35'),(25, 52.863, '2026-03-13 15:54:35'),(25, 53.207, '2026-03-13 14:54:35'),(25, 55.06, '2026-03-13 13:54:35'),(25, 55.52, '2026-03-13 12:54:35'),(25, 54.087, '2026-03-13 11:54:35'),(25, 53.982, '2026-03-13 10:54:35'),(25, 52.723, '2026-03-13 09:54:35'),(25, 51.572, '2026-03-13 08:54:35'),(25, 50.225, '2026-03-13 07:54:35'),(25, 50.996, '2026-03-13 06:54:35'),(25, 47.994, '2026-03-13 05:54:35'),(25, 47.086, '2026-03-13 04:54:35'),(25, 47.142, '2026-03-13 03:54:35'),(25, 45.633, '2026-03-13 02:54:35'),(25, 44.801, '2026-03-13 01:54:35'),(25, 45.504, '2026-03-13 00:54:35'),(25, 44.324, '2026-03-12 23:54:35'),(25, 45.383, '2026-03-12 22:54:35'),(25, 47.074, '2026-03-12 21:54:35'),(25, 47.013, '2026-03-12 20:54:35'),(25, 47.869, '2026-03-12 19:54:35'),(25, 50.728, '2026-03-12 18:54:35'),(25, 51.495, '2026-03-12 17:54:35'),(25, 53.718, '2026-03-12 16:54:35'),(25, 53.09, '2026-03-12 15:54:35'),(25, 53.684, '2026-03-12 14:54:35'),(25, 55.013, '2026-03-12 13:54:35'),(25, 55.526, '2026-03-12 12:54:35'),(25, 55.746, '2026-03-12 11:54:35'),(25, 55.203, '2026-03-12 10:54:35'),(25, 54.383, '2026-03-12 09:54:35'),(25, 52.29, '2026-03-12 08:54:35'),(25, 50.758, '2026-03-12 07:54:35'),(25, 50.187, '2026-03-12 06:54:35'),(25, 49.212, '2026-03-12 05:54:35'),(25, 47.99, '2026-03-12 04:54:35'),(25, 46.15, '2026-03-12 03:54:35'),(25, 45.87, '2026-03-12 02:54:35'),(25, 43.971, '2026-03-12 01:54:35'),(25, 45.416, '2026-03-12 00:54:35'),(25, 44.111, '2026-03-11 23:54:35'),(25, 46.259, '2026-03-11 22:54:35'),(25, 46.352, '2026-03-11 21:54:35'),(25, 47.182, '2026-03-11 20:54:35'),(25, 47.671, '2026-03-11 19:54:35'),(25, 48.856, '2026-03-11 18:54:35'),(25, 51.362, '2026-03-11 17:54:35'),(25, 52.192, '2026-03-11 16:54:35'),(25, 53.776, '2026-03-11 15:54:35'),(25, 53.219, '2026-03-11 14:54:35'),(25, 54.187, '2026-03-11 13:54:35'),(25, 55.956, '2026-03-11 12:54:35'),(25, 55.603, '2026-03-11 11:54:35'),(25, 54.675, '2026-03-11 10:54:35'),(25, 53.141, '2026-03-11 09:54:35'),(25, 52.394, '2026-03-11 08:54:35'),(25, 52.062, '2026-03-11 07:54:35'),(25, 50.704, '2026-03-11 06:54:35'),(25, 48.523, '2026-03-11 05:54:35'),(25, 47.483, '2026-03-11 04:54:35'),(25, 45.799, '2026-03-11 03:54:35'),(25, 45.261, '2026-03-11 02:54:35'),(25, 44.72, '2026-03-11 01:54:35'),(25, 44.65, '2026-03-11 00:54:35'),(25, 46.318, '2026-03-10 23:54:35'),(25, 46.874, '2026-03-10 22:54:35'),(25, 45.61, '2026-03-10 21:54:35'),(25, 47.221, '2026-03-10 20:54:35'),(25, 48.559, '2026-03-10 19:54:35'),(25, 49.201, '2026-03-10 18:54:35'),(25, 51.689, '2026-03-10 17:54:35'),(25, 53.129, '2026-03-10 16:54:35'),(25, 54.439, '2026-03-10 15:54:35'),(25, 54.447, '2026-03-10 14:54:35'),(25, 54.085, '2026-03-10 13:54:35'),(25, 54.314, '2026-03-10 12:54:35'),(25, 55.5, '2026-03-10 11:54:35'),(25, 53.591, '2026-03-10 10:54:35'),(25, 52.965, '2026-03-10 09:54:35'),(25, 51.872, '2026-03-10 08:54:35'),(25, 52.004, '2026-03-10 07:54:35'),(25, 50.426, '2026-03-10 06:54:35'),(25, 47.553, '2026-03-10 05:54:35'),(25, 48.012, '2026-03-10 04:54:35'),(25, 46.349, '2026-03-10 03:54:35'),(25, 46.29, '2026-03-10 02:54:35'),(25, 45.62, '2026-03-10 01:54:35'),(25, 45.353, '2026-03-10 00:54:35'),(25, 46.264, '2026-03-09 23:54:35'),(25, 44.666, '2026-03-09 22:54:35'),(25, 46.323, '2026-03-09 21:54:35'),(25, 48.444, '2026-03-09 20:54:35'),(25, 48.744, '2026-03-09 19:54:35'),(25, 50.418, '2026-03-09 18:54:35'),(25, 52.53, '2026-03-09 17:54:35'),(25, 52.82, '2026-03-09 16:54:35'),(25, 52.517, '2026-03-09 15:54:35'),(25, 54.858, '2026-03-09 14:54:35'),(25, 55.37, '2026-03-09 13:54:35'),(25, 54.164, '2026-03-09 12:54:35'),(25, 53.716, '2026-03-09 11:54:35'),(25, 54.908, '2026-03-09 10:54:35'),(25, 54.552, '2026-03-09 09:54:35'),(25, 52.009, '2026-03-09 08:54:35'),(25, 52.108, '2026-03-09 07:54:35'),(25, 50.12, '2026-03-09 06:54:35'),(25, 47.767, '2026-03-09 05:54:35'),(25, 47.695, '2026-03-09 04:54:35'),(25, 47.714, '2026-03-09 03:54:35'),(25, 45.892, '2026-03-09 02:54:35'),(25, 44.033, '2026-03-09 01:54:35'),(25, 44.748, '2026-03-09 00:54:35'),(25, 44.647, '2026-03-08 23:54:35'),(25, 44.784, '2026-03-08 22:54:35'),(25, 45.507, '2026-03-08 21:54:35'),(25, 47.38, '2026-03-08 20:54:35'),(25, 47.804, '2026-03-08 19:54:35'),(25, 50.188, '2026-03-08 18:54:35'),(25, 51.023, '2026-03-08 17:54:35'),(25, 52.592, '2026-03-08 16:54:35'),(25, 53.49, '2026-03-08 15:54:35'),(25, 53.768, '2026-03-08 14:54:35'),(25, 53.74, '2026-03-08 13:54:35'),(25, 56.125, '2026-03-08 12:54:35'),(25, 55.038, '2026-03-08 11:54:35'),(25, 55.199, '2026-03-08 10:54:35'),(25, 53.383, '2026-03-08 09:54:35'),(25, 51.56, '2026-03-08 08:54:35'),(25, 51.329, '2026-03-08 07:54:35'),(25, 50.047, '2026-03-08 06:54:35'),(25, 49.891, '2026-03-08 05:54:35'),(25, 47.69, '2026-03-08 04:54:35'),(25, 46.569, '2026-03-08 03:54:35'),(25, 46.665, '2026-03-08 02:54:35'),(25, 45.49, '2026-03-08 01:54:35'),(25, 44.08, '2026-03-08 00:54:35'),(25, 46.392, '2026-03-07 23:54:35'),(25, 44.753, '2026-03-07 22:54:35'),(25, 46.675, '2026-03-07 21:54:35'),(25, 47.595, '2026-03-07 20:54:35'),(25, 49.566, '2026-03-07 19:54:35'),(25, 50.977, '2026-03-07 18:54:35'),(25, 50.854, '2026-03-07 17:54:35'),(25, 52.466, '2026-03-07 16:54:35'),(25, 53.162, '2026-03-07 15:54:35'),(25, 54.117, '2026-03-07 14:54:35'),(25, 54.492, '2026-03-07 13:54:35'),(25, 54.721, '2026-03-07 12:54:35'),(25, 55.247, '2026-03-07 11:54:35'),(25, 53.289, '2026-03-07 10:54:35'),(25, 54.582, '2026-03-07 09:54:35'),(25, 51.477, '2026-03-07 08:54:35'),(25, 50.172, '2026-03-07 07:54:35'),(25, 48.817, '2026-03-07 06:54:35'),(25, 49.339, '2026-03-07 05:54:35'),(25, 46.479, '2026-03-07 04:54:35'),(25, 46.946, '2026-03-07 03:54:35'),(25, 46.099, '2026-03-07 02:54:35'),(25, 45.758, '2026-03-07 01:54:35'),(25, 45.183, '2026-03-07 00:54:35'),(25, 44.423, '2026-03-06 23:54:35'),(25, 45.992, '2026-03-06 22:54:35'),(25, 47.604, '2026-03-06 21:54:35'),(25, 46.658, '2026-03-06 20:54:35'),(25, 49.838, '2026-03-06 19:54:35'),(25, 51.071, '2026-03-06 18:54:35'),(25, 50.775, '2026-03-06 17:54:35'),(25, 51.408, '2026-03-06 16:54:35'),(25, 54.583, '2026-03-06 15:54:35'),(25, 54.129, '2026-03-06 14:54:35'),(25, 55.107, '2026-03-06 13:54:35'),(25, 56.222, '2026-03-06 12:54:35'),(25, 55.087, '2026-03-06 11:54:35'),(25, 54.064, '2026-03-06 10:54:35'),(25, 53.406, '2026-03-06 09:54:35'),(25, 51.457, '2026-03-06 08:54:35'),(25, 50.411, '2026-03-06 07:54:35'),(25, 48.994, '2026-03-06 06:54:35'),(25, 49.857, '2026-03-06 05:54:35'),(25, 47.714, '2026-03-06 04:54:35'),(25, 47.122, '2026-03-06 03:54:35'),(25, 46.877, '2026-03-06 02:54:35'),(25, 44.729, '2026-03-06 01:54:35'),(25, 44.562, '2026-03-06 00:54:35'),(25, 45.03, '2026-03-05 23:54:35'),(25, 45.247, '2026-03-05 22:54:35'),(25, 46.929, '2026-03-05 21:54:35'),(25, 48.099, '2026-03-05 20:54:35'),(25, 47.464, '2026-03-05 19:54:35'),(25, 50.588, '2026-03-05 18:54:35'),(25, 50.873, '2026-03-05 17:54:35'),(25, 52.581, '2026-03-05 16:54:35'),(25, 54.237, '2026-03-05 15:54:35'),(25, 53.154, '2026-03-05 14:54:35'),(25, 54.078, '2026-03-05 13:54:35'),(25, 55.244, '2026-03-05 12:54:35'),(25, 55.309, '2026-03-05 11:54:35'),(25, 54.02, '2026-03-05 10:54:35'),(25, 54.647, '2026-03-05 09:54:35'),(25, 51.324, '2026-03-05 08:54:35'),(25, 51.138, '2026-03-05 07:54:35'),(25, 50.97, '2026-03-05 06:54:35'),(25, 49.06, '2026-03-05 05:54:35'),(25, 47.093, '2026-03-05 04:54:35'),(25, 45.348, '2026-03-05 03:54:35'),(25, 45.542, '2026-03-05 02:54:35'),(25, 44.239, '2026-03-05 01:54:35'),(25, 45.83, '2026-03-05 00:54:35'),(25, 45.191, '2026-03-04 23:54:35'),(25, 45.001, '2026-03-04 22:54:35'),(25, 46.494, '2026-03-04 21:54:35'),(25, 48.629, '2026-03-04 20:54:35'),(25, 49.16, '2026-03-04 19:54:35'),(25, 50.995, '2026-03-04 18:54:35'),(25, 50.801, '2026-03-04 17:54:35'),(25, 53.638, '2026-03-04 16:54:35'),(25, 53.937, '2026-03-04 15:54:35'),(25, 54.936, '2026-03-04 14:54:35'),(25, 56.054, '2026-03-04 13:54:35'),(25, 56.198, '2026-03-04 12:54:35'),(25, 53.586, '2026-03-04 11:54:35'),(25, 54.583, '2026-03-04 10:54:35'),(25, 52.952, '2026-03-04 09:54:35'),(25, 52.556, '2026-03-04 08:54:35'),(25, 51.269, '2026-03-04 07:54:35'),(25, 49.466, '2026-03-04 06:54:35'),(25, 47.926, '2026-03-04 05:54:35'),(25, 47.987, '2026-03-04 04:54:35'),(25, 46.296, '2026-03-04 03:54:35'),(25, 46.402, '2026-03-04 02:54:35'),(25, 46.11, '2026-03-04 01:54:35'),(25, 46.118, '2026-03-04 00:54:35'),(25, 45.594, '2026-03-03 23:54:35'),(25, 46.501, '2026-03-03 22:54:35'),(25, 47.603, '2026-03-03 21:54:35'),(25, 48.083, '2026-03-03 20:54:35'),(25, 48.837, '2026-03-03 19:54:35'),(25, 50.905, '2026-03-03 18:54:35'),(25, 50.775, '2026-03-03 17:54:35'),(25, 52.403, '2026-03-03 16:54:35'),(25, 54.091, '2026-03-03 15:54:35'),(25, 54.347, '2026-03-03 14:54:35'),(25, 55.122, '2026-03-03 13:54:35'),(25, 55.484, '2026-03-03 12:54:35'),(25, 53.591, '2026-03-03 11:54:35'),(25, 54.539, '2026-03-03 10:54:35'),(25, 53.133, '2026-03-03 09:54:35'),(25, 53.052, '2026-03-03 08:54:35'),(25, 51.813, '2026-03-03 07:54:35'),(25, 49.109, '2026-03-03 06:54:35'),(25, 49.795, '2026-03-03 05:54:35'),(25, 46.359, '2026-03-03 04:54:35'),(25, 47.378, '2026-03-03 03:54:35'),(25, 44.882, '2026-03-03 02:54:35'),(25, 43.979, '2026-03-03 01:54:35'),(25, 45.987, '2026-03-03 00:54:35'),(25, 46.076, '2026-03-02 23:54:35'),(25, 44.798, '2026-03-02 22:54:35'),(25, 47.276, '2026-03-02 21:54:35'),(25, 46.411, '2026-03-02 20:54:35'),(25, 48.831, '2026-03-02 19:54:35'),(25, 49.092, '2026-03-02 18:54:35'),(25, 50.727, '2026-03-02 17:54:35'),(25, 53.712, '2026-03-02 16:54:35'),(25, 54.403, '2026-03-02 15:54:35'),(25, 55.568, '2026-03-02 14:54:35'),(25, 54.569, '2026-03-02 13:54:35'),(25, 55.49, '2026-03-02 12:54:35'),(25, 56.016, '2026-03-02 11:54:35'),(25, 54.352, '2026-03-02 10:54:35'),(25, 53.912, '2026-03-02 09:54:35'),(25, 53.269, '2026-03-02 08:54:35'),(25, 50.33, '2026-03-02 07:54:35'),(25, 49.843, '2026-03-02 06:54:35'),(25, 47.983, '2026-03-02 05:54:35'),(25, 47.199, '2026-03-02 04:54:35'),(25, 47.118, '2026-03-02 03:54:35'),(25, 46.441, '2026-03-02 02:54:35'),(25, 44.359, '2026-03-02 01:54:35'),(25, 45.137, '2026-03-02 00:54:35'),(25, 44.546, '2026-03-01 23:54:35'),(25, 46.829, '2026-03-01 22:54:35'),(25, 46.341, '2026-03-01 21:54:35'),(25, 48.482, '2026-03-01 20:54:35'),(25, 49.88, '2026-03-01 19:54:35'),(25, 49.486, '2026-03-01 18:54:35'),(25, 51.963, '2026-03-01 17:54:35'),(25, 53.076, '2026-03-01 16:54:35'),(25, 52.324, '2026-03-01 15:54:35'),(25, 53.388, '2026-03-01 14:54:35'),(25, 55.611, '2026-03-01 13:54:35');
INSERT INTO mining_sensors (id, type_id, name, lat, lng, status, current_value) VALUES (26, 9, 'Partículas PM10 02', -17.241156702991212, -70.60975152249718, 'active', 50.0);
INSERT INTO mining_sensor_history (sensor_id, value, timestamp) VALUES (26, 53.801, '2026-03-16 12:54:35'),(26, 54.584, '2026-03-16 11:54:35'),(26, 54.02, '2026-03-16 10:54:35'),(26, 52.962, '2026-03-16 09:54:35'),(26, 52.568, '2026-03-16 08:54:35'),(26, 50.573, '2026-03-16 07:54:35'),(26, 50.777, '2026-03-16 06:54:35'),(26, 47.541, '2026-03-16 05:54:35'),(26, 47.916, '2026-03-16 04:54:35'),(26, 47.061, '2026-03-16 03:54:35'),(26, 46.536, '2026-03-16 02:54:35'),(26, 46.066, '2026-03-16 01:54:35'),(26, 45.758, '2026-03-16 00:54:35'),(26, 45.507, '2026-03-15 23:54:35'),(26, 45.921, '2026-03-15 22:54:35'),(26, 47.69, '2026-03-15 21:54:35'),(26, 46.565, '2026-03-15 20:54:35'),(26, 48.045, '2026-03-15 19:54:35'),(26, 51.169, '2026-03-15 18:54:35'),(26, 50.822, '2026-03-15 17:54:35'),(26, 51.525, '2026-03-15 16:54:35'),(26, 53.002, '2026-03-15 15:54:35'),(26, 54.262, '2026-03-15 14:54:35'),(26, 54.997, '2026-03-15 13:54:35'),(26, 54.651, '2026-03-15 12:54:35'),(26, 54.325, '2026-03-15 11:54:35'),(26, 54.736, '2026-03-15 10:54:35'),(26, 52.785, '2026-03-15 09:54:35'),(26, 52.586, '2026-03-15 08:54:35'),(26, 51.829, '2026-03-15 07:54:35'),(26, 50.655, '2026-03-15 06:54:35'),(26, 47.722, '2026-03-15 05:54:35'),(26, 48.032, '2026-03-15 04:54:35'),(26, 47.122, '2026-03-15 03:54:35'),(26, 44.485, '2026-03-15 02:54:35'),(26, 45.723, '2026-03-15 01:54:35'),(26, 45.712, '2026-03-15 00:54:35'),(26, 45.563, '2026-03-14 23:54:35'),(26, 46.839, '2026-03-14 22:54:35'),(26, 47.261, '2026-03-14 21:54:35'),(26, 48.033, '2026-03-14 20:54:35'),(26, 49.368, '2026-03-14 19:54:35'),(26, 51.174, '2026-03-14 18:54:35'),(26, 51.701, '2026-03-14 17:54:35'),(26, 51.538, '2026-03-14 16:54:35'),(26, 54.595, '2026-03-14 15:54:35'),(26, 53.51, '2026-03-14 14:54:35'),(26, 53.732, '2026-03-14 13:54:35'),(26, 54.166, '2026-03-14 12:54:35'),(26, 54.956, '2026-03-14 11:54:35'),(26, 55.113, '2026-03-14 10:54:35'),(26, 52.359, '2026-03-14 09:54:35'),(26, 52.242, '2026-03-14 08:54:35'),(26, 50.663, '2026-03-14 07:54:35'),(26, 49.646, '2026-03-14 06:54:35'),(26, 49.042, '2026-03-14 05:54:35'),(26, 47.26, '2026-03-14 04:54:35'),(26, 45.839, '2026-03-14 03:54:35'),(26, 46.645, '2026-03-14 02:54:35'),(26, 44.972, '2026-03-14 01:54:35'),(26, 45.664, '2026-03-14 00:54:35'),(26, 45.243, '2026-03-13 23:54:35'),(26, 45.691, '2026-03-13 22:54:35'),(26, 47.713, '2026-03-13 21:54:35'),(26, 46.426, '2026-03-13 20:54:35'),(26, 47.687, '2026-03-13 19:54:35'),(26, 50.31, '2026-03-13 18:54:35'),(26, 51.358, '2026-03-13 17:54:35'),(26, 51.487, '2026-03-13 16:54:35'),(26, 54.348, '2026-03-13 15:54:35'),(26, 55.169, '2026-03-13 14:54:35'),(26, 53.71, '2026-03-13 13:54:35'),(26, 56.009, '2026-03-13 12:54:35'),(26, 54.353, '2026-03-13 11:54:35'),(26, 54.114, '2026-03-13 10:54:35'),(26, 52.588, '2026-03-13 09:54:35'),(26, 51.556, '2026-03-13 08:54:35'),(26, 50.251, '2026-03-13 07:54:35'),(26, 50.265, '2026-03-13 06:54:35'),(26, 49.594, '2026-03-13 05:54:35'),(26, 47.471, '2026-03-13 04:54:35'),(26, 46.139, '2026-03-13 03:54:35'),(26, 44.531, '2026-03-13 02:54:35'),(26, 46.087, '2026-03-13 01:54:35'),(26, 44.94, '2026-03-13 00:54:35'),(26, 46.165, '2026-03-12 23:54:35'),(26, 46.685, '2026-03-12 22:54:35'),(26, 47.217, '2026-03-12 21:54:35'),(26, 47.07, '2026-03-12 20:54:35'),(26, 48.191, '2026-03-12 19:54:35'),(26, 49.416, '2026-03-12 18:54:35'),(26, 50.79, '2026-03-12 17:54:35'),(26, 53.216, '2026-03-12 16:54:35'),(26, 27.226, '2026-03-12 15:54:35'),(26, 55.094, '2026-03-12 14:54:35'),(26, 55.234, '2026-03-12 13:54:35'),(26, 54.911, '2026-03-12 12:54:35'),(26, 55.682, '2026-03-12 11:54:35'),(26, 53.903, '2026-03-12 10:54:35'),(26, 52.481, '2026-03-12 09:54:35'),(26, 52.621, '2026-03-12 08:54:35'),(26, 51.91, '2026-03-12 07:54:35'),(26, 50.452, '2026-03-12 06:54:35'),(26, 48.834, '2026-03-12 05:54:35'),(26, 48.004, '2026-03-12 04:54:35'),(26, 47.035, '2026-03-12 03:54:35'),(26, 45.882, '2026-03-12 02:54:35'),(26, 45.35, '2026-03-12 01:54:35'),(26, 46.111, '2026-03-12 00:54:35'),(26, 46.378, '2026-03-11 23:54:35'),(26, 45.476, '2026-03-11 22:54:35'),(26, 47.071, '2026-03-11 21:54:35'),(26, 48.477, '2026-03-11 20:54:35'),(26, 47.626, '2026-03-11 19:54:35'),(26, 51.126, '2026-03-11 18:54:35'),(26, 52.255, '2026-03-11 17:54:35'),(26, 53.013, '2026-03-11 16:54:35'),(26, 54.251, '2026-03-11 15:54:35'),(26, 54.906, '2026-03-11 14:54:35'),(26, 55.573, '2026-03-11 13:54:35'),(26, 55.334, '2026-03-11 12:54:35'),(26, 54.145, '2026-03-11 11:54:35'),(26, 54.005, '2026-03-11 10:54:35'),(26, 53.383, '2026-03-11 09:54:35'),(26, 51.366, '2026-03-11 08:54:35'),(26, 51.359, '2026-03-11 07:54:35'),(26, 49.811, '2026-03-11 06:54:35'),(26, 48.175, '2026-03-11 05:54:35'),(26, 47.745, '2026-03-11 04:54:35'),(26, 47.304, '2026-03-11 03:54:35'),(26, 46.361, '2026-03-11 02:54:35'),(26, 45.108, '2026-03-11 01:54:35'),(26, 45.36, '2026-03-11 00:54:35'),(26, 45.753, '2026-03-10 23:54:35'),(26, 44.909, '2026-03-10 22:54:35'),(26, 45.281, '2026-03-10 21:54:35'),(26, 47.2, '2026-03-10 20:54:35'),(26, 48.937, '2026-03-10 19:54:35'),(26, 51.237, '2026-03-10 18:54:35'),(26, 50.219, '2026-03-10 17:54:35'),(26, 52.736, '2026-03-10 16:54:35'),(26, 54.444, '2026-03-10 15:54:35'),(26, 54.674, '2026-03-10 14:54:35'),(26, 54.382, '2026-03-10 13:54:35'),(26, 54.313, '2026-03-10 12:54:35'),(26, 54.665, '2026-03-10 11:54:35'),(26, 54.048, '2026-03-10 10:54:35'),(26, 53.796, '2026-03-10 09:54:35'),(26, 53.603, '2026-03-10 08:54:35'),(26, 51.694, '2026-03-10 07:54:35'),(26, 49.662, '2026-03-10 06:54:35'),(26, 47.942, '2026-03-10 05:54:35'),(26, 46.732, '2026-03-10 04:54:35'),(26, 45.336, '2026-03-10 03:54:35'),(26, 44.731, '2026-03-10 02:54:35'),(26, 45.839, '2026-03-10 01:54:35'),(26, 46.207, '2026-03-10 00:54:35'),(26, 43.95, '2026-03-09 23:54:35'),(26, 46.134, '2026-03-09 22:54:35'),(26, 47.041, '2026-03-09 21:54:35'),(26, 46.404, '2026-03-09 20:54:35'),(26, 48.348, '2026-03-09 19:54:35'),(26, 51.104, '2026-03-09 18:54:35'),(26, 51.903, '2026-03-09 17:54:35'),(26, 53.512, '2026-03-09 16:54:35'),(26, 52.775, '2026-03-09 15:54:35'),(26, 53.96, '2026-03-09 14:54:35'),(26, 54.243, '2026-03-09 13:54:35'),(26, 55.861, '2026-03-09 12:54:35'),(26, 53.626, '2026-03-09 11:54:35'),(26, 55.337, '2026-03-09 10:54:35'),(26, 52.487, '2026-03-09 09:54:35'),(26, 51.304, '2026-03-09 08:54:35'),(26, 52.252, '2026-03-09 07:54:35'),(26, 51.153, '2026-03-09 06:54:35'),(26, 49.231, '2026-03-09 05:54:35'),(26, 46.281, '2026-03-09 04:54:35'),(26, 46.497, '2026-03-09 03:54:35'),(26, 44.565, '2026-03-09 02:54:35'),(26, 45.405, '2026-03-09 01:54:35'),(26, 44.103, '2026-03-09 00:54:35'),(26, 45.055, '2026-03-08 23:54:35'),(26, 45.201, '2026-03-08 22:54:35'),(26, 45.26, '2026-03-08 21:54:35'),(26, 47.004, '2026-03-08 20:54:35'),(26, 48.907, '2026-03-08 19:54:35'),(26, 49.544, '2026-03-08 18:54:35'),(26, 50.979, '2026-03-08 17:54:35'),(26, 51.598, '2026-03-08 16:54:35'),(26, 53.546, '2026-03-08 15:54:35'),(26, 54.621, '2026-03-08 14:54:35'),(26, 54.665, '2026-03-08 13:54:35'),(26, 54.575, '2026-03-08 12:54:35'),(26, 54.7, '2026-03-08 11:54:35'),(26, 54.059, '2026-03-08 10:54:35'),(26, 54.512, '2026-03-08 09:54:35'),(26, 51.315, '2026-03-08 08:54:35'),(26, 51.372, '2026-03-08 07:54:35'),(26, 50.707, '2026-03-08 06:54:35'),(26, 47.819, '2026-03-08 05:54:35'),(26, 46.978, '2026-03-08 04:54:35'),(26, 46.285, '2026-03-08 03:54:35'),(26, 46.506, '2026-03-08 02:54:35'),(26, 44.786, '2026-03-08 01:54:35'),(26, 46.238, '2026-03-08 00:54:35'),(26, 45.77, '2026-03-07 23:54:35'),(26, 44.621, '2026-03-07 22:54:35'),(26, 47.03, '2026-03-07 21:54:35'),(26, 46.386, '2026-03-07 20:54:35'),(26, 49.66, '2026-03-07 19:54:35'),(26, 50.581, '2026-03-07 18:54:35'),(26, 52.24, '2026-03-07 17:54:35'),(26, 52.248, '2026-03-07 16:54:35'),(26, 52.629, '2026-03-07 15:54:35'),(26, 53.859, '2026-03-07 14:54:35'),(26, 55.936, '2026-03-07 13:54:35'),(26, 55.588, '2026-03-07 12:54:35'),(26, 55.965, '2026-03-07 11:54:35'),(26, 53.093, '2026-03-07 10:54:35'),(26, 53.334, '2026-03-07 09:54:35'),(26, 51.775, '2026-03-07 08:54:35'),(26, 51.51, '2026-03-07 07:54:35'),(26, 49.684, '2026-03-07 06:54:35'),(26, 49.922, '2026-03-07 05:54:35'),(26, 48.25, '2026-03-07 04:54:35'),(26, 46.074, '2026-03-07 03:54:35'),(26, 45.925, '2026-03-07 02:54:35'),(26, 45.956, '2026-03-07 01:54:35'),(26, 43.928, '2026-03-07 00:54:35'),(26, 22.693, '2026-03-06 23:54:35'),(26, 44.813, '2026-03-06 22:54:35'),(26, 45.217, '2026-03-06 21:54:35'),(26, 48.707, '2026-03-06 20:54:35'),(26, 48.77, '2026-03-06 19:54:35'),(26, 49.619, '2026-03-06 18:54:35'),(26, 51.683, '2026-03-06 17:54:35'),(26, 51.381, '2026-03-06 16:54:35'),(26, 54.608, '2026-03-06 15:54:35'),(26, 55.185, '2026-03-06 14:54:35'),(26, 55.472, '2026-03-06 13:54:35'),(26, 54.746, '2026-03-06 12:54:35'),(26, 54.365, '2026-03-06 11:54:35'),(26, 54.026, '2026-03-06 10:54:35'),(26, 53.529, '2026-03-06 09:54:35'),(26, 53.535, '2026-03-06 08:54:35'),(26, 51.083, '2026-03-06 07:54:35'),(26, 49.923, '2026-03-06 06:54:35'),(26, 48.856, '2026-03-06 05:54:35'),(26, 48.173, '2026-03-06 04:54:35'),(26, 46.238, '2026-03-06 03:54:35'),(26, 45.907, '2026-03-06 02:54:35'),(26, 44.543, '2026-03-06 01:54:35'),(26, 46.112, '2026-03-06 00:54:35'),(26, 46.335, '2026-03-05 23:54:35'),(26, 46.688, '2026-03-05 22:54:35'),(26, 45.773, '2026-03-05 21:54:35'),(26, 48.417, '2026-03-05 20:54:35'),(26, 48.302, '2026-03-05 19:54:35'),(26, 48.862, '2026-03-05 18:54:35'),(26, 51.638, '2026-03-05 17:54:35'),(26, 53.36, '2026-03-05 16:54:35'),(26, 52.618, '2026-03-05 15:54:35'),(26, 53.474, '2026-03-05 14:54:35'),(26, 53.855, '2026-03-05 13:54:35'),(26, 55.052, '2026-03-05 12:54:35'),(26, 54.058, '2026-03-05 11:54:35'),(26, 54.863, '2026-03-05 10:54:35'),(26, 54.591, '2026-03-05 09:54:35'),(26, 51.963, '2026-03-05 08:54:35'),(26, 51.215, '2026-03-05 07:54:35'),(26, 50.525, '2026-03-05 06:54:35'),(26, 49.104, '2026-03-05 05:54:35'),(26, 47.331, '2026-03-05 04:54:35'),(26, 45.596, '2026-03-05 03:54:35'),(26, 46.553, '2026-03-05 02:54:35'),(26, 45.179, '2026-03-05 01:54:35'),(26, 44.123, '2026-03-05 00:54:35'),(26, 44.292, '2026-03-04 23:54:35'),(26, 46.806, '2026-03-04 22:54:35'),(26, 47.101, '2026-03-04 21:54:35'),(26, 47.787, '2026-03-04 20:54:35'),(26, 48.019, '2026-03-04 19:54:35'),(26, 50.249, '2026-03-04 18:54:35'),(26, 50.842, '2026-03-04 17:54:35'),(26, 53.423, '2026-03-04 16:54:35'),(26, 53.85, '2026-03-04 15:54:35'),(26, 55.392, '2026-03-04 14:54:35'),(26, 55.049, '2026-03-04 13:54:35'),(26, 54.008, '2026-03-04 12:54:35'),(26, 53.959, '2026-03-04 11:54:35'),(26, 55.112, '2026-03-04 10:54:35'),(26, 53.331, '2026-03-04 09:54:35'),(26, 53.407, '2026-03-04 08:54:35'),(26, 51.345, '2026-03-04 07:54:35'),(26, 49.043, '2026-03-04 06:54:35'),(26, 49.022, '2026-03-04 05:54:35'),(26, 47.369, '2026-03-04 04:54:35'),(26, 45.937, '2026-03-04 03:54:35'),(26, 46.338, '2026-03-04 02:54:35'),(26, 45.616, '2026-03-04 01:54:35'),(26, 45.329, '2026-03-04 00:54:35'),(26, 44.315, '2026-03-03 23:54:35'),(26, 44.474, '2026-03-03 22:54:35'),(26, 45.889, '2026-03-03 21:54:35'),(26, 47.928, '2026-03-03 20:54:35'),(26, 47.644, '2026-03-03 19:54:35'),(26, 49.182, '2026-03-03 18:54:35'),(26, 51.982, '2026-03-03 17:54:35'),(26, 53.498, '2026-03-03 16:54:35'),(26, 52.487, '2026-03-03 15:54:35'),(26, 55.075, '2026-03-03 14:54:35'),(26, 54.15, '2026-03-03 13:54:35'),(26, 54.608, '2026-03-03 12:54:35'),(26, 54.066, '2026-03-03 11:54:35'),(26, 53.639, '2026-03-03 10:54:35'),(26, 54.455, '2026-03-03 09:54:35'),(26, 53.598, '2026-03-03 08:54:35'),(26, 51.44, '2026-03-03 07:54:35'),(26, 48.769, '2026-03-03 06:54:35'),(26, 48.047, '2026-03-03 05:54:35'),(26, 46.996, '2026-03-03 04:54:35'),(26, 46.938, '2026-03-03 03:54:35'),(26, 46.886, '2026-03-03 02:54:35'),(26, 44.283, '2026-03-03 01:54:35'),(26, 44.092, '2026-03-03 00:54:35'),(26, 45.623, '2026-03-02 23:54:35'),(26, 45.311, '2026-03-02 22:54:35'),(26, 46.411, '2026-03-02 21:54:35'),(26, 46.452, '2026-03-02 20:54:35'),(26, 49.55, '2026-03-02 19:54:35'),(26, 49.56, '2026-03-02 18:54:35'),(26, 50.26, '2026-03-02 17:54:35'),(26, 52.914, '2026-03-02 16:54:35'),(26, 54.315, '2026-03-02 15:54:35'),(26, 54.54, '2026-03-02 14:54:35'),(26, 53.66, '2026-03-02 13:54:35'),(26, 55.292, '2026-03-02 12:54:35'),(26, 54.632, '2026-03-02 11:54:35'),(26, 53.395, '2026-03-02 10:54:35'),(26, 52.407, '2026-03-02 09:54:35'),(26, 51.765, '2026-03-02 08:54:35'),(26, 52.403, '2026-03-02 07:54:35'),(26, 51.126, '2026-03-02 06:54:35'),(26, 48.751, '2026-03-02 05:54:35'),(26, 47.984, '2026-03-02 04:54:35'),(26, 47.157, '2026-03-02 03:54:35'),(26, 45.777, '2026-03-02 02:54:35'),(26, 44.51, '2026-03-02 01:54:35'),(26, 44.133, '2026-03-02 00:54:35'),(26, 45.365, '2026-03-01 23:54:35'),(26, 44.782, '2026-03-01 22:54:35'),(26, 45.985, '2026-03-01 21:54:35'),(26, 47.555, '2026-03-01 20:54:35'),(26, 49.516, '2026-03-01 19:54:35'),(26, 49.11, '2026-03-01 18:54:35'),(26, 51.611, '2026-03-01 17:54:35'),(26, 52.097, '2026-03-01 16:54:35'),(26, 52.853, '2026-03-01 15:54:35'),(26, 55.174, '2026-03-01 14:54:35'),(26, 53.853, '2026-03-01 13:54:35');
INSERT INTO mining_sensors (id, type_id, name, lat, lng, status, current_value) VALUES (27, 9, 'Partículas PM10 03', -17.250621873239336, -70.61534596112408, 'active', 50.0);
INSERT INTO mining_sensor_history (sensor_id, value, timestamp) VALUES (27, 54.609, '2026-03-16 12:54:35'),(27, 54.305, '2026-03-16 11:54:35'),(27, 55.292, '2026-03-16 10:54:35'),(27, 52.526, '2026-03-16 09:54:35'),(27, 53.621, '2026-03-16 08:54:35'),(27, 50.829, '2026-03-16 07:54:35'),(27, 48.974, '2026-03-16 06:54:35'),(27, 48.871, '2026-03-16 05:54:35'),(27, 47.384, '2026-03-16 04:54:35'),(27, 47.183, '2026-03-16 03:54:35'),(27, 45.238, '2026-03-16 02:54:35'),(27, 44.696, '2026-03-16 01:54:35'),(27, 44.935, '2026-03-16 00:54:35'),(27, 44.374, '2026-03-15 23:54:35'),(27, 45.751, '2026-03-15 22:54:35'),(27, 47.102, '2026-03-15 21:54:35'),(27, 47.739, '2026-03-15 20:54:35'),(27, 49.585, '2026-03-15 19:54:35'),(27, 49.027, '2026-03-15 18:54:35'),(27, 51.018, '2026-03-15 17:54:35'),(27, 52.725, '2026-03-15 16:54:35'),(27, 54.168, '2026-03-15 15:54:35'),(27, 55.449, '2026-03-15 14:54:35'),(27, 54.654, '2026-03-15 13:54:35'),(27, 54.341, '2026-03-15 12:54:35'),(27, 55.084, '2026-03-15 11:54:35'),(27, 55.022, '2026-03-15 10:54:35'),(27, 53.643, '2026-03-15 09:54:35'),(27, 52.011, '2026-03-15 08:54:35'),(27, 50.477, '2026-03-15 07:54:35'),(27, 49.04, '2026-03-15 06:54:35'),(27, 49.649, '2026-03-15 05:54:35'),(27, 47.155, '2026-03-15 04:54:35'),(27, 46.03, '2026-03-15 03:54:35'),(27, 44.47, '2026-03-15 02:54:35'),(27, 44.594, '2026-03-15 01:54:35'),(27, 44.128, '2026-03-15 00:54:35'),(27, 44.409, '2026-03-14 23:54:35'),(27, 45.501, '2026-03-14 22:54:35'),(27, 45.93, '2026-03-14 21:54:35'),(27, 46.664, '2026-03-14 20:54:35'),(27, 48.862, '2026-03-14 19:54:35'),(27, 50.774, '2026-03-14 18:54:35'),(27, 51.37, '2026-03-14 17:54:35'),(27, 51.554, '2026-03-14 16:54:35'),(27, 53.494, '2026-03-14 15:54:35'),(27, 53.592, '2026-03-14 14:54:35'),(27, 54.255, '2026-03-14 13:54:35'),(27, 55.366, '2026-03-14 12:54:35'),(27, 55.034, '2026-03-14 11:54:35'),(27, 53.46, '2026-03-14 10:54:35'),(27, 52.415, '2026-03-14 09:54:35'),(27, 53.655, '2026-03-14 08:54:35'),(27, 50.148, '2026-03-14 07:54:35'),(27, 51.133, '2026-03-14 06:54:35'),(27, 48.704, '2026-03-14 05:54:35'),(27, 47.278, '2026-03-14 04:54:35'),(27, 46.557, '2026-03-14 03:54:35'),(27, 46.354, '2026-03-14 02:54:35'),(27, 44.53, '2026-03-14 01:54:35'),(27, 45.96, '2026-03-14 00:54:35'),(27, 44.062, '2026-03-13 23:54:35'),(27, 45.388, '2026-03-13 22:54:35'),(27, 47.239, '2026-03-13 21:54:35'),(27, 47.582, '2026-03-13 20:54:35'),(27, 48.366, '2026-03-13 19:54:35'),(27, 50.403, '2026-03-13 18:54:35'),(27, 50.132, '2026-03-13 17:54:35'),(27, 51.555, '2026-03-13 16:54:35'),(27, 53.521, '2026-03-13 15:54:35'),(27, 53.421, '2026-03-13 14:54:35'),(27, 53.929, '2026-03-13 13:54:35'),(27, 54.57, '2026-03-13 12:54:35'),(27, 53.881, '2026-03-13 11:54:35'),(27, 54.679, '2026-03-13 10:54:35'),(27, 53.079, '2026-03-13 09:54:35'),(27, 53.213, '2026-03-13 08:54:35'),(27, 51.96, '2026-03-13 07:54:35'),(27, 49.108, '2026-03-13 06:54:35'),(27, 47.635, '2026-03-13 05:54:35'),(27, 47.673, '2026-03-13 04:54:35'),(27, 45.991, '2026-03-13 03:54:35'),(27, 44.94, '2026-03-13 02:54:35'),(27, 45.818, '2026-03-13 01:54:35'),(27, 45.973, '2026-03-13 00:54:35'),(27, 44.892, '2026-03-12 23:54:35'),(27, 45.257, '2026-03-12 22:54:35'),(27, 46.805, '2026-03-12 21:54:35'),(27, 46.401, '2026-03-12 20:54:35'),(27, 47.776, '2026-03-12 19:54:35'),(27, 49.056, '2026-03-12 18:54:35'),(27, 50.978, '2026-03-12 17:54:35'),(27, 52.822, '2026-03-12 16:54:35'),(27, 53.668, '2026-03-12 15:54:35'),(27, 55.078, '2026-03-12 14:54:35'),(27, 54.42, '2026-03-12 13:54:35'),(27, 54.196, '2026-03-12 12:54:35'),(27, 54.082, '2026-03-12 11:54:35'),(27, 53.512, '2026-03-12 10:54:35'),(27, 54.002, '2026-03-12 09:54:35'),(27, 53.107, '2026-03-12 08:54:35'),(27, 52.224, '2026-03-12 07:54:35'),(27, 48.977, '2026-03-12 06:54:35'),(27, 49.01, '2026-03-12 05:54:35'),(27, 48.012, '2026-03-12 04:54:35'),(27, 46.465, '2026-03-12 03:54:35'),(27, 45.37, '2026-03-12 02:54:35'),(27, 46.089, '2026-03-12 01:54:35'),(27, 45.742, '2026-03-12 00:54:35'),(27, 45.461, '2026-03-11 23:54:35'),(27, 45.733, '2026-03-11 22:54:35'),(27, 46.429, '2026-03-11 21:54:35'),(27, 46.555, '2026-03-11 20:54:35'),(27, 49.272, '2026-03-11 19:54:35'),(27, 50.738, '2026-03-11 18:54:35'),(27, 52.411, '2026-03-11 17:54:35'),(27, 52.727, '2026-03-11 16:54:35'),(27, 54.11, '2026-03-11 15:54:35'),(27, 53.965, '2026-03-11 14:54:35'),(27, 55.89, '2026-03-11 13:54:35'),(27, 56.02, '2026-03-11 12:54:35'),(27, 53.951, '2026-03-11 11:54:35'),(27, 54.47, '2026-03-11 10:54:35'),(27, 53.835, '2026-03-11 09:54:35'),(27, 51.992, '2026-03-11 08:54:35'),(27, 51.066, '2026-03-11 07:54:35'),(27, 50.345, '2026-03-11 06:54:35'),(27, 48.794, '2026-03-11 05:54:35'),(27, 47.836, '2026-03-11 04:54:35'),(27, 47.358, '2026-03-11 03:54:35'),(27, 46.128, '2026-03-11 02:54:35'),(27, 43.972, '2026-03-11 01:54:35'),(27, 44.657, '2026-03-11 00:54:35'),(27, 44.603, '2026-03-10 23:54:35'),(27, 44.57, '2026-03-10 22:54:35'),(27, 46.092, '2026-03-10 21:54:35'),(27, 47.724, '2026-03-10 20:54:35'),(27, 47.952, '2026-03-10 19:54:35'),(27, 49.299, '2026-03-10 18:54:35'),(27, 52.264, '2026-03-10 17:54:35'),(27, 51.402, '2026-03-10 16:54:35'),(27, 52.291, '2026-03-10 15:54:35'),(27, 55.059, '2026-03-10 14:54:35'),(27, 55.9, '2026-03-10 13:54:35'),(27, 55.764, '2026-03-10 12:54:35'),(27, 54.641, '2026-03-10 11:54:35'),(27, 53.106, '2026-03-10 10:54:35'),(27, 52.564, '2026-03-10 09:54:35'),(27, 52.328, '2026-03-10 08:54:35'),(27, 50.785, '2026-03-10 07:54:35'),(27, 50.863, '2026-03-10 06:54:35'),(27, 49.359, '2026-03-10 05:54:35'),(27, 46.854, '2026-03-10 04:54:35'),(27, 46.669, '2026-03-10 03:54:35'),(27, 44.913, '2026-03-10 02:54:35'),(27, 43.931, '2026-03-10 01:54:35'),(27, 45.847, '2026-03-10 00:54:35'),(27, 46.181, '2026-03-09 23:54:35'),(27, 45.346, '2026-03-09 22:54:35'),(27, 46.596, '2026-03-09 21:54:35'),(27, 48.537, '2026-03-09 20:54:35'),(27, 48.984, '2026-03-09 19:54:35'),(27, 49.551, '2026-03-09 18:54:35'),(27, 50.982, '2026-03-09 17:54:35'),(27, 53.639, '2026-03-09 16:54:35'),(27, 54.661, '2026-03-09 15:54:35'),(27, 54.09, '2026-03-09 14:54:35'),(27, 55.212, '2026-03-09 13:54:35'),(27, 54.105, '2026-03-09 12:54:35'),(27, 53.696, '2026-03-09 11:54:35'),(27, 54.285, '2026-03-09 10:54:35'),(27, 53.6, '2026-03-09 09:54:35'),(27, 52.182, '2026-03-09 08:54:35'),(27, 50.432, '2026-03-09 07:54:35'),(27, 50.878, '2026-03-09 06:54:35'),(27, 48.391, '2026-03-09 05:54:35'),(27, 46.332, '2026-03-09 04:54:35'),(27, 71.063, '2026-03-09 03:54:35'),(27, 45.144, '2026-03-09 02:54:35'),(27, 45.131, '2026-03-09 01:54:35'),(27, 45.957, '2026-03-09 00:54:35'),(27, 45.849, '2026-03-08 23:54:35'),(27, 45.63, '2026-03-08 22:54:35'),(27, 47.344, '2026-03-08 21:54:35'),(27, 46.256, '2026-03-08 20:54:35'),(27, 48.034, '2026-03-08 19:54:35'),(27, 50.332, '2026-03-08 18:54:35'),(27, 51.164, '2026-03-08 17:54:35'),(27, 51.486, '2026-03-08 16:54:35'),(27, 53.591, '2026-03-08 15:54:35'),(27, 54.903, '2026-03-08 14:54:35'),(27, 54.266, '2026-03-08 13:54:35'),(27, 55.184, '2026-03-08 12:54:35'),(27, 55.305, '2026-03-08 11:54:35'),(27, 54.513, '2026-03-08 10:54:35'),(27, 52.4, '2026-03-08 09:54:35'),(27, 52.939, '2026-03-08 08:54:35'),(27, 50.914, '2026-03-08 07:54:35'),(27, 49.733, '2026-03-08 06:54:35'),(27, 48.652, '2026-03-08 05:54:35'),(27, 48.552, '2026-03-08 04:54:35'),(27, 46.548, '2026-03-08 03:54:35'),(27, 46.299, '2026-03-08 02:54:35'),(27, 44.971, '2026-03-08 01:54:35'),(27, 44.381, '2026-03-08 00:54:35'),(27, 45.999, '2026-03-07 23:54:35'),(27, 46.818, '2026-03-07 22:54:35'),(27, 45.758, '2026-03-07 21:54:35'),(27, 46.415, '2026-03-07 20:54:35'),(27, 49.02, '2026-03-07 19:54:35'),(27, 50.04, '2026-03-07 18:54:35'),(27, 51.266, '2026-03-07 17:54:35'),(27, 52.152, '2026-03-07 16:54:35'),(27, 52.386, '2026-03-07 15:54:35'),(27, 54.237, '2026-03-07 14:54:35'),(27, 55.461, '2026-03-07 13:54:35'),(27, 55.245, '2026-03-07 12:54:35'),(27, 55.422, '2026-03-07 11:54:35'),(27, 55.343, '2026-03-07 10:54:35'),(27, 26.693, '2026-03-07 09:54:35'),(27, 52.83, '2026-03-07 08:54:35'),(27, 51.426, '2026-03-07 07:54:35'),(27, 50.333, '2026-03-07 06:54:35'),(27, 48.096, '2026-03-07 05:54:35'),(27, 47.524, '2026-03-07 04:54:35'),(27, 46.157, '2026-03-07 03:54:35'),(27, 45.863, '2026-03-07 02:54:35'),(27, 44.91, '2026-03-07 01:54:35'),(27, 44.139, '2026-03-07 00:54:35'),(27, 45.544, '2026-03-06 23:54:35'),(27, 45.971, '2026-03-06 22:54:35'),(27, 46.569, '2026-03-06 21:54:35'),(27, 47.938, '2026-03-06 20:54:35'),(27, 49.377, '2026-03-06 19:54:35'),(27, 50.864, '2026-03-06 18:54:35'),(27, 51.486, '2026-03-06 17:54:35'),(27, 52.829, '2026-03-06 16:54:35'),(27, 53.381, '2026-03-06 15:54:35'),(27, 54.687, '2026-03-06 14:54:35'),(27, 56.022, '2026-03-06 13:54:35'),(27, 54.555, '2026-03-06 12:54:35'),(27, 56.02, '2026-03-06 11:54:35'),(27, 53.965, '2026-03-06 10:54:35'),(27, 53.918, '2026-03-06 09:54:35'),(27, 51.52, '2026-03-06 08:54:35'),(27, 52.257, '2026-03-06 07:54:35'),(27, 50.896, '2026-03-06 06:54:35'),(27, 48.391, '2026-03-06 05:54:35'),(27, 48.646, '2026-03-06 04:54:35'),(27, 46.967, '2026-03-06 03:54:35'),(27, 45.573, '2026-03-06 02:54:35'),(27, 45.262, '2026-03-06 01:54:35'),(27, 44.414, '2026-03-06 00:54:35'),(27, 45.759, '2026-03-05 23:54:35'),(27, 46.704, '2026-03-05 22:54:35'),(27, 46.832, '2026-03-05 21:54:35'),(27, 47.977, '2026-03-05 20:54:35'),(27, 48.459, '2026-03-05 19:54:35'),(27, 49.865, '2026-03-05 18:54:35'),(27, 50.843, '2026-03-05 17:54:35'),(27, 51.63, '2026-03-05 16:54:35'),(27, 53.798, '2026-03-05 15:54:35'),(27, 54.734, '2026-03-05 14:54:35'),(27, 54.596, '2026-03-05 13:54:35'),(27, 54.75, '2026-03-05 12:54:35'),(27, 55.706, '2026-03-05 11:54:35'),(27, 54.449, '2026-03-05 10:54:35'),(27, 52.326, '2026-03-05 09:54:35'),(27, 52.922, '2026-03-05 08:54:35'),(27, 51.407, '2026-03-05 07:54:35'),(27, 50.843, '2026-03-05 06:54:35'),(27, 48.359, '2026-03-05 05:54:35'),(27, 48.193, '2026-03-05 04:54:35'),(27, 45.456, '2026-03-05 03:54:35'),(27, 46.568, '2026-03-05 02:54:35'),(27, 44.883, '2026-03-05 01:54:35'),(27, 45.986, '2026-03-05 00:54:35'),(27, 44.545, '2026-03-04 23:54:35'),(27, 46.767, '2026-03-04 22:54:35'),(27, 46.057, '2026-03-04 21:54:35'),(27, 46.769, '2026-03-04 20:54:35'),(27, 49.539, '2026-03-04 19:54:35'),(27, 50.036, '2026-03-04 18:54:35'),(27, 51.563, '2026-03-04 17:54:35'),(27, 52.647, '2026-03-04 16:54:35'),(27, 52.651, '2026-03-04 15:54:35'),(27, 55.197, '2026-03-04 14:54:35'),(27, 55.725, '2026-03-04 13:54:35'),(27, 53.997, '2026-03-04 12:54:35'),(27, 55.607, '2026-03-04 11:54:35'),(27, 54.683, '2026-03-04 10:54:35'),(27, 53.53, '2026-03-04 09:54:35'),(27, 52.301, '2026-03-04 08:54:35'),(27, 51.98, '2026-03-04 07:54:35'),(27, 51.155, '2026-03-04 06:54:35'),(27, 49.5, '2026-03-04 05:54:35'),(27, 47.466, '2026-03-04 04:54:35'),(27, 46.659, '2026-03-04 03:54:35'),(27, 45.112, '2026-03-04 02:54:35'),(27, 44.632, '2026-03-04 01:54:35'),(27, 44.775, '2026-03-04 00:54:35'),(27, 46.283, '2026-03-03 23:54:35'),(27, 46.699, '2026-03-03 22:54:35'),(27, 46.066, '2026-03-03 21:54:35'),(27, 48.157, '2026-03-03 20:54:35'),(27, 49.552, '2026-03-03 19:54:35'),(27, 51.039, '2026-03-03 18:54:35'),(27, 52.255, '2026-03-03 17:54:35'),(27, 53.079, '2026-03-03 16:54:35'),(27, 53.203, '2026-03-03 15:54:35'),(27, 54.461, '2026-03-03 14:54:35'),(27, 55.19, '2026-03-03 13:54:35'),(27, 55.288, '2026-03-03 12:54:35'),(27, 54.026, '2026-03-03 11:54:35'),(27, 53.461, '2026-03-03 10:54:35'),(27, 53.872, '2026-03-03 09:54:35'),(27, 51.647, '2026-03-03 08:54:35'),(27, 52.091, '2026-03-03 07:54:35'),(27, 49.052, '2026-03-03 06:54:35'),(27, 49.076, '2026-03-03 05:54:35'),(27, 48.528, '2026-03-03 04:54:35'),(27, 47.051, '2026-03-03 03:54:35'),(27, 46.821, '2026-03-03 02:54:35'),(27, 44.368, '2026-03-03 01:54:35'),(27, 46.015, '2026-03-03 00:54:35'),(27, 45.17, '2026-03-02 23:54:35'),(27, 45.581, '2026-03-02 22:54:35'),(27, 45.679, '2026-03-02 21:54:35'),(27, 47.368, '2026-03-02 20:54:35'),(27, 49.756, '2026-03-02 19:54:35'),(27, 49.647, '2026-03-02 18:54:35'),(27, 52.535, '2026-03-02 17:54:35'),(27, 52.738, '2026-03-02 16:54:35'),(27, 54.229, '2026-03-02 15:54:35'),(27, 53.127, '2026-03-02 14:54:35'),(27, 55.979, '2026-03-02 13:54:35'),(27, 55.146, '2026-03-02 12:54:35'),(27, 55.843, '2026-03-02 11:54:35'),(27, 55.284, '2026-03-02 10:54:35'),(27, 52.887, '2026-03-02 09:54:35'),(27, 52.146, '2026-03-02 08:54:35'),(27, 50.772, '2026-03-02 07:54:35'),(27, 50.091, '2026-03-02 06:54:35'),(27, 49.786, '2026-03-02 05:54:35'),(27, 46.419, '2026-03-02 04:54:35'),(27, 46.051, '2026-03-02 03:54:35'),(27, 46.326, '2026-03-02 02:54:35'),(27, 44.354, '2026-03-02 01:54:35'),(27, 45.943, '2026-03-02 00:54:35'),(27, 44.685, '2026-03-01 23:54:35'),(27, 45.416, '2026-03-01 22:54:35'),(27, 47.598, '2026-03-01 21:54:35'),(27, 46.859, '2026-03-01 20:54:35'),(27, 48.349, '2026-03-01 19:54:35'),(27, 49.883, '2026-03-01 18:54:35'),(27, 50.517, '2026-03-01 17:54:35'),(27, 52.991, '2026-03-01 16:54:35'),(27, 54.51, '2026-03-01 15:54:35'),(27, 55.08, '2026-03-01 14:54:35'),(27, 54.766, '2026-03-01 13:54:35');
INSERT INTO mining_sensors (id, type_id, name, lat, lng, status, current_value) VALUES (28, 10, 'Gas CO2 01', -17.244456806482006, -70.61304181510836, 'active', 50.0);
INSERT INTO mining_sensor_history (sensor_id, value, timestamp) VALUES (28, 49.842, '2026-03-16 12:54:35'),(28, 49.577, '2026-03-16 11:54:35'),(28, 50.385, '2026-03-16 10:54:35'),(28, 49.997, '2026-03-16 09:54:35'),(28, 50.232, '2026-03-16 08:54:35'),(28, 49.689, '2026-03-16 07:54:35'),(28, 49.614, '2026-03-16 06:54:35'),(28, 50.144, '2026-03-16 05:54:35'),(28, 50.153, '2026-03-16 04:54:35'),(28, 49.518, '2026-03-16 03:54:35'),(28, 50.397, '2026-03-16 02:54:35'),(28, 49.971, '2026-03-16 01:54:35'),(28, 49.806, '2026-03-16 00:54:35'),(28, 49.529, '2026-03-15 23:54:35'),(28, 49.647, '2026-03-15 22:54:35'),(28, 49.722, '2026-03-15 21:54:35'),(28, 49.861, '2026-03-15 20:54:35'),(28, 49.755, '2026-03-15 19:54:35'),(28, 49.58, '2026-03-15 18:54:35'),(28, 49.819, '2026-03-15 17:54:35'),(28, 49.741, '2026-03-15 16:54:35'),(28, 49.897, '2026-03-15 15:54:35'),(28, 49.731, '2026-03-15 14:54:35'),(28, 50.131, '2026-03-15 13:54:35'),(28, 49.976, '2026-03-15 12:54:35'),(28, 49.536, '2026-03-15 11:54:35'),(28, 50.335, '2026-03-15 10:54:35'),(28, 49.711, '2026-03-15 09:54:35'),(28, 50.023, '2026-03-15 08:54:35'),(28, 49.616, '2026-03-15 07:54:35'),(28, 49.7, '2026-03-15 06:54:35'),(28, 50.108, '2026-03-15 05:54:35'),(28, 50.482, '2026-03-15 04:54:35'),(28, 49.589, '2026-03-15 03:54:35'),(28, 49.644, '2026-03-15 02:54:35'),(28, 50.284, '2026-03-15 01:54:35'),(28, 50.238, '2026-03-15 00:54:35'),(28, 49.616, '2026-03-14 23:54:35'),(28, 49.636, '2026-03-14 22:54:35'),(28, 49.843, '2026-03-14 21:54:35'),(28, 49.966, '2026-03-14 20:54:35'),(28, 49.771, '2026-03-14 19:54:35'),(28, 49.842, '2026-03-14 18:54:35'),(28, 49.63, '2026-03-14 17:54:35'),(28, 50.205, '2026-03-14 16:54:35'),(28, 50.222, '2026-03-14 15:54:35'),(28, 49.946, '2026-03-14 14:54:35'),(28, 50.336, '2026-03-14 13:54:35'),(28, 49.668, '2026-03-14 12:54:35'),(28, 50.059, '2026-03-14 11:54:35'),(28, 50.139, '2026-03-14 10:54:35'),(28, 49.839, '2026-03-14 09:54:35'),(28, 50.1, '2026-03-14 08:54:35'),(28, 49.6, '2026-03-14 07:54:35'),(28, 49.66, '2026-03-14 06:54:35'),(28, 49.894, '2026-03-14 05:54:35'),(28, 49.884, '2026-03-14 04:54:35'),(28, 49.697, '2026-03-14 03:54:35'),(28, 50.033, '2026-03-14 02:54:35'),(28, 50.179, '2026-03-14 01:54:35'),(28, 50.102, '2026-03-14 00:54:35'),(28, 49.891, '2026-03-13 23:54:35'),(28, 49.697, '2026-03-13 22:54:35'),(28, 50.191, '2026-03-13 21:54:35'),(28, 49.9, '2026-03-13 20:54:35'),(28, 50.127, '2026-03-13 19:54:35'),(28, 49.899, '2026-03-13 18:54:35'),(28, 50.204, '2026-03-13 17:54:35'),(28, 50.049, '2026-03-13 16:54:35'),(28, 49.639, '2026-03-13 15:54:35'),(28, 49.702, '2026-03-13 14:54:35'),(28, 49.659, '2026-03-13 13:54:35'),(28, 50.031, '2026-03-13 12:54:35'),(28, 49.644, '2026-03-13 11:54:35'),(28, 49.508, '2026-03-13 10:54:35'),(28, 49.541, '2026-03-13 09:54:35'),(28, 50.369, '2026-03-13 08:54:35'),(28, 50.405, '2026-03-13 07:54:35'),(28, 50.286, '2026-03-13 06:54:35'),(28, 50.032, '2026-03-13 05:54:35'),(28, 49.64, '2026-03-13 04:54:35'),(28, 50.201, '2026-03-13 03:54:35'),(28, 50.13, '2026-03-13 02:54:35'),(28, 50.071, '2026-03-13 01:54:35'),(28, 50.303, '2026-03-13 00:54:35'),(28, 50.358, '2026-03-12 23:54:35'),(28, 49.832, '2026-03-12 22:54:35'),(28, 49.75, '2026-03-12 21:54:35'),(28, 49.888, '2026-03-12 20:54:35'),(28, 49.765, '2026-03-12 19:54:35'),(28, 50.1, '2026-03-12 18:54:35'),(28, 50.134, '2026-03-12 17:54:35'),(28, 50.226, '2026-03-12 16:54:35'),(28, 49.68, '2026-03-12 15:54:35'),(28, 50.164, '2026-03-12 14:54:35'),(28, 49.679, '2026-03-12 13:54:35'),(28, 50.322, '2026-03-12 12:54:35'),(28, 50.005, '2026-03-12 11:54:35'),(28, 49.51, '2026-03-12 10:54:35'),(28, 49.511, '2026-03-12 09:54:35'),(28, 50.243, '2026-03-12 08:54:35'),(28, 50.364, '2026-03-12 07:54:35'),(28, 50.257, '2026-03-12 06:54:35'),(28, 50.484, '2026-03-12 05:54:35'),(28, 50.333, '2026-03-12 04:54:35'),(28, 50.076, '2026-03-12 03:54:35'),(28, 50.08, '2026-03-12 02:54:35'),(28, 50.061, '2026-03-12 01:54:35'),(28, 50.419, '2026-03-12 00:54:35'),(28, 50.136, '2026-03-11 23:54:35'),(28, 50.464, '2026-03-11 22:54:35'),(28, 49.901, '2026-03-11 21:54:35'),(28, 49.836, '2026-03-11 20:54:35'),(28, 50.181, '2026-03-11 19:54:35'),(28, 50.37, '2026-03-11 18:54:35'),(28, 50.195, '2026-03-11 17:54:35'),(28, 50.433, '2026-03-11 16:54:35'),(28, 50.161, '2026-03-11 15:54:35'),(28, 49.975, '2026-03-11 14:54:35'),(28, 50.094, '2026-03-11 13:54:35'),(28, 50.213, '2026-03-11 12:54:35'),(28, 49.911, '2026-03-11 11:54:35'),(28, 49.518, '2026-03-11 10:54:35'),(28, 50.377, '2026-03-11 09:54:35'),(28, 50.253, '2026-03-11 08:54:35'),(28, 49.766, '2026-03-11 07:54:35'),(28, 50.213, '2026-03-11 06:54:35'),(28, 50.399, '2026-03-11 05:54:35'),(28, 50.046, '2026-03-11 04:54:35'),(28, 50.21, '2026-03-11 03:54:35'),(28, 50.144, '2026-03-11 02:54:35'),(28, 50.146, '2026-03-11 01:54:35'),(28, 50.078, '2026-03-11 00:54:35'),(28, 49.893, '2026-03-10 23:54:35'),(28, 49.751, '2026-03-10 22:54:35'),(28, 49.538, '2026-03-10 21:54:35'),(28, 50.099, '2026-03-10 20:54:35'),(28, 50.197, '2026-03-10 19:54:35'),(28, 50.281, '2026-03-10 18:54:35'),(28, 50.201, '2026-03-10 17:54:35'),(28, 50.219, '2026-03-10 16:54:35'),(28, 50.363, '2026-03-10 15:54:35'),(28, 49.851, '2026-03-10 14:54:35'),(28, 50.456, '2026-03-10 13:54:35'),(28, 50.325, '2026-03-10 12:54:35'),(28, 49.807, '2026-03-10 11:54:35'),(28, 49.781, '2026-03-10 10:54:35'),(28, 50.18, '2026-03-10 09:54:35'),(28, 50.372, '2026-03-10 08:54:35'),(28, 49.891, '2026-03-10 07:54:35'),(28, 49.784, '2026-03-10 06:54:35'),(28, 50.215, '2026-03-10 05:54:35'),(28, 50.271, '2026-03-10 04:54:35'),(28, 49.916, '2026-03-10 03:54:35'),(28, 50.014, '2026-03-10 02:54:35'),(28, 49.556, '2026-03-10 01:54:35'),(28, 49.521, '2026-03-10 00:54:35'),(28, 50.146, '2026-03-09 23:54:35'),(28, 50.14, '2026-03-09 22:54:35'),(28, 49.503, '2026-03-09 21:54:35'),(28, 49.593, '2026-03-09 20:54:35'),(28, 49.921, '2026-03-09 19:54:35'),(28, 50.493, '2026-03-09 18:54:35'),(28, 49.538, '2026-03-09 17:54:35'),(28, 49.995, '2026-03-09 16:54:35'),(28, 50.127, '2026-03-09 15:54:35'),(28, 49.525, '2026-03-09 14:54:35'),(28, 49.742, '2026-03-09 13:54:35'),(28, 50.096, '2026-03-09 12:54:35'),(28, 49.897, '2026-03-09 11:54:35'),(28, 50.32, '2026-03-09 10:54:35'),(28, 49.809, '2026-03-09 09:54:35'),(28, 49.987, '2026-03-09 08:54:35'),(28, 49.934, '2026-03-09 07:54:35'),(28, 50.428, '2026-03-09 06:54:35'),(28, 50.028, '2026-03-09 05:54:35'),(28, 49.679, '2026-03-09 04:54:35'),(28, 50.314, '2026-03-09 03:54:35'),(28, 50.424, '2026-03-09 02:54:35'),(28, 49.892, '2026-03-09 01:54:35'),(28, 49.798, '2026-03-09 00:54:35'),(28, 50.438, '2026-03-08 23:54:35'),(28, 49.743, '2026-03-08 22:54:35'),(28, 49.723, '2026-03-08 21:54:35'),(28, 50.29, '2026-03-08 20:54:35'),(28, 50.218, '2026-03-08 19:54:35'),(28, 50.21, '2026-03-08 18:54:35'),(28, 49.792, '2026-03-08 17:54:35'),(28, 50.409, '2026-03-08 16:54:35'),(28, 50.371, '2026-03-08 15:54:35'),(28, 50.447, '2026-03-08 14:54:35'),(28, 50.346, '2026-03-08 13:54:35'),(28, 50.292, '2026-03-08 12:54:35'),(28, 50.241, '2026-03-08 11:54:35'),(28, 49.563, '2026-03-08 10:54:35'),(28, 49.896, '2026-03-08 09:54:35'),(28, 49.549, '2026-03-08 08:54:35'),(28, 50.232, '2026-03-08 07:54:35'),(28, 50.006, '2026-03-08 06:54:35'),(28, 50.168, '2026-03-08 05:54:35'),(28, 50.059, '2026-03-08 04:54:35'),(28, 49.785, '2026-03-08 03:54:35'),(28, 49.646, '2026-03-08 02:54:35'),(28, 49.642, '2026-03-08 01:54:35'),(28, 50.057, '2026-03-08 00:54:35'),(28, 50.235, '2026-03-07 23:54:35'),(28, 50.299, '2026-03-07 22:54:35'),(28, 49.682, '2026-03-07 21:54:35'),(28, 50.019, '2026-03-07 20:54:35'),(28, 50.424, '2026-03-07 19:54:35'),(28, 50.295, '2026-03-07 18:54:35'),(28, 49.631, '2026-03-07 17:54:35'),(28, 50.197, '2026-03-07 16:54:35'),(28, 50.447, '2026-03-07 15:54:35'),(28, 49.789, '2026-03-07 14:54:35'),(28, 50.094, '2026-03-07 13:54:35'),(28, 49.624, '2026-03-07 12:54:35'),(28, 50.219, '2026-03-07 11:54:35'),(28, 49.602, '2026-03-07 10:54:35'),(28, 49.794, '2026-03-07 09:54:35'),(28, 50.385, '2026-03-07 08:54:35'),(28, 50.113, '2026-03-07 07:54:35'),(28, 50.123, '2026-03-07 06:54:35'),(28, 49.927, '2026-03-07 05:54:35'),(28, 49.765, '2026-03-07 04:54:35'),(28, 50.386, '2026-03-07 03:54:35'),(28, 49.984, '2026-03-07 02:54:35'),(28, 49.796, '2026-03-07 01:54:35'),(28, 50.09, '2026-03-07 00:54:35'),(28, 50.164, '2026-03-06 23:54:35'),(28, 50.392, '2026-03-06 22:54:35'),(28, 49.837, '2026-03-06 21:54:35'),(28, 50.441, '2026-03-06 20:54:35'),(28, 49.564, '2026-03-06 19:54:35'),(28, 50.136, '2026-03-06 18:54:35'),(28, 49.571, '2026-03-06 17:54:35'),(28, 50.234, '2026-03-06 16:54:35'),(28, 49.673, '2026-03-06 15:54:35'),(28, 49.95, '2026-03-06 14:54:35'),(28, 49.939, '2026-03-06 13:54:35'),(28, 50.286, '2026-03-06 12:54:35'),(28, 49.52, '2026-03-06 11:54:35'),(28, 49.674, '2026-03-06 10:54:35'),(28, 49.849, '2026-03-06 09:54:35'),(28, 50.282, '2026-03-06 08:54:35'),(28, 50.38, '2026-03-06 07:54:35'),(28, 50.18, '2026-03-06 06:54:35'),(28, 49.903, '2026-03-06 05:54:35'),(28, 50.189, '2026-03-06 04:54:35'),(28, 49.698, '2026-03-06 03:54:35'),(28, 49.868, '2026-03-06 02:54:35'),(28, 75.507, '2026-03-06 01:54:35'),(28, 49.637, '2026-03-06 00:54:35'),(28, 49.69, '2026-03-05 23:54:35'),(28, 49.788, '2026-03-05 22:54:35'),(28, 50.131, '2026-03-05 21:54:35'),(28, 50.221, '2026-03-05 20:54:35'),(28, 50.084, '2026-03-05 19:54:35'),(28, 49.936, '2026-03-05 18:54:35'),(28, 50.085, '2026-03-05 17:54:35'),(28, 50.256, '2026-03-05 16:54:35'),(28, 50.257, '2026-03-05 15:54:35'),(28, 49.758, '2026-03-05 14:54:35'),(28, 49.81, '2026-03-05 13:54:35'),(28, 49.676, '2026-03-05 12:54:35'),(28, 49.662, '2026-03-05 11:54:35'),(28, 50.004, '2026-03-05 10:54:35'),(28, 49.69, '2026-03-05 09:54:35'),(28, 50.32, '2026-03-05 08:54:35'),(28, 50.063, '2026-03-05 07:54:35'),(28, 50.337, '2026-03-05 06:54:35'),(28, 49.606, '2026-03-05 05:54:35'),(28, 49.697, '2026-03-05 04:54:35'),(28, 50.426, '2026-03-05 03:54:35'),(28, 50.212, '2026-03-05 02:54:35'),(28, 50.301, '2026-03-05 01:54:35'),(28, 49.591, '2026-03-05 00:54:35'),(28, 49.858, '2026-03-04 23:54:35'),(28, 50.097, '2026-03-04 22:54:35'),(28, 50.118, '2026-03-04 21:54:35'),(28, 50.179, '2026-03-04 20:54:35'),(28, 49.924, '2026-03-04 19:54:35'),(28, 49.879, '2026-03-04 18:54:35'),(28, 50.143, '2026-03-04 17:54:35'),(28, 49.7, '2026-03-04 16:54:35'),(28, 50.271, '2026-03-04 15:54:35'),(28, 49.622, '2026-03-04 14:54:35'),(28, 50.254, '2026-03-04 13:54:35'),(28, 50.128, '2026-03-04 12:54:35'),(28, 49.776, '2026-03-04 11:54:35'),(28, 49.78, '2026-03-04 10:54:35'),(28, 50.226, '2026-03-04 09:54:35'),(28, 50.205, '2026-03-04 08:54:35'),(28, 50.355, '2026-03-04 07:54:35'),(28, 50.454, '2026-03-04 06:54:35'),(28, 50.195, '2026-03-04 05:54:35'),(28, 50.038, '2026-03-04 04:54:35'),(28, 50.179, '2026-03-04 03:54:35'),(28, 49.887, '2026-03-04 02:54:35'),(28, 50.136, '2026-03-04 01:54:35'),(28, 49.515, '2026-03-04 00:54:35'),(28, 49.956, '2026-03-03 23:54:35'),(28, 50.241, '2026-03-03 22:54:35'),(28, 50.124, '2026-03-03 21:54:35'),(28, 49.946, '2026-03-03 20:54:35'),(28, 50.276, '2026-03-03 19:54:35'),(28, 50.498, '2026-03-03 18:54:35'),(28, 50.276, '2026-03-03 17:54:35'),(28, 49.952, '2026-03-03 16:54:35'),(28, 49.915, '2026-03-03 15:54:35'),(28, 49.932, '2026-03-03 14:54:35'),(28, 49.721, '2026-03-03 13:54:35'),(28, 49.617, '2026-03-03 12:54:35'),(28, 50.167, '2026-03-03 11:54:35'),(28, 49.975, '2026-03-03 10:54:35'),(28, 49.766, '2026-03-03 09:54:35'),(28, 49.888, '2026-03-03 08:54:35'),(28, 50.493, '2026-03-03 07:54:35'),(28, 49.956, '2026-03-03 06:54:35'),(28, 50.368, '2026-03-03 05:54:35'),(28, 49.99, '2026-03-03 04:54:35'),(28, 74.837, '2026-03-03 03:54:35'),(28, 49.7, '2026-03-03 02:54:35'),(28, 50.378, '2026-03-03 01:54:35'),(28, 49.556, '2026-03-03 00:54:35'),(28, 50.346, '2026-03-02 23:54:35'),(28, 50.41, '2026-03-02 22:54:35'),(28, 50.36, '2026-03-02 21:54:35'),(28, 50.344, '2026-03-02 20:54:35'),(28, 50.201, '2026-03-02 19:54:35'),(28, 50.015, '2026-03-02 18:54:35'),(28, 50.067, '2026-03-02 17:54:35'),(28, 50.218, '2026-03-02 16:54:35'),(28, 49.796, '2026-03-02 15:54:35'),(28, 50.017, '2026-03-02 14:54:35'),(28, 49.928, '2026-03-02 13:54:35'),(28, 49.759, '2026-03-02 12:54:35'),(28, 50.201, '2026-03-02 11:54:35'),(28, 50.319, '2026-03-02 10:54:35'),(28, 49.938, '2026-03-02 09:54:35'),(28, 50.378, '2026-03-02 08:54:35'),(28, 49.748, '2026-03-02 07:54:35'),(28, 49.761, '2026-03-02 06:54:35'),(28, 49.911, '2026-03-02 05:54:35'),(28, 50.223, '2026-03-02 04:54:35'),(28, 49.916, '2026-03-02 03:54:35'),(28, 50.211, '2026-03-02 02:54:35'),(28, 49.75, '2026-03-02 01:54:35'),(28, 49.748, '2026-03-02 00:54:35'),(28, 50.403, '2026-03-01 23:54:35'),(28, 49.936, '2026-03-01 22:54:35'),(28, 49.816, '2026-03-01 21:54:35'),(28, 49.553, '2026-03-01 20:54:35'),(28, 49.821, '2026-03-01 19:54:35'),(28, 49.848, '2026-03-01 18:54:35'),(28, 49.555, '2026-03-01 17:54:35'),(28, 49.617, '2026-03-01 16:54:35'),(28, 50.39, '2026-03-01 15:54:35'),(28, 49.507, '2026-03-01 14:54:35'),(28, 49.887, '2026-03-01 13:54:35');
INSERT INTO mining_sensors (id, type_id, name, lat, lng, status, current_value) VALUES (29, 10, 'Gas CO2 02', -17.241104487289245, -70.61482524359886, 'active', 50.0);
INSERT INTO mining_sensor_history (sensor_id, value, timestamp) VALUES (29, 50.119, '2026-03-16 12:54:35'),(29, 49.944, '2026-03-16 11:54:35'),(29, 49.885, '2026-03-16 10:54:35'),(29, 49.712, '2026-03-16 09:54:35'),(29, 50.465, '2026-03-16 08:54:35'),(29, 49.95, '2026-03-16 07:54:35'),(29, 50.481, '2026-03-16 06:54:35'),(29, 50.102, '2026-03-16 05:54:35'),(29, 49.622, '2026-03-16 04:54:35'),(29, 50.377, '2026-03-16 03:54:35'),(29, 49.657, '2026-03-16 02:54:35'),(29, 49.735, '2026-03-16 01:54:35'),(29, 50.186, '2026-03-16 00:54:35'),(29, 49.566, '2026-03-15 23:54:35'),(29, 50.223, '2026-03-15 22:54:35'),(29, 49.678, '2026-03-15 21:54:35'),(29, 50.28, '2026-03-15 20:54:35'),(29, 50.306, '2026-03-15 19:54:35'),(29, 50.277, '2026-03-15 18:54:35'),(29, 49.523, '2026-03-15 17:54:35'),(29, 49.856, '2026-03-15 16:54:35'),(29, 50.231, '2026-03-15 15:54:35'),(29, 49.672, '2026-03-15 14:54:35'),(29, 49.604, '2026-03-15 13:54:35'),(29, 50.216, '2026-03-15 12:54:35'),(29, 49.52, '2026-03-15 11:54:35'),(29, 49.764, '2026-03-15 10:54:35'),(29, 50.348, '2026-03-15 09:54:35'),(29, 49.729, '2026-03-15 08:54:35'),(29, 49.576, '2026-03-15 07:54:35'),(29, 49.573, '2026-03-15 06:54:35'),(29, 49.727, '2026-03-15 05:54:35'),(29, 49.964, '2026-03-15 04:54:35'),(29, 49.614, '2026-03-15 03:54:35'),(29, 50.231, '2026-03-15 02:54:35'),(29, 49.921, '2026-03-15 01:54:35'),(29, 50.423, '2026-03-15 00:54:35'),(29, 50.012, '2026-03-14 23:54:35'),(29, 50.01, '2026-03-14 22:54:35'),(29, 50.001, '2026-03-14 21:54:35'),(29, 50.295, '2026-03-14 20:54:35'),(29, 50.3, '2026-03-14 19:54:35'),(29, 50.399, '2026-03-14 18:54:35'),(29, 50.165, '2026-03-14 17:54:35'),(29, 50.407, '2026-03-14 16:54:35'),(29, 50.178, '2026-03-14 15:54:35'),(29, 50.306, '2026-03-14 14:54:35'),(29, 50.217, '2026-03-14 13:54:35'),(29, 49.726, '2026-03-14 12:54:35'),(29, 49.65, '2026-03-14 11:54:35'),(29, 49.84, '2026-03-14 10:54:35'),(29, 50.277, '2026-03-14 09:54:35'),(29, 49.749, '2026-03-14 08:54:35'),(29, 50.289, '2026-03-14 07:54:35'),(29, 49.903, '2026-03-14 06:54:35'),(29, 50.17, '2026-03-14 05:54:35'),(29, 49.537, '2026-03-14 04:54:35'),(29, 50.476, '2026-03-14 03:54:35'),(29, 49.611, '2026-03-14 02:54:35'),(29, 50.307, '2026-03-14 01:54:35'),(29, 49.813, '2026-03-14 00:54:35'),(29, 50.104, '2026-03-13 23:54:35'),(29, 50.004, '2026-03-13 22:54:35'),(29, 49.979, '2026-03-13 21:54:35'),(29, 50.309, '2026-03-13 20:54:35'),(29, 49.582, '2026-03-13 19:54:35'),(29, 50.203, '2026-03-13 18:54:35'),(29, 24.934, '2026-03-13 17:54:35'),(29, 50.082, '2026-03-13 16:54:35'),(29, 49.87, '2026-03-13 15:54:35'),(29, 50.399, '2026-03-13 14:54:35'),(29, 49.56, '2026-03-13 13:54:35'),(29, 50.161, '2026-03-13 12:54:35'),(29, 49.568, '2026-03-13 11:54:35'),(29, 49.938, '2026-03-13 10:54:35'),(29, 49.579, '2026-03-13 09:54:35'),(29, 49.932, '2026-03-13 08:54:35'),(29, 50.211, '2026-03-13 07:54:35'),(29, 50.414, '2026-03-13 06:54:35'),(29, 50.108, '2026-03-13 05:54:35'),(29, 50.345, '2026-03-13 04:54:35'),(29, 50.202, '2026-03-13 03:54:35'),(29, 50.211, '2026-03-13 02:54:35'),(29, 49.605, '2026-03-13 01:54:35'),(29, 49.982, '2026-03-13 00:54:35'),(29, 50.266, '2026-03-12 23:54:35'),(29, 50.09, '2026-03-12 22:54:35'),(29, 50.371, '2026-03-12 21:54:35'),(29, 50.093, '2026-03-12 20:54:35'),(29, 49.758, '2026-03-12 19:54:35'),(29, 49.732, '2026-03-12 18:54:35'),(29, 49.751, '2026-03-12 17:54:35'),(29, 49.926, '2026-03-12 16:54:35'),(29, 49.904, '2026-03-12 15:54:35'),(29, 50.462, '2026-03-12 14:54:35'),(29, 50.467, '2026-03-12 13:54:35'),(29, 50.407, '2026-03-12 12:54:35'),(29, 50.499, '2026-03-12 11:54:35'),(29, 49.691, '2026-03-12 10:54:35'),(29, 49.56, '2026-03-12 09:54:35'),(29, 49.904, '2026-03-12 08:54:35'),(29, 50.375, '2026-03-12 07:54:35'),(29, 50.073, '2026-03-12 06:54:35'),(29, 50.105, '2026-03-12 05:54:35'),(29, 50.315, '2026-03-12 04:54:35'),(29, 50.099, '2026-03-12 03:54:35'),(29, 50.054, '2026-03-12 02:54:35'),(29, 50.032, '2026-03-12 01:54:35'),(29, 49.82, '2026-03-12 00:54:35'),(29, 49.692, '2026-03-11 23:54:35'),(29, 50.281, '2026-03-11 22:54:35'),(29, 50.323, '2026-03-11 21:54:35'),(29, 50.453, '2026-03-11 20:54:35'),(29, 49.843, '2026-03-11 19:54:35'),(29, 49.862, '2026-03-11 18:54:35'),(29, 49.761, '2026-03-11 17:54:35'),(29, 50.435, '2026-03-11 16:54:35'),(29, 50.297, '2026-03-11 15:54:35'),(29, 50.037, '2026-03-11 14:54:35'),(29, 49.828, '2026-03-11 13:54:35'),(29, 50.395, '2026-03-11 12:54:35'),(29, 50.374, '2026-03-11 11:54:35'),(29, 50.397, '2026-03-11 10:54:35'),(29, 49.672, '2026-03-11 09:54:35'),(29, 50.089, '2026-03-11 08:54:35'),(29, 50.355, '2026-03-11 07:54:35'),(29, 49.689, '2026-03-11 06:54:35'),(29, 50.373, '2026-03-11 05:54:35'),(29, 50.234, '2026-03-11 04:54:35'),(29, 50.177, '2026-03-11 03:54:35'),(29, 50.461, '2026-03-11 02:54:35'),(29, 50.342, '2026-03-11 01:54:35'),(29, 50.495, '2026-03-11 00:54:35'),(29, 49.976, '2026-03-10 23:54:35'),(29, 49.672, '2026-03-10 22:54:35'),(29, 49.558, '2026-03-10 21:54:35'),(29, 49.826, '2026-03-10 20:54:35'),(29, 49.554, '2026-03-10 19:54:35'),(29, 50.459, '2026-03-10 18:54:35'),(29, 49.829, '2026-03-10 17:54:35'),(29, 49.633, '2026-03-10 16:54:35'),(29, 49.524, '2026-03-10 15:54:35'),(29, 49.574, '2026-03-10 14:54:35'),(29, 50.033, '2026-03-10 13:54:35'),(29, 50.364, '2026-03-10 12:54:35'),(29, 50.212, '2026-03-10 11:54:35'),(29, 50.353, '2026-03-10 10:54:35'),(29, 49.578, '2026-03-10 09:54:35'),(29, 49.532, '2026-03-10 08:54:35'),(29, 49.756, '2026-03-10 07:54:35'),(29, 49.505, '2026-03-10 06:54:35'),(29, 49.874, '2026-03-10 05:54:35'),(29, 49.723, '2026-03-10 04:54:35'),(29, 50.225, '2026-03-10 03:54:35'),(29, 49.614, '2026-03-10 02:54:35'),(29, 50.414, '2026-03-10 01:54:35'),(29, 50.387, '2026-03-10 00:54:35'),(29, 50.076, '2026-03-09 23:54:35'),(29, 49.935, '2026-03-09 22:54:35'),(29, 49.595, '2026-03-09 21:54:35'),(29, 50.355, '2026-03-09 20:54:35'),(29, 49.672, '2026-03-09 19:54:35'),(29, 49.652, '2026-03-09 18:54:35'),(29, 49.868, '2026-03-09 17:54:35'),(29, 50.378, '2026-03-09 16:54:35'),(29, 50.17, '2026-03-09 15:54:35'),(29, 50.47, '2026-03-09 14:54:35'),(29, 49.912, '2026-03-09 13:54:35'),(29, 50.365, '2026-03-09 12:54:35'),(29, 50.089, '2026-03-09 11:54:35'),(29, 49.934, '2026-03-09 10:54:35'),(29, 50.048, '2026-03-09 09:54:35'),(29, 49.625, '2026-03-09 08:54:35'),(29, 50.31, '2026-03-09 07:54:35'),(29, 49.875, '2026-03-09 06:54:35'),(29, 50.013, '2026-03-09 05:54:35'),(29, 50.462, '2026-03-09 04:54:35'),(29, 50.209, '2026-03-09 03:54:35'),(29, 49.556, '2026-03-09 02:54:35'),(29, 49.617, '2026-03-09 01:54:35'),(29, 50.173, '2026-03-09 00:54:35'),(29, 49.594, '2026-03-08 23:54:35'),(29, 50.211, '2026-03-08 22:54:35'),(29, 50.284, '2026-03-08 21:54:35'),(29, 49.714, '2026-03-08 20:54:35'),(29, 50.365, '2026-03-08 19:54:35'),(29, 50.23, '2026-03-08 18:54:35'),(29, 49.533, '2026-03-08 17:54:35'),(29, 49.603, '2026-03-08 16:54:35'),(29, 50.172, '2026-03-08 15:54:35'),(29, 50.497, '2026-03-08 14:54:35'),(29, 49.803, '2026-03-08 13:54:35'),(29, 49.873, '2026-03-08 12:54:35'),(29, 49.505, '2026-03-08 11:54:35'),(29, 49.601, '2026-03-08 10:54:35'),(29, 49.817, '2026-03-08 09:54:35'),(29, 49.799, '2026-03-08 08:54:35'),(29, 49.656, '2026-03-08 07:54:35'),(29, 50.202, '2026-03-08 06:54:35'),(29, 50.408, '2026-03-08 05:54:35'),(29, 49.81, '2026-03-08 04:54:35'),(29, 49.571, '2026-03-08 03:54:35'),(29, 49.824, '2026-03-08 02:54:35'),(29, 49.88, '2026-03-08 01:54:35'),(29, 50.213, '2026-03-08 00:54:35'),(29, 49.691, '2026-03-07 23:54:35'),(29, 49.663, '2026-03-07 22:54:35'),(29, 50.427, '2026-03-07 21:54:35'),(29, 49.674, '2026-03-07 20:54:35'),(29, 49.825, '2026-03-07 19:54:35'),(29, 49.961, '2026-03-07 18:54:35'),(29, 49.549, '2026-03-07 17:54:35'),(29, 49.655, '2026-03-07 16:54:35'),(29, 49.736, '2026-03-07 15:54:35'),(29, 49.841, '2026-03-07 14:54:35'),(29, 50.318, '2026-03-07 13:54:35'),(29, 49.746, '2026-03-07 12:54:35'),(29, 50.475, '2026-03-07 11:54:35'),(29, 50.193, '2026-03-07 10:54:35'),(29, 50.087, '2026-03-07 09:54:35'),(29, 49.815, '2026-03-07 08:54:35'),(29, 50.469, '2026-03-07 07:54:35'),(29, 50.055, '2026-03-07 06:54:35'),(29, 50.405, '2026-03-07 05:54:35'),(29, 49.597, '2026-03-07 04:54:35'),(29, 50.317, '2026-03-07 03:54:35'),(29, 50.196, '2026-03-07 02:54:35'),(29, 49.894, '2026-03-07 01:54:35'),(29, 50.446, '2026-03-07 00:54:35'),(29, 49.508, '2026-03-06 23:54:35'),(29, 50.075, '2026-03-06 22:54:35'),(29, 49.648, '2026-03-06 21:54:35'),(29, 49.711, '2026-03-06 20:54:35'),(29, 50.338, '2026-03-06 19:54:35'),(29, 49.644, '2026-03-06 18:54:35'),(29, 50.171, '2026-03-06 17:54:35'),(29, 50.084, '2026-03-06 16:54:35'),(29, 50.294, '2026-03-06 15:54:35'),(29, 50.108, '2026-03-06 14:54:35'),(29, 24.995, '2026-03-06 13:54:35'),(29, 49.856, '2026-03-06 12:54:35'),(29, 50.222, '2026-03-06 11:54:35'),(29, 49.948, '2026-03-06 10:54:35'),(29, 49.689, '2026-03-06 09:54:35'),(29, 49.758, '2026-03-06 08:54:35'),(29, 50.293, '2026-03-06 07:54:35'),(29, 49.862, '2026-03-06 06:54:35'),(29, 49.705, '2026-03-06 05:54:35'),(29, 50.159, '2026-03-06 04:54:35'),(29, 49.676, '2026-03-06 03:54:35'),(29, 49.877, '2026-03-06 02:54:35'),(29, 49.924, '2026-03-06 01:54:35'),(29, 49.863, '2026-03-06 00:54:35'),(29, 49.528, '2026-03-05 23:54:35'),(29, 49.945, '2026-03-05 22:54:35'),(29, 49.97, '2026-03-05 21:54:35'),(29, 50.461, '2026-03-05 20:54:35'),(29, 49.703, '2026-03-05 19:54:35'),(29, 49.538, '2026-03-05 18:54:35'),(29, 50.174, '2026-03-05 17:54:35'),(29, 50.122, '2026-03-05 16:54:35'),(29, 49.788, '2026-03-05 15:54:35'),(29, 49.537, '2026-03-05 14:54:35'),(29, 49.727, '2026-03-05 13:54:35'),(29, 49.843, '2026-03-05 12:54:35'),(29, 50.385, '2026-03-05 11:54:35'),(29, 49.951, '2026-03-05 10:54:35'),(29, 50.028, '2026-03-05 09:54:35'),(29, 49.951, '2026-03-05 08:54:35'),(29, 49.782, '2026-03-05 07:54:35'),(29, 49.872, '2026-03-05 06:54:35'),(29, 50.096, '2026-03-05 05:54:35'),(29, 49.643, '2026-03-05 04:54:35'),(29, 50.044, '2026-03-05 03:54:35'),(29, 49.919, '2026-03-05 02:54:35'),(29, 49.571, '2026-03-05 01:54:35'),(29, 49.855, '2026-03-05 00:54:35'),(29, 49.752, '2026-03-04 23:54:35'),(29, 49.734, '2026-03-04 22:54:35'),(29, 49.93, '2026-03-04 21:54:35'),(29, 49.942, '2026-03-04 20:54:35'),(29, 50.261, '2026-03-04 19:54:35'),(29, 50.464, '2026-03-04 18:54:35'),(29, 50.35, '2026-03-04 17:54:35'),(29, 49.91, '2026-03-04 16:54:35'),(29, 49.553, '2026-03-04 15:54:35'),(29, 49.937, '2026-03-04 14:54:35'),(29, 50.406, '2026-03-04 13:54:35'),(29, 24.881, '2026-03-04 12:54:35'),(29, 49.975, '2026-03-04 11:54:35'),(29, 49.956, '2026-03-04 10:54:35'),(29, 50.472, '2026-03-04 09:54:35'),(29, 49.981, '2026-03-04 08:54:35'),(29, 49.547, '2026-03-04 07:54:35'),(29, 50.493, '2026-03-04 06:54:35'),(29, 50.04, '2026-03-04 05:54:35'),(29, 50.374, '2026-03-04 04:54:35'),(29, 49.72, '2026-03-04 03:54:35'),(29, 49.921, '2026-03-04 02:54:35'),(29, 49.545, '2026-03-04 01:54:35'),(29, 49.959, '2026-03-04 00:54:35'),(29, 49.825, '2026-03-03 23:54:35'),(29, 50.248, '2026-03-03 22:54:35'),(29, 49.965, '2026-03-03 21:54:35'),(29, 49.639, '2026-03-03 20:54:35'),(29, 50.388, '2026-03-03 19:54:35'),(29, 49.652, '2026-03-03 18:54:35'),(29, 49.914, '2026-03-03 17:54:35'),(29, 50.313, '2026-03-03 16:54:35'),(29, 50.398, '2026-03-03 15:54:35'),(29, 50.007, '2026-03-03 14:54:35'),(29, 49.596, '2026-03-03 13:54:35'),(29, 49.766, '2026-03-03 12:54:35'),(29, 49.9, '2026-03-03 11:54:35'),(29, 49.527, '2026-03-03 10:54:35'),(29, 49.638, '2026-03-03 09:54:35'),(29, 49.545, '2026-03-03 08:54:35'),(29, 50.338, '2026-03-03 07:54:35'),(29, 49.774, '2026-03-03 06:54:35'),(29, 50.032, '2026-03-03 05:54:35'),(29, 50.299, '2026-03-03 04:54:35'),(29, 50.175, '2026-03-03 03:54:35'),(29, 50.391, '2026-03-03 02:54:35'),(29, 49.898, '2026-03-03 01:54:35'),(29, 50.077, '2026-03-03 00:54:35'),(29, 50.494, '2026-03-02 23:54:35'),(29, 50.012, '2026-03-02 22:54:35'),(29, 50.326, '2026-03-02 21:54:35'),(29, 50.358, '2026-03-02 20:54:35'),(29, 50.377, '2026-03-02 19:54:35'),(29, 50.314, '2026-03-02 18:54:35'),(29, 49.76, '2026-03-02 17:54:35'),(29, 50.461, '2026-03-02 16:54:35'),(29, 50.242, '2026-03-02 15:54:35'),(29, 49.933, '2026-03-02 14:54:35'),(29, 49.547, '2026-03-02 13:54:35'),(29, 50.067, '2026-03-02 12:54:35'),(29, 49.709, '2026-03-02 11:54:35'),(29, 50.091, '2026-03-02 10:54:35'),(29, 50.201, '2026-03-02 09:54:35'),(29, 50.132, '2026-03-02 08:54:35'),(29, 49.553, '2026-03-02 07:54:35'),(29, 50.155, '2026-03-02 06:54:35'),(29, 50.083, '2026-03-02 05:54:35'),(29, 49.657, '2026-03-02 04:54:35'),(29, 49.61, '2026-03-02 03:54:35'),(29, 49.573, '2026-03-02 02:54:35'),(29, 49.759, '2026-03-02 01:54:35'),(29, 49.529, '2026-03-02 00:54:35'),(29, 50.029, '2026-03-01 23:54:35'),(29, 50.018, '2026-03-01 22:54:35'),(29, 49.573, '2026-03-01 21:54:35'),(29, 50.303, '2026-03-01 20:54:35'),(29, 50.209, '2026-03-01 19:54:35'),(29, 49.883, '2026-03-01 18:54:35'),(29, 50.195, '2026-03-01 17:54:35'),(29, 49.561, '2026-03-01 16:54:35'),(29, 49.731, '2026-03-01 15:54:35'),(29, 50.458, '2026-03-01 14:54:35'),(29, 49.795, '2026-03-01 13:54:35');
INSERT INTO mining_sensors (id, type_id, name, lat, lng, status, current_value) VALUES (30, 10, 'Gas CO2 03', -17.248438931359022, -70.60867175339882, 'active', 50.0);
INSERT INTO mining_sensor_history (sensor_id, value, timestamp) VALUES (30, 49.677, '2026-03-16 12:54:35'),(30, 50.038, '2026-03-16 11:54:35'),(30, 49.671, '2026-03-16 10:54:35'),(30, 49.68, '2026-03-16 09:54:35'),(30, 50.232, '2026-03-16 08:54:35'),(30, 49.505, '2026-03-16 07:54:35'),(30, 50.037, '2026-03-16 06:54:35'),(30, 50.076, '2026-03-16 05:54:35'),(30, 50.008, '2026-03-16 04:54:35'),(30, 49.949, '2026-03-16 03:54:35'),(30, 49.977, '2026-03-16 02:54:35'),(30, 49.785, '2026-03-16 01:54:35'),(30, 49.649, '2026-03-16 00:54:35'),(30, 49.752, '2026-03-15 23:54:35'),(30, 49.507, '2026-03-15 22:54:35'),(30, 49.776, '2026-03-15 21:54:35'),(30, 50.275, '2026-03-15 20:54:35'),(30, 50.403, '2026-03-15 19:54:35'),(30, 49.905, '2026-03-15 18:54:35'),(30, 49.973, '2026-03-15 17:54:35'),(30, 49.997, '2026-03-15 16:54:35'),(30, 50.297, '2026-03-15 15:54:35'),(30, 50.423, '2026-03-15 14:54:35'),(30, 50.287, '2026-03-15 13:54:35'),(30, 49.648, '2026-03-15 12:54:35'),(30, 50.446, '2026-03-15 11:54:35'),(30, 50.337, '2026-03-15 10:54:35'),(30, 50.398, '2026-03-15 09:54:35'),(30, 49.631, '2026-03-15 08:54:35'),(30, 49.77, '2026-03-15 07:54:35'),(30, 50.324, '2026-03-15 06:54:35'),(30, 49.929, '2026-03-15 05:54:35'),(30, 49.715, '2026-03-15 04:54:35'),(30, 49.826, '2026-03-15 03:54:35'),(30, 49.617, '2026-03-15 02:54:35'),(30, 50.363, '2026-03-15 01:54:35'),(30, 50.065, '2026-03-15 00:54:35'),(30, 50.277, '2026-03-14 23:54:35'),(30, 50.398, '2026-03-14 22:54:35'),(30, 49.612, '2026-03-14 21:54:35'),(30, 50.326, '2026-03-14 20:54:35'),(30, 49.972, '2026-03-14 19:54:35'),(30, 50.084, '2026-03-14 18:54:35'),(30, 50.431, '2026-03-14 17:54:35'),(30, 49.568, '2026-03-14 16:54:35'),(30, 50.134, '2026-03-14 15:54:35'),(30, 50.139, '2026-03-14 14:54:35'),(30, 49.767, '2026-03-14 13:54:35'),(30, 50.183, '2026-03-14 12:54:35'),(30, 50.021, '2026-03-14 11:54:35'),(30, 50.338, '2026-03-14 10:54:35'),(30, 50.489, '2026-03-14 09:54:35'),(30, 50.275, '2026-03-14 08:54:35'),(30, 50.173, '2026-03-14 07:54:35'),(30, 50.305, '2026-03-14 06:54:35'),(30, 50.47, '2026-03-14 05:54:35'),(30, 49.691, '2026-03-14 04:54:35'),(30, 49.849, '2026-03-14 03:54:35'),(30, 50.019, '2026-03-14 02:54:35'),(30, 50.195, '2026-03-14 01:54:35'),(30, 49.598, '2026-03-14 00:54:35'),(30, 49.95, '2026-03-13 23:54:35'),(30, 49.745, '2026-03-13 22:54:35'),(30, 50.356, '2026-03-13 21:54:35'),(30, 50.062, '2026-03-13 20:54:35'),(30, 49.6, '2026-03-13 19:54:35'),(30, 49.657, '2026-03-13 18:54:35'),(30, 49.603, '2026-03-13 17:54:35'),(30, 50.438, '2026-03-13 16:54:35'),(30, 50.251, '2026-03-13 15:54:35'),(30, 50.172, '2026-03-13 14:54:35'),(30, 50.383, '2026-03-13 13:54:35'),(30, 49.872, '2026-03-13 12:54:35'),(30, 50.097, '2026-03-13 11:54:35'),(30, 49.962, '2026-03-13 10:54:35'),(30, 49.983, '2026-03-13 09:54:35'),(30, 50.437, '2026-03-13 08:54:35'),(30, 50.47, '2026-03-13 07:54:35'),(30, 50.422, '2026-03-13 06:54:35'),(30, 50.071, '2026-03-13 05:54:35'),(30, 49.658, '2026-03-13 04:54:35'),(30, 50.455, '2026-03-13 03:54:35'),(30, 50.214, '2026-03-13 02:54:35'),(30, 50.311, '2026-03-13 01:54:35'),(30, 50.155, '2026-03-13 00:54:35'),(30, 50.496, '2026-03-12 23:54:35'),(30, 49.925, '2026-03-12 22:54:35'),(30, 49.585, '2026-03-12 21:54:35'),(30, 49.776, '2026-03-12 20:54:35'),(30, 50.389, '2026-03-12 19:54:35'),(30, 49.727, '2026-03-12 18:54:35'),(30, 50.35, '2026-03-12 17:54:35'),(30, 50.479, '2026-03-12 16:54:35'),(30, 49.605, '2026-03-12 15:54:35'),(30, 50.48, '2026-03-12 14:54:35'),(30, 50.22, '2026-03-12 13:54:35'),(30, 49.88, '2026-03-12 12:54:35'),(30, 50.381, '2026-03-12 11:54:35'),(30, 49.521, '2026-03-12 10:54:35'),(30, 50.015, '2026-03-12 09:54:35'),(30, 49.525, '2026-03-12 08:54:35'),(30, 50.113, '2026-03-12 07:54:35'),(30, 50.333, '2026-03-12 06:54:35'),(30, 50.104, '2026-03-12 05:54:35'),(30, 50.297, '2026-03-12 04:54:35'),(30, 50.076, '2026-03-12 03:54:35'),(30, 50.491, '2026-03-12 02:54:35'),(30, 49.957, '2026-03-12 01:54:35'),(30, 49.989, '2026-03-12 00:54:35'),(30, 50.396, '2026-03-11 23:54:35'),(30, 49.521, '2026-03-11 22:54:35'),(30, 49.68, '2026-03-11 21:54:35'),(30, 50.093, '2026-03-11 20:54:35'),(30, 50.267, '2026-03-11 19:54:35'),(30, 50.257, '2026-03-11 18:54:35'),(30, 49.679, '2026-03-11 17:54:35'),(30, 50.301, '2026-03-11 16:54:35'),(30, 49.681, '2026-03-11 15:54:35'),(30, 50.09, '2026-03-11 14:54:35'),(30, 50.352, '2026-03-11 13:54:35'),(30, 50.274, '2026-03-11 12:54:35'),(30, 49.95, '2026-03-11 11:54:35'),(30, 49.665, '2026-03-11 10:54:35'),(30, 49.806, '2026-03-11 09:54:35'),(30, 50.194, '2026-03-11 08:54:35'),(30, 50.364, '2026-03-11 07:54:35'),(30, 50.227, '2026-03-11 06:54:35'),(30, 49.943, '2026-03-11 05:54:35'),(30, 50.165, '2026-03-11 04:54:35'),(30, 50.073, '2026-03-11 03:54:35'),(30, 49.678, '2026-03-11 02:54:35'),(30, 50.42, '2026-03-11 01:54:35'),(30, 49.922, '2026-03-11 00:54:35'),(30, 49.602, '2026-03-10 23:54:35'),(30, 49.861, '2026-03-10 22:54:35'),(30, 49.596, '2026-03-10 21:54:35'),(30, 50.193, '2026-03-10 20:54:35'),(30, 49.608, '2026-03-10 19:54:35'),(30, 49.726, '2026-03-10 18:54:35'),(30, 50.477, '2026-03-10 17:54:35'),(30, 49.639, '2026-03-10 16:54:35'),(30, 50.034, '2026-03-10 15:54:35'),(30, 49.541, '2026-03-10 14:54:35'),(30, 49.531, '2026-03-10 13:54:35'),(30, 50.211, '2026-03-10 12:54:35'),(30, 49.949, '2026-03-10 11:54:35'),(30, 49.837, '2026-03-10 10:54:35'),(30, 50.27, '2026-03-10 09:54:35'),(30, 50.322, '2026-03-10 08:54:35'),(30, 49.935, '2026-03-10 07:54:35'),(30, 49.707, '2026-03-10 06:54:35'),(30, 50.385, '2026-03-10 05:54:35'),(30, 49.523, '2026-03-10 04:54:35'),(30, 49.598, '2026-03-10 03:54:35'),(30, 49.754, '2026-03-10 02:54:35'),(30, 50.195, '2026-03-10 01:54:35'),(30, 50.465, '2026-03-10 00:54:35'),(30, 49.607, '2026-03-09 23:54:35'),(30, 49.782, '2026-03-09 22:54:35'),(30, 49.523, '2026-03-09 21:54:35'),(30, 49.728, '2026-03-09 20:54:35'),(30, 50.367, '2026-03-09 19:54:35'),(30, 50.294, '2026-03-09 18:54:35'),(30, 49.734, '2026-03-09 17:54:35'),(30, 50.246, '2026-03-09 16:54:35'),(30, 49.929, '2026-03-09 15:54:35'),(30, 50.054, '2026-03-09 14:54:35'),(30, 50.405, '2026-03-09 13:54:35'),(30, 49.657, '2026-03-09 12:54:35'),(30, 50.286, '2026-03-09 11:54:35'),(30, 50.202, '2026-03-09 10:54:35'),(30, 25.234, '2026-03-09 09:54:35'),(30, 49.87, '2026-03-09 08:54:35'),(30, 49.963, '2026-03-09 07:54:35'),(30, 24.868, '2026-03-09 06:54:35'),(30, 50.206, '2026-03-09 05:54:35'),(30, 50.218, '2026-03-09 04:54:35'),(30, 49.518, '2026-03-09 03:54:35'),(30, 49.711, '2026-03-09 02:54:35'),(30, 50.227, '2026-03-09 01:54:35'),(30, 49.803, '2026-03-09 00:54:35'),(30, 50.256, '2026-03-08 23:54:35'),(30, 50.25, '2026-03-08 22:54:35'),(30, 50.378, '2026-03-08 21:54:35'),(30, 49.835, '2026-03-08 20:54:35'),(30, 49.972, '2026-03-08 19:54:35'),(30, 50.032, '2026-03-08 18:54:35'),(30, 49.897, '2026-03-08 17:54:35'),(30, 50.289, '2026-03-08 16:54:35'),(30, 49.553, '2026-03-08 15:54:35'),(30, 50.127, '2026-03-08 14:54:35'),(30, 49.994, '2026-03-08 13:54:35'),(30, 50.038, '2026-03-08 12:54:35'),(30, 50.34, '2026-03-08 11:54:35'),(30, 49.548, '2026-03-08 10:54:35'),(30, 49.649, '2026-03-08 09:54:35'),(30, 50.118, '2026-03-08 08:54:35'),(30, 49.709, '2026-03-08 07:54:35'),(30, 49.672, '2026-03-08 06:54:35'),(30, 49.529, '2026-03-08 05:54:35'),(30, 49.819, '2026-03-08 04:54:35'),(30, 49.502, '2026-03-08 03:54:35'),(30, 50.063, '2026-03-08 02:54:35'),(30, 50.326, '2026-03-08 01:54:35'),(30, 49.614, '2026-03-08 00:54:35'),(30, 50.14, '2026-03-07 23:54:35'),(30, 50.329, '2026-03-07 22:54:35'),(30, 50.46, '2026-03-07 21:54:35'),(30, 49.887, '2026-03-07 20:54:35'),(30, 50.011, '2026-03-07 19:54:35'),(30, 50.116, '2026-03-07 18:54:35'),(30, 49.515, '2026-03-07 17:54:35'),(30, 49.981, '2026-03-07 16:54:35'),(30, 50.443, '2026-03-07 15:54:35'),(30, 49.904, '2026-03-07 14:54:35'),(30, 49.925, '2026-03-07 13:54:35'),(30, 49.949, '2026-03-07 12:54:35'),(30, 50.373, '2026-03-07 11:54:35'),(30, 49.976, '2026-03-07 10:54:35'),(30, 49.669, '2026-03-07 09:54:35'),(30, 50.217, '2026-03-07 08:54:35'),(30, 50.333, '2026-03-07 07:54:35'),(30, 50.433, '2026-03-07 06:54:35'),(30, 49.887, '2026-03-07 05:54:35'),(30, 49.779, '2026-03-07 04:54:35'),(30, 49.665, '2026-03-07 03:54:35'),(30, 50.257, '2026-03-07 02:54:35'),(30, 50.128, '2026-03-07 01:54:35'),(30, 49.759, '2026-03-07 00:54:35'),(30, 50.021, '2026-03-06 23:54:35'),(30, 50.377, '2026-03-06 22:54:35'),(30, 50.135, '2026-03-06 21:54:35'),(30, 49.523, '2026-03-06 20:54:35'),(30, 49.914, '2026-03-06 19:54:35'),(30, 50.466, '2026-03-06 18:54:35'),(30, 49.601, '2026-03-06 17:54:35'),(30, 50.012, '2026-03-06 16:54:35'),(30, 49.657, '2026-03-06 15:54:35'),(30, 49.599, '2026-03-06 14:54:35'),(30, 50.244, '2026-03-06 13:54:35'),(30, 50.187, '2026-03-06 12:54:35'),(30, 50.285, '2026-03-06 11:54:35'),(30, 49.542, '2026-03-06 10:54:35'),(30, 49.995, '2026-03-06 09:54:35'),(30, 49.644, '2026-03-06 08:54:35'),(30, 50.412, '2026-03-06 07:54:35'),(30, 49.961, '2026-03-06 06:54:35'),(30, 50.092, '2026-03-06 05:54:35'),(30, 49.747, '2026-03-06 04:54:35'),(30, 49.617, '2026-03-06 03:54:35'),(30, 50.098, '2026-03-06 02:54:35'),(30, 49.684, '2026-03-06 01:54:35'),(30, 50.168, '2026-03-06 00:54:35'),(30, 50.086, '2026-03-05 23:54:35'),(30, 49.752, '2026-03-05 22:54:35'),(30, 50.182, '2026-03-05 21:54:35'),(30, 49.934, '2026-03-05 20:54:35'),(30, 49.88, '2026-03-05 19:54:35'),(30, 49.553, '2026-03-05 18:54:35'),(30, 50.125, '2026-03-05 17:54:35'),(30, 50.009, '2026-03-05 16:54:35'),(30, 50.321, '2026-03-05 15:54:35'),(30, 49.786, '2026-03-05 14:54:35'),(30, 49.587, '2026-03-05 13:54:35'),(30, 49.619, '2026-03-05 12:54:35'),(30, 49.984, '2026-03-05 11:54:35'),(30, 50.254, '2026-03-05 10:54:35'),(30, 49.641, '2026-03-05 09:54:35'),(30, 50.29, '2026-03-05 08:54:35'),(30, 50.48, '2026-03-05 07:54:35'),(30, 50.305, '2026-03-05 06:54:35'),(30, 50.215, '2026-03-05 05:54:35'),(30, 50.289, '2026-03-05 04:54:35'),(30, 49.828, '2026-03-05 03:54:35'),(30, 50.366, '2026-03-05 02:54:35'),(30, 49.812, '2026-03-05 01:54:35'),(30, 50.126, '2026-03-05 00:54:35'),(30, 50.065, '2026-03-04 23:54:35'),(30, 49.565, '2026-03-04 22:54:35'),(30, 49.799, '2026-03-04 21:54:35'),(30, 50.273, '2026-03-04 20:54:35'),(30, 49.551, '2026-03-04 19:54:35'),(30, 49.871, '2026-03-04 18:54:35'),(30, 49.936, '2026-03-04 17:54:35'),(30, 49.761, '2026-03-04 16:54:35'),(30, 49.968, '2026-03-04 15:54:35'),(30, 49.681, '2026-03-04 14:54:35'),(30, 50.435, '2026-03-04 13:54:35'),(30, 50.161, '2026-03-04 12:54:35'),(30, 50.13, '2026-03-04 11:54:35'),(30, 49.881, '2026-03-04 10:54:35'),(30, 50.389, '2026-03-04 09:54:35'),(30, 49.84, '2026-03-04 08:54:35'),(30, 50.331, '2026-03-04 07:54:35'),(30, 49.717, '2026-03-04 06:54:35'),(30, 49.957, '2026-03-04 05:54:35'),(30, 49.997, '2026-03-04 04:54:35'),(30, 50.192, '2026-03-04 03:54:35'),(30, 49.916, '2026-03-04 02:54:35'),(30, 49.742, '2026-03-04 01:54:35'),(30, 50.397, '2026-03-04 00:54:35'),(30, 49.738, '2026-03-03 23:54:35'),(30, 49.623, '2026-03-03 22:54:35'),(30, 50.347, '2026-03-03 21:54:35'),(30, 50.034, '2026-03-03 20:54:35'),(30, 50.214, '2026-03-03 19:54:35'),(30, 49.695, '2026-03-03 18:54:35'),(30, 50.452, '2026-03-03 17:54:35'),(30, 49.628, '2026-03-03 16:54:35'),(30, 50.375, '2026-03-03 15:54:35'),(30, 49.912, '2026-03-03 14:54:35'),(30, 50.491, '2026-03-03 13:54:35'),(30, 49.889, '2026-03-03 12:54:35'),(30, 49.976, '2026-03-03 11:54:35'),(30, 49.576, '2026-03-03 10:54:35'),(30, 49.671, '2026-03-03 09:54:35'),(30, 49.705, '2026-03-03 08:54:35'),(30, 50.2, '2026-03-03 07:54:35'),(30, 50.096, '2026-03-03 06:54:35'),(30, 49.773, '2026-03-03 05:54:35'),(30, 50.383, '2026-03-03 04:54:35'),(30, 50.096, '2026-03-03 03:54:35'),(30, 50.103, '2026-03-03 02:54:35'),(30, 50.181, '2026-03-03 01:54:35'),(30, 49.923, '2026-03-03 00:54:35'),(30, 50.365, '2026-03-02 23:54:35'),(30, 50.466, '2026-03-02 22:54:35'),(30, 49.502, '2026-03-02 21:54:35'),(30, 49.635, '2026-03-02 20:54:35'),(30, 49.63, '2026-03-02 19:54:35'),(30, 49.619, '2026-03-02 18:54:35'),(30, 49.994, '2026-03-02 17:54:35'),(30, 49.675, '2026-03-02 16:54:35'),(30, 50.402, '2026-03-02 15:54:35'),(30, 50.29, '2026-03-02 14:54:35'),(30, 49.92, '2026-03-02 13:54:35'),(30, 49.913, '2026-03-02 12:54:35'),(30, 49.576, '2026-03-02 11:54:35'),(30, 49.907, '2026-03-02 10:54:35'),(30, 49.711, '2026-03-02 09:54:35'),(30, 49.987, '2026-03-02 08:54:35'),(30, 49.966, '2026-03-02 07:54:35'),(30, 50.129, '2026-03-02 06:54:35'),(30, 50.258, '2026-03-02 05:54:35'),(30, 49.501, '2026-03-02 04:54:35'),(30, 49.741, '2026-03-02 03:54:35'),(30, 49.932, '2026-03-02 02:54:35'),(30, 50.36, '2026-03-02 01:54:35'),(30, 50.15, '2026-03-02 00:54:35'),(30, 50.377, '2026-03-01 23:54:35'),(30, 49.792, '2026-03-01 22:54:35'),(30, 50.002, '2026-03-01 21:54:35'),(30, 49.792, '2026-03-01 20:54:35'),(30, 49.784, '2026-03-01 19:54:35'),(30, 50.336, '2026-03-01 18:54:35'),(30, 50.354, '2026-03-01 17:54:35'),(30, 50.089, '2026-03-01 16:54:35'),(30, 50.149, '2026-03-01 15:54:35'),(30, 50.437, '2026-03-01 14:54:35'),(30, 50.252, '2026-03-01 13:54:35');
INSERT INTO mining_sensors (id, type_id, name, lat, lng, status, current_value) VALUES (31, 11, 'Estación Met. 01', -17.241384567512476, -70.6146846860772, 'active', 50.0);
INSERT INTO mining_sensor_history (sensor_id, value, timestamp) VALUES (31, 53.93, '2026-03-16 12:54:35'),(31, 54.955, '2026-03-16 11:54:35'),(31, 53.228, '2026-03-16 10:54:35'),(31, 54.471, '2026-03-16 09:54:35'),(31, 53.206, '2026-03-16 08:54:35'),(31, 51.042, '2026-03-16 07:54:35'),(31, 48.944, '2026-03-16 06:54:35'),(31, 48.81, '2026-03-16 05:54:35'),(31, 46.791, '2026-03-16 04:54:35'),(31, 46.221, '2026-03-16 03:54:35'),(31, 46.898, '2026-03-16 02:54:35'),(31, 44.005, '2026-03-16 01:54:35'),(31, 45.985, '2026-03-16 00:54:35'),(31, 44.445, '2026-03-15 23:54:35'),(31, 46.355, '2026-03-15 22:54:35'),(31, 47.311, '2026-03-15 21:54:35'),(31, 46.64, '2026-03-15 20:54:35'),(31, 49.831, '2026-03-15 19:54:35'),(31, 48.798, '2026-03-15 18:54:35'),(31, 50.772, '2026-03-15 17:54:35'),(31, 53.089, '2026-03-15 16:54:35'),(31, 53.097, '2026-03-15 15:54:35'),(31, 54.015, '2026-03-15 14:54:35'),(31, 55.01, '2026-03-15 13:54:35'),(31, 54.301, '2026-03-15 12:54:35'),(31, 53.957, '2026-03-15 11:54:35'),(31, 54.956, '2026-03-15 10:54:35'),(31, 53.853, '2026-03-15 09:54:35'),(31, 53.68, '2026-03-15 08:54:35'),(31, 52.399, '2026-03-15 07:54:35'),(31, 48.889, '2026-03-15 06:54:35'),(31, 48.043, '2026-03-15 05:54:35'),(31, 46.81, '2026-03-15 04:54:35'),(31, 47.178, '2026-03-15 03:54:35'),(31, 46.385, '2026-03-15 02:54:35'),(31, 43.923, '2026-03-15 01:54:35'),(31, 45.986, '2026-03-15 00:54:35'),(31, 44.709, '2026-03-14 23:54:35'),(31, 44.469, '2026-03-14 22:54:35'),(31, 45.251, '2026-03-14 21:54:35'),(31, 46.755, '2026-03-14 20:54:35'),(31, 48.059, '2026-03-14 19:54:35'),(31, 49.515, '2026-03-14 18:54:35'),(31, 51.437, '2026-03-14 17:54:35'),(31, 52.366, '2026-03-14 16:54:35'),(31, 53.54, '2026-03-14 15:54:35'),(31, 55.03, '2026-03-14 14:54:35'),(31, 54.035, '2026-03-14 13:54:35'),(31, 54.501, '2026-03-14 12:54:35'),(31, 53.849, '2026-03-14 11:54:35'),(31, 54.912, '2026-03-14 10:54:35'),(31, 52.483, '2026-03-14 09:54:35'),(31, 53.585, '2026-03-14 08:54:35'),(31, 51.181, '2026-03-14 07:54:35'),(31, 49.337, '2026-03-14 06:54:35'),(31, 49.713, '2026-03-14 05:54:35'),(31, 47.496, '2026-03-14 04:54:35'),(31, 45.703, '2026-03-14 03:54:35'),(31, 46.908, '2026-03-14 02:54:35'),(31, 46.384, '2026-03-14 01:54:35'),(31, 45.13, '2026-03-14 00:54:35'),(31, 44.92, '2026-03-13 23:54:35'),(31, 46.723, '2026-03-13 22:54:35'),(31, 47.711, '2026-03-13 21:54:35'),(31, 48.561, '2026-03-13 20:54:35'),(31, 48.855, '2026-03-13 19:54:35'),(31, 49.105, '2026-03-13 18:54:35'),(31, 51.74, '2026-03-13 17:54:35'),(31, 51.968, '2026-03-13 16:54:35'),(31, 52.848, '2026-03-13 15:54:35'),(31, 55.538, '2026-03-13 14:54:35'),(31, 54.852, '2026-03-13 13:54:35'),(31, 55.018, '2026-03-13 12:54:35'),(31, 53.743, '2026-03-13 11:54:35'),(31, 55.347, '2026-03-13 10:54:35'),(31, 53.887, '2026-03-13 09:54:35'),(31, 51.714, '2026-03-13 08:54:35'),(31, 51.751, '2026-03-13 07:54:35'),(31, 50.778, '2026-03-13 06:54:35'),(31, 48.62, '2026-03-13 05:54:35'),(31, 47.321, '2026-03-13 04:54:35'),(31, 45.592, '2026-03-13 03:54:35'),(31, 46.416, '2026-03-13 02:54:35'),(31, 44.894, '2026-03-13 01:54:35'),(31, 45.209, '2026-03-13 00:54:35'),(31, 46.104, '2026-03-12 23:54:35'),(31, 44.743, '2026-03-12 22:54:35'),(31, 46.384, '2026-03-12 21:54:35'),(31, 46.26, '2026-03-12 20:54:35'),(31, 47.747, '2026-03-12 19:54:35'),(31, 50.042, '2026-03-12 18:54:35'),(31, 51.662, '2026-03-12 17:54:35'),(31, 51.489, '2026-03-12 16:54:35'),(31, 52.914, '2026-03-12 15:54:35'),(31, 55.263, '2026-03-12 14:54:35'),(31, 55.524, '2026-03-12 13:54:35'),(31, 53.897, '2026-03-12 12:54:35'),(31, 54.277, '2026-03-12 11:54:35'),(31, 53.375, '2026-03-12 10:54:35'),(31, 52.984, '2026-03-12 09:54:35'),(31, 52.703, '2026-03-12 08:54:35'),(31, 50.779, '2026-03-12 07:54:35'),(31, 50.409, '2026-03-12 06:54:35'),(31, 48.019, '2026-03-12 05:54:35'),(31, 47.225, '2026-03-12 04:54:35'),(31, 47.414, '2026-03-12 03:54:35'),(31, 45.598, '2026-03-12 02:54:35'),(31, 45.775, '2026-03-12 01:54:35'),(31, 44.874, '2026-03-12 00:54:35'),(31, 45.106, '2026-03-11 23:54:35'),(31, 44.723, '2026-03-11 22:54:35'),(31, 47.56, '2026-03-11 21:54:35'),(31, 47.453, '2026-03-11 20:54:35'),(31, 47.569, '2026-03-11 19:54:35'),(31, 50.75, '2026-03-11 18:54:35'),(31, 51.518, '2026-03-11 17:54:35'),(31, 52.279, '2026-03-11 16:54:35'),(31, 54.783, '2026-03-11 15:54:35'),(31, 54.719, '2026-03-11 14:54:35'),(31, 55.349, '2026-03-11 13:54:35'),(31, 53.996, '2026-03-11 12:54:35'),(31, 54.416, '2026-03-11 11:54:35'),(31, 55.489, '2026-03-11 10:54:35'),(31, 53.0, '2026-03-11 09:54:35'),(31, 51.789, '2026-03-11 08:54:35'),(31, 51.278, '2026-03-11 07:54:35'),(31, 50.846, '2026-03-11 06:54:35'),(31, 47.907, '2026-03-11 05:54:35'),(31, 46.316, '2026-03-11 04:54:35'),(31, 45.393, '2026-03-11 03:54:35'),(31, 44.889, '2026-03-11 02:54:35'),(31, 45.611, '2026-03-11 01:54:35'),(31, 44.729, '2026-03-11 00:54:35'),(31, 46.11, '2026-03-10 23:54:35'),(31, 45.104, '2026-03-10 22:54:35'),(31, 45.834, '2026-03-10 21:54:35'),(31, 47.696, '2026-03-10 20:54:35'),(31, 49.808, '2026-03-10 19:54:35'),(31, 49.491, '2026-03-10 18:54:35'),(31, 51.923, '2026-03-10 17:54:35'),(31, 51.631, '2026-03-10 16:54:35'),(31, 52.974, '2026-03-10 15:54:35'),(31, 53.953, '2026-03-10 14:54:35'),(31, 55.967, '2026-03-10 13:54:35'),(31, 55.223, '2026-03-10 12:54:35'),(31, 54.012, '2026-03-10 11:54:35'),(31, 55.577, '2026-03-10 10:54:35'),(31, 53.631, '2026-03-10 09:54:35'),(31, 52.633, '2026-03-10 08:54:35'),(31, 52.495, '2026-03-10 07:54:35'),(31, 50.663, '2026-03-10 06:54:35'),(31, 48.86, '2026-03-10 05:54:35'),(31, 48.704, '2026-03-10 04:54:35'),(31, 47.645, '2026-03-10 03:54:35'),(31, 45.565, '2026-03-10 02:54:35'),(31, 44.172, '2026-03-10 01:54:35'),(31, 45.358, '2026-03-10 00:54:35'),(31, 45.779, '2026-03-09 23:54:35'),(31, 46.049, '2026-03-09 22:54:35'),(31, 46.937, '2026-03-09 21:54:35'),(31, 47.184, '2026-03-09 20:54:35'),(31, 48.106, '2026-03-09 19:54:35'),(31, 50.162, '2026-03-09 18:54:35'),(31, 52.054, '2026-03-09 17:54:35'),(31, 53.24, '2026-03-09 16:54:35'),(31, 52.646, '2026-03-09 15:54:35'),(31, 53.857, '2026-03-09 14:54:35'),(31, 54.296, '2026-03-09 13:54:35'),(31, 54.16, '2026-03-09 12:54:35'),(31, 56.046, '2026-03-09 11:54:35'),(31, 53.588, '2026-03-09 10:54:35'),(31, 52.677, '2026-03-09 09:54:35'),(31, 51.307, '2026-03-09 08:54:35'),(31, 51.421, '2026-03-09 07:54:35'),(31, 51.15, '2026-03-09 06:54:35'),(31, 48.123, '2026-03-09 05:54:35'),(31, 46.447, '2026-03-09 04:54:35'),(31, 46.851, '2026-03-09 03:54:35'),(31, 45.013, '2026-03-09 02:54:35'),(31, 44.383, '2026-03-09 01:54:35'),(31, 46.074, '2026-03-09 00:54:35'),(31, 45.871, '2026-03-08 23:54:35'),(31, 45.217, '2026-03-08 22:54:35'),(31, 46.994, '2026-03-08 21:54:35'),(31, 46.73, '2026-03-08 20:54:35'),(31, 49.005, '2026-03-08 19:54:35'),(31, 50.483, '2026-03-08 18:54:35'),(31, 52.133, '2026-03-08 17:54:35'),(31, 52.0, '2026-03-08 16:54:35'),(31, 53.532, '2026-03-08 15:54:35'),(31, 55.034, '2026-03-08 14:54:35'),(31, 55.328, '2026-03-08 13:54:35'),(31, 53.833, '2026-03-08 12:54:35'),(31, 55.689, '2026-03-08 11:54:35'),(31, 53.475, '2026-03-08 10:54:35'),(31, 52.736, '2026-03-08 09:54:35'),(31, 51.657, '2026-03-08 08:54:35'),(31, 52.412, '2026-03-08 07:54:35'),(31, 51.105, '2026-03-08 06:54:35'),(31, 48.931, '2026-03-08 05:54:35'),(31, 48.593, '2026-03-08 04:54:35'),(31, 45.364, '2026-03-08 03:54:35'),(31, 46.549, '2026-03-08 02:54:35'),(31, 46.321, '2026-03-08 01:54:35'),(31, 44.504, '2026-03-08 00:54:35'),(31, 45.495, '2026-03-07 23:54:35'),(31, 45.851, '2026-03-07 22:54:35'),(31, 46.696, '2026-03-07 21:54:35'),(31, 48.395, '2026-03-07 20:54:35'),(31, 49.424, '2026-03-07 19:54:35'),(31, 48.865, '2026-03-07 18:54:35'),(31, 51.878, '2026-03-07 17:54:35'),(31, 52.379, '2026-03-07 16:54:35'),(31, 53.876, '2026-03-07 15:54:35'),(31, 54.058, '2026-03-07 14:54:35'),(31, 55.901, '2026-03-07 13:54:35'),(31, 54.055, '2026-03-07 12:54:35'),(31, 55.138, '2026-03-07 11:54:35'),(31, 53.094, '2026-03-07 10:54:35'),(31, 53.503, '2026-03-07 09:54:35'),(31, 52.108, '2026-03-07 08:54:35'),(31, 50.607, '2026-03-07 07:54:35'),(31, 51.082, '2026-03-07 06:54:35'),(31, 49.357, '2026-03-07 05:54:35'),(31, 47.829, '2026-03-07 04:54:35'),(31, 47.432, '2026-03-07 03:54:35'),(31, 44.536, '2026-03-07 02:54:35'),(31, 44.459, '2026-03-07 01:54:35'),(31, 45.654, '2026-03-07 00:54:35'),(31, 44.348, '2026-03-06 23:54:35'),(31, 44.952, '2026-03-06 22:54:35'),(31, 46.949, '2026-03-06 21:54:35'),(31, 46.774, '2026-03-06 20:54:35'),(31, 48.102, '2026-03-06 19:54:35'),(31, 49.188, '2026-03-06 18:54:35'),(31, 51.18, '2026-03-06 17:54:35'),(31, 53.613, '2026-03-06 16:54:35'),(31, 54.616, '2026-03-06 15:54:35'),(31, 54.998, '2026-03-06 14:54:35'),(31, 55.098, '2026-03-06 13:54:35'),(31, 55.162, '2026-03-06 12:54:35'),(31, 54.626, '2026-03-06 11:54:35'),(31, 54.155, '2026-03-06 10:54:35'),(31, 54.2, '2026-03-06 09:54:35'),(31, 51.835, '2026-03-06 08:54:35'),(31, 50.866, '2026-03-06 07:54:35'),(31, 50.632, '2026-03-06 06:54:35'),(31, 49.3, '2026-03-06 05:54:35'),(31, 46.484, '2026-03-06 04:54:35'),(31, 45.392, '2026-03-06 03:54:35'),(31, 45.416, '2026-03-06 02:54:35'),(31, 44.537, '2026-03-06 01:54:35'),(31, 44.17, '2026-03-06 00:54:35'),(31, 46.365, '2026-03-05 23:54:35'),(31, 45.11, '2026-03-05 22:54:35'),(31, 45.594, '2026-03-05 21:54:35'),(31, 48.307, '2026-03-05 20:54:35'),(31, 47.866, '2026-03-05 19:54:35'),(31, 50.335, '2026-03-05 18:54:35'),(31, 51.494, '2026-03-05 17:54:35'),(31, 53.149, '2026-03-05 16:54:35'),(31, 52.576, '2026-03-05 15:54:35'),(31, 54.111, '2026-03-05 14:54:35'),(31, 54.139, '2026-03-05 13:54:35'),(31, 55.399, '2026-03-05 12:54:35'),(31, 54.674, '2026-03-05 11:54:35'),(31, 54.977, '2026-03-05 10:54:35'),(31, 52.847, '2026-03-05 09:54:35'),(31, 52.652, '2026-03-05 08:54:35'),(31, 51.506, '2026-03-05 07:54:35'),(31, 49.916, '2026-03-05 06:54:35'),(31, 49.458, '2026-03-05 05:54:35'),(31, 48.003, '2026-03-05 04:54:35'),(31, 47.567, '2026-03-05 03:54:35'),(31, 46.819, '2026-03-05 02:54:35'),(31, 44.182, '2026-03-05 01:54:35'),(31, 45.713, '2026-03-05 00:54:35'),(31, 45.758, '2026-03-04 23:54:35'),(31, 45.422, '2026-03-04 22:54:35'),(31, 47.207, '2026-03-04 21:54:35'),(31, 47.102, '2026-03-04 20:54:35'),(31, 49.355, '2026-03-04 19:54:35'),(31, 49.269, '2026-03-04 18:54:35'),(31, 50.463, '2026-03-04 17:54:35'),(31, 51.762, '2026-03-04 16:54:35'),(31, 53.255, '2026-03-04 15:54:35'),(31, 54.208, '2026-03-04 14:54:35'),(31, 53.706, '2026-03-04 13:54:35'),(31, 54.287, '2026-03-04 12:54:35'),(31, 55.417, '2026-03-04 11:54:35'),(31, 54.708, '2026-03-04 10:54:35'),(31, 52.464, '2026-03-04 09:54:35'),(31, 51.612, '2026-03-04 08:54:35'),(31, 52.223, '2026-03-04 07:54:35'),(31, 50.72, '2026-03-04 06:54:35'),(31, 48.719, '2026-03-04 05:54:35'),(31, 47.392, '2026-03-04 04:54:35'),(31, 45.483, '2026-03-04 03:54:35'),(31, 45.39, '2026-03-04 02:54:35'),(31, 44.887, '2026-03-04 01:54:35'),(31, 43.976, '2026-03-04 00:54:35'),(31, 45.168, '2026-03-03 23:54:35'),(31, 45.403, '2026-03-03 22:54:35'),(31, 46.765, '2026-03-03 21:54:35'),(31, 47.131, '2026-03-03 20:54:35'),(31, 48.158, '2026-03-03 19:54:35'),(31, 50.377, '2026-03-03 18:54:35'),(31, 52.092, '2026-03-03 17:54:35'),(31, 52.702, '2026-03-03 16:54:35'),(31, 53.246, '2026-03-03 15:54:35'),(31, 54.328, '2026-03-03 14:54:35'),(31, 54.38, '2026-03-03 13:54:35'),(31, 54.546, '2026-03-03 12:54:35'),(31, 55.072, '2026-03-03 11:54:35'),(31, 55.369, '2026-03-03 10:54:35'),(31, 52.971, '2026-03-03 09:54:35'),(31, 53.296, '2026-03-03 08:54:35'),(31, 50.942, '2026-03-03 07:54:35'),(31, 49.812, '2026-03-03 06:54:35'),(31, 47.507, '2026-03-03 05:54:35'),(31, 46.793, '2026-03-03 04:54:35'),(31, 46.113, '2026-03-03 03:54:35'),(31, 45.733, '2026-03-03 02:54:35'),(31, 44.17, '2026-03-03 01:54:35'),(31, 44.477, '2026-03-03 00:54:35'),(31, 44.662, '2026-03-02 23:54:35'),(31, 45.339, '2026-03-02 22:54:35'),(31, 47.638, '2026-03-02 21:54:35'),(31, 46.358, '2026-03-02 20:54:35'),(31, 49.634, '2026-03-02 19:54:35'),(31, 49.512, '2026-03-02 18:54:35'),(31, 51.93, '2026-03-02 17:54:35'),(31, 78.93, '2026-03-02 16:54:35'),(31, 54.675, '2026-03-02 15:54:35'),(31, 54.785, '2026-03-02 14:54:35'),(31, 53.897, '2026-03-02 13:54:35'),(31, 55.021, '2026-03-02 12:54:35'),(31, 53.757, '2026-03-02 11:54:35'),(31, 53.411, '2026-03-02 10:54:35'),(31, 54.413, '2026-03-02 09:54:35'),(31, 52.515, '2026-03-02 08:54:35'),(31, 50.068, '2026-03-02 07:54:35'),(31, 48.771, '2026-03-02 06:54:35'),(31, 49.046, '2026-03-02 05:54:35'),(31, 46.261, '2026-03-02 04:54:35'),(31, 46.595, '2026-03-02 03:54:35'),(31, 45.37, '2026-03-02 02:54:35'),(31, 45.66, '2026-03-02 01:54:35'),(31, 44.852, '2026-03-02 00:54:35'),(31, 44.263, '2026-03-01 23:54:35'),(31, 46.854, '2026-03-01 22:54:35'),(31, 46.434, '2026-03-01 21:54:35'),(31, 47.882, '2026-03-01 20:54:35'),(31, 48.161, '2026-03-01 19:54:35'),(31, 50.478, '2026-03-01 18:54:35'),(31, 50.258, '2026-03-01 17:54:35'),(31, 53.362, '2026-03-01 16:54:35'),(31, 53.762, '2026-03-01 15:54:35'),(31, 53.67, '2026-03-01 14:54:35'),(31, 53.622, '2026-03-01 13:54:35');
INSERT INTO mining_sensors (id, type_id, name, lat, lng, status, current_value) VALUES (32, 11, 'Estación Met. 02', -17.24532034143679, -70.61401452929682, 'active', 50.0);
INSERT INTO mining_sensor_history (sensor_id, value, timestamp) VALUES (32, 55.105, '2026-03-16 12:54:35'),(32, 55.66, '2026-03-16 11:54:35'),(32, 53.591, '2026-03-16 10:54:35'),(32, 52.944, '2026-03-16 09:54:35'),(32, 53.544, '2026-03-16 08:54:35'),(32, 52.305, '2026-03-16 07:54:35'),(32, 50.92, '2026-03-16 06:54:35'),(32, 47.516, '2026-03-16 05:54:35'),(32, 47.223, '2026-03-16 04:54:35'),(32, 46.193, '2026-03-16 03:54:35'),(32, 45.828, '2026-03-16 02:54:35'),(32, 45.174, '2026-03-16 01:54:35'),(32, 44.072, '2026-03-16 00:54:35'),(32, 44.1, '2026-03-15 23:54:35'),(32, 46.41, '2026-03-15 22:54:35'),(32, 47.015, '2026-03-15 21:54:35'),(32, 46.895, '2026-03-15 20:54:35'),(32, 48.699, '2026-03-15 19:54:35'),(32, 49.906, '2026-03-15 18:54:35'),(32, 50.123, '2026-03-15 17:54:35'),(32, 52.143, '2026-03-15 16:54:35'),(32, 54.19, '2026-03-15 15:54:35'),(32, 54.686, '2026-03-15 14:54:35'),(32, 54.252, '2026-03-15 13:54:35'),(32, 55.377, '2026-03-15 12:54:35'),(32, 56.006, '2026-03-15 11:54:35'),(32, 53.947, '2026-03-15 10:54:35'),(32, 53.373, '2026-03-15 09:54:35'),(32, 52.489, '2026-03-15 08:54:35'),(32, 50.216, '2026-03-15 07:54:35'),(32, 50.551, '2026-03-15 06:54:35'),(32, 49.602, '2026-03-15 05:54:35'),(32, 47.45, '2026-03-15 04:54:35'),(32, 46.716, '2026-03-15 03:54:35'),(32, 45.854, '2026-03-15 02:54:35'),(32, 45.282, '2026-03-15 01:54:35'),(32, 45.781, '2026-03-15 00:54:35'),(32, 44.907, '2026-03-14 23:54:35'),(32, 46.571, '2026-03-14 22:54:35'),(32, 46.038, '2026-03-14 21:54:35'),(32, 46.644, '2026-03-14 20:54:35'),(32, 47.474, '2026-03-14 19:54:35'),(32, 50.398, '2026-03-14 18:54:35'),(32, 51.887, '2026-03-14 17:54:35'),(32, 52.249, '2026-03-14 16:54:35'),(32, 53.843, '2026-03-14 15:54:35'),(32, 53.555, '2026-03-14 14:54:35'),(32, 55.851, '2026-03-14 13:54:35'),(32, 54.513, '2026-03-14 12:54:35'),(32, 54.712, '2026-03-14 11:54:35'),(32, 54.525, '2026-03-14 10:54:35'),(32, 52.389, '2026-03-14 09:54:35'),(32, 51.318, '2026-03-14 08:54:35'),(32, 50.754, '2026-03-14 07:54:35'),(32, 49.658, '2026-03-14 06:54:35'),(32, 49.28, '2026-03-14 05:54:35'),(32, 48.371, '2026-03-14 04:54:35'),(32, 46.828, '2026-03-14 03:54:35'),(32, 45.9, '2026-03-14 02:54:35'),(32, 46.081, '2026-03-14 01:54:35'),(32, 45.961, '2026-03-14 00:54:35'),(32, 44.293, '2026-03-13 23:54:35'),(32, 46.211, '2026-03-13 22:54:35'),(32, 47.559, '2026-03-13 21:54:35'),(32, 46.972, '2026-03-13 20:54:35'),(32, 47.476, '2026-03-13 19:54:35'),(32, 49.942, '2026-03-13 18:54:35'),(32, 52.032, '2026-03-13 17:54:35'),(32, 51.714, '2026-03-13 16:54:35'),(32, 52.585, '2026-03-13 15:54:35'),(32, 55.092, '2026-03-13 14:54:35'),(32, 54.93, '2026-03-13 13:54:35'),(32, 53.836, '2026-03-13 12:54:35'),(32, 53.907, '2026-03-13 11:54:35'),(32, 54.799, '2026-03-13 10:54:35'),(32, 53.517, '2026-03-13 09:54:35'),(32, 52.882, '2026-03-13 08:54:35'),(32, 50.378, '2026-03-13 07:54:35'),(32, 49.455, '2026-03-13 06:54:35'),(32, 48.908, '2026-03-13 05:54:35'),(32, 48.324, '2026-03-13 04:54:35'),(32, 46.331, '2026-03-13 03:54:35'),(32, 44.617, '2026-03-13 02:54:35'),(32, 46.028, '2026-03-13 01:54:35'),(32, 43.996, '2026-03-13 00:54:35'),(32, 44.434, '2026-03-12 23:54:35'),(32, 44.875, '2026-03-12 22:54:35'),(32, 46.804, '2026-03-12 21:54:35'),(32, 46.515, '2026-03-12 20:54:35'),(32, 48.077, '2026-03-12 19:54:35'),(32, 51.114, '2026-03-12 18:54:35'),(32, 50.568, '2026-03-12 17:54:35'),(32, 53.25, '2026-03-12 16:54:35'),(32, 54.232, '2026-03-12 15:54:35'),(32, 53.193, '2026-03-12 14:54:35'),(32, 54.159, '2026-03-12 13:54:35'),(32, 54.124, '2026-03-12 12:54:35'),(32, 54.437, '2026-03-12 11:54:35'),(32, 55.241, '2026-03-12 10:54:35'),(32, 54.445, '2026-03-12 09:54:35'),(32, 51.354, '2026-03-12 08:54:35'),(32, 51.634, '2026-03-12 07:54:35'),(32, 50.967, '2026-03-12 06:54:35'),(32, 48.264, '2026-03-12 05:54:35'),(32, 48.0, '2026-03-12 04:54:35'),(32, 45.666, '2026-03-12 03:54:35'),(32, 45.745, '2026-03-12 02:54:35'),(32, 44.629, '2026-03-12 01:54:35'),(32, 45.468, '2026-03-12 00:54:35'),(32, 45.076, '2026-03-11 23:54:35'),(32, 46.26, '2026-03-11 22:54:35'),(32, 47.285, '2026-03-11 21:54:35'),(32, 47.327, '2026-03-11 20:54:35'),(32, 48.512, '2026-03-11 19:54:35'),(32, 49.123, '2026-03-11 18:54:35'),(32, 50.585, '2026-03-11 17:54:35'),(32, 53.193, '2026-03-11 16:54:35'),(32, 54.163, '2026-03-11 15:54:35'),(32, 54.604, '2026-03-11 14:54:35'),(32, 54.913, '2026-03-11 13:54:35'),(32, 54.203, '2026-03-11 12:54:35'),(32, 53.858, '2026-03-11 11:54:35'),(32, 53.552, '2026-03-11 10:54:35'),(32, 52.736, '2026-03-11 09:54:35'),(32, 52.531, '2026-03-11 08:54:35'),(32, 51.287, '2026-03-11 07:54:35'),(32, 48.939, '2026-03-11 06:54:35'),(32, 49.425, '2026-03-11 05:54:35'),(32, 47.931, '2026-03-11 04:54:35'),(32, 45.914, '2026-03-11 03:54:35'),(32, 45.863, '2026-03-11 02:54:35'),(32, 46.272, '2026-03-11 01:54:35'),(32, 45.936, '2026-03-11 00:54:35'),(32, 45.164, '2026-03-10 23:54:35'),(32, 46.589, '2026-03-10 22:54:35'),(32, 45.87, '2026-03-10 21:54:35'),(32, 48.522, '2026-03-10 20:54:35'),(32, 48.393, '2026-03-10 19:54:35'),(32, 50.003, '2026-03-10 18:54:35'),(32, 52.516, '2026-03-10 17:54:35'),(32, 52.088, '2026-03-10 16:54:35'),(32, 54.324, '2026-03-10 15:54:35'),(32, 54.011, '2026-03-10 14:54:35'),(32, 55.516, '2026-03-10 13:54:35'),(32, 53.898, '2026-03-10 12:54:35'),(32, 54.412, '2026-03-10 11:54:35'),(32, 54.013, '2026-03-10 10:54:35'),(32, 53.045, '2026-03-10 09:54:35'),(32, 51.352, '2026-03-10 08:54:35'),(32, 52.223, '2026-03-10 07:54:35'),(32, 49.035, '2026-03-10 06:54:35'),(32, 47.564, '2026-03-10 05:54:35'),(32, 46.3, '2026-03-10 04:54:35'),(32, 47.343, '2026-03-10 03:54:35'),(32, 45.218, '2026-03-10 02:54:35'),(32, 44.054, '2026-03-10 01:54:35'),(32, 44.414, '2026-03-10 00:54:35'),(32, 44.212, '2026-03-09 23:54:35'),(32, 44.85, '2026-03-09 22:54:35'),(32, 47.368, '2026-03-09 21:54:35'),(32, 48.596, '2026-03-09 20:54:35'),(32, 49.949, '2026-03-09 19:54:35'),(32, 48.941, '2026-03-09 18:54:35'),(32, 51.573, '2026-03-09 17:54:35'),(32, 52.593, '2026-03-09 16:54:35'),(32, 54.567, '2026-03-09 15:54:35'),(32, 55.473, '2026-03-09 14:54:35'),(32, 53.64, '2026-03-09 13:54:35'),(32, 55.072, '2026-03-09 12:54:35'),(32, 54.808, '2026-03-09 11:54:35'),(32, 53.665, '2026-03-09 10:54:35'),(32, 53.604, '2026-03-09 09:54:35'),(32, 51.937, '2026-03-09 08:54:35'),(32, 50.637, '2026-03-09 07:54:35'),(32, 51.11, '2026-03-09 06:54:35'),(32, 47.835, '2026-03-09 05:54:35'),(32, 47.688, '2026-03-09 04:54:35'),(32, 46.294, '2026-03-09 03:54:35'),(32, 46.48, '2026-03-09 02:54:35'),(32, 44.895, '2026-03-09 01:54:35'),(32, 44.193, '2026-03-09 00:54:35'),(32, 45.822, '2026-03-08 23:54:35'),(32, 45.075, '2026-03-08 22:54:35'),(32, 45.339, '2026-03-08 21:54:35'),(32, 48.5, '2026-03-08 20:54:35'),(32, 49.121, '2026-03-08 19:54:35'),(32, 48.781, '2026-03-08 18:54:35'),(32, 51.539, '2026-03-08 17:54:35'),(32, 51.423, '2026-03-08 16:54:35'),(32, 54.732, '2026-03-08 15:54:35'),(32, 54.089, '2026-03-08 14:54:35'),(32, 55.677, '2026-03-08 13:54:35'),(32, 55.166, '2026-03-08 12:54:35'),(32, 54.753, '2026-03-08 11:54:35'),(32, 53.695, '2026-03-08 10:54:35'),(32, 53.88, '2026-03-08 09:54:35'),(32, 53.241, '2026-03-08 08:54:35'),(32, 51.485, '2026-03-08 07:54:35'),(32, 49.444, '2026-03-08 06:54:35'),(32, 48.132, '2026-03-08 05:54:35'),(32, 47.669, '2026-03-08 04:54:35'),(32, 46.43, '2026-03-08 03:54:35'),(32, 45.292, '2026-03-08 02:54:35'),(32, 44.825, '2026-03-08 01:54:35'),(32, 45.946, '2026-03-08 00:54:35'),(32, 44.441, '2026-03-07 23:54:35'),(32, 46.022, '2026-03-07 22:54:35'),(32, 46.488, '2026-03-07 21:54:35'),(32, 47.935, '2026-03-07 20:54:35'),(32, 49.019, '2026-03-07 19:54:35'),(32, 49.737, '2026-03-07 18:54:35'),(32, 51.733, '2026-03-07 17:54:35'),(32, 53.012, '2026-03-07 16:54:35'),(32, 53.511, '2026-03-07 15:54:35'),(32, 54.825, '2026-03-07 14:54:35'),(32, 54.65, '2026-03-07 13:54:35'),(32, 54.153, '2026-03-07 12:54:35'),(32, 54.499, '2026-03-07 11:54:35'),(32, 55.372, '2026-03-07 10:54:35'),(32, 52.812, '2026-03-07 09:54:35'),(32, 52.369, '2026-03-07 08:54:35'),(32, 50.162, '2026-03-07 07:54:35'),(32, 51.054, '2026-03-07 06:54:35'),(32, 49.408, '2026-03-07 05:54:35'),(32, 47.236, '2026-03-07 04:54:35'),(32, 45.421, '2026-03-07 03:54:35'),(32, 46.743, '2026-03-07 02:54:35'),(32, 46.067, '2026-03-07 01:54:35'),(32, 44.042, '2026-03-07 00:54:35'),(32, 45.368, '2026-03-06 23:54:35'),(32, 45.282, '2026-03-06 22:54:35'),(32, 45.455, '2026-03-06 21:54:35'),(32, 47.718, '2026-03-06 20:54:35'),(32, 49.442, '2026-03-06 19:54:35'),(32, 50.84, '2026-03-06 18:54:35'),(32, 52.267, '2026-03-06 17:54:35'),(32, 52.817, '2026-03-06 16:54:35'),(32, 53.63, '2026-03-06 15:54:35'),(32, 55.494, '2026-03-06 14:54:35'),(32, 54.582, '2026-03-06 13:54:35'),(32, 54.595, '2026-03-06 12:54:35'),(32, 54.358, '2026-03-06 11:54:35'),(32, 54.739, '2026-03-06 10:54:35'),(32, 53.585, '2026-03-06 09:54:35'),(32, 52.051, '2026-03-06 08:54:35'),(32, 51.462, '2026-03-06 07:54:35'),(32, 50.042, '2026-03-06 06:54:35'),(32, 49.722, '2026-03-06 05:54:35'),(32, 47.479, '2026-03-06 04:54:35'),(32, 47.505, '2026-03-06 03:54:35'),(32, 44.86, '2026-03-06 02:54:35'),(32, 44.088, '2026-03-06 01:54:35'),(32, 44.813, '2026-03-06 00:54:35'),(32, 46.241, '2026-03-05 23:54:35'),(32, 45.143, '2026-03-05 22:54:35'),(32, 47.436, '2026-03-05 21:54:35'),(32, 47.921, '2026-03-05 20:54:35'),(32, 48.848, '2026-03-05 19:54:35'),(32, 49.805, '2026-03-05 18:54:35'),(32, 51.151, '2026-03-05 17:54:35'),(32, 52.699, '2026-03-05 16:54:35'),(32, 52.532, '2026-03-05 15:54:35'),(32, 53.881, '2026-03-05 14:54:35'),(32, 55.14, '2026-03-05 13:54:35'),(32, 54.949, '2026-03-05 12:54:35'),(32, 55.206, '2026-03-05 11:54:35'),(32, 54.895, '2026-03-05 10:54:35'),(32, 54.109, '2026-03-05 09:54:35'),(32, 52.789, '2026-03-05 08:54:35'),(32, 52.198, '2026-03-05 07:54:35'),(32, 50.045, '2026-03-05 06:54:35'),(32, 47.952, '2026-03-05 05:54:35'),(32, 47.46, '2026-03-05 04:54:35'),(32, 47.084, '2026-03-05 03:54:35'),(32, 45.265, '2026-03-05 02:54:35'),(32, 46.348, '2026-03-05 01:54:35'),(32, 44.252, '2026-03-05 00:54:35'),(32, 44.076, '2026-03-04 23:54:35'),(32, 45.085, '2026-03-04 22:54:35'),(32, 46.19, '2026-03-04 21:54:35'),(32, 47.163, '2026-03-04 20:54:35'),(32, 47.789, '2026-03-04 19:54:35'),(32, 49.749, '2026-03-04 18:54:35'),(32, 50.991, '2026-03-04 17:54:35'),(32, 53.6, '2026-03-04 16:54:35'),(32, 52.695, '2026-03-04 15:54:35'),(32, 55.162, '2026-03-04 14:54:35'),(32, 54.986, '2026-03-04 13:54:35'),(32, 54.757, '2026-03-04 12:54:35'),(32, 55.568, '2026-03-04 11:54:35'),(32, 55.356, '2026-03-04 10:54:35'),(32, 54.383, '2026-03-04 09:54:35'),(32, 53.235, '2026-03-04 08:54:35'),(32, 51.779, '2026-03-04 07:54:35'),(32, 49.4, '2026-03-04 06:54:35'),(32, 48.096, '2026-03-04 05:54:35'),(32, 48.341, '2026-03-04 04:54:35'),(32, 46.206, '2026-03-04 03:54:35'),(32, 46.033, '2026-03-04 02:54:35'),(32, 44.177, '2026-03-04 01:54:35'),(32, 44.259, '2026-03-04 00:54:35'),(32, 46.283, '2026-03-03 23:54:35'),(32, 45.543, '2026-03-03 22:54:35'),(32, 47.573, '2026-03-03 21:54:35'),(32, 47.498, '2026-03-03 20:54:35'),(32, 47.747, '2026-03-03 19:54:35'),(32, 48.908, '2026-03-03 18:54:35'),(32, 52.383, '2026-03-03 17:54:35'),(32, 52.951, '2026-03-03 16:54:35'),(32, 52.842, '2026-03-03 15:54:35'),(32, 54.144, '2026-03-03 14:54:35'),(32, 54.033, '2026-03-03 13:54:35'),(32, 55.664, '2026-03-03 12:54:35'),(32, 55.448, '2026-03-03 11:54:35'),(32, 54.844, '2026-03-03 10:54:35'),(32, 54.393, '2026-03-03 09:54:35'),(32, 52.94, '2026-03-03 08:54:35'),(32, 52.302, '2026-03-03 07:54:35'),(32, 49.824, '2026-03-03 06:54:35'),(32, 48.561, '2026-03-03 05:54:35'),(32, 47.981, '2026-03-03 04:54:35'),(32, 46.155, '2026-03-03 03:54:35'),(32, 45.322, '2026-03-03 02:54:35'),(32, 45.165, '2026-03-03 01:54:35'),(32, 45.397, '2026-03-03 00:54:35'),(32, 44.075, '2026-03-02 23:54:35'),(32, 45.63, '2026-03-02 22:54:35'),(32, 47.0, '2026-03-02 21:54:35'),(32, 48.403, '2026-03-02 20:54:35'),(32, 47.813, '2026-03-02 19:54:35'),(32, 50.34, '2026-03-02 18:54:35'),(32, 51.702, '2026-03-02 17:54:35'),(32, 51.729, '2026-03-02 16:54:35'),(32, 53.13, '2026-03-02 15:54:35'),(32, 55.557, '2026-03-02 14:54:35'),(32, 54.268, '2026-03-02 13:54:35'),(32, 55.912, '2026-03-02 12:54:35'),(32, 54.581, '2026-03-02 11:54:35'),(32, 53.118, '2026-03-02 10:54:35'),(32, 53.753, '2026-03-02 09:54:35'),(32, 52.67, '2026-03-02 08:54:35'),(32, 50.601, '2026-03-02 07:54:35'),(32, 48.976, '2026-03-02 06:54:35'),(32, 49.37, '2026-03-02 05:54:35'),(32, 48.127, '2026-03-02 04:54:35'),(32, 46.063, '2026-03-02 03:54:35'),(32, 46.154, '2026-03-02 02:54:35'),(32, 45.911, '2026-03-02 01:54:35'),(32, 44.981, '2026-03-02 00:54:35'),(32, 45.507, '2026-03-01 23:54:35'),(32, 44.872, '2026-03-01 22:54:35'),(32, 46.114, '2026-03-01 21:54:35'),(32, 47.101, '2026-03-01 20:54:35'),(32, 47.588, '2026-03-01 19:54:35'),(32, 49.735, '2026-03-01 18:54:35'),(32, 51.642, '2026-03-01 17:54:35'),(32, 52.415, '2026-03-01 16:54:35'),(32, 53.596, '2026-03-01 15:54:35'),(32, 55.382, '2026-03-01 14:54:35'),(32, 54.183, '2026-03-01 13:54:35');
INSERT INTO mining_sensors (id, type_id, name, lat, lng, status, current_value) VALUES (33, 11, 'Estación Met. 03', -17.24523863932602, -70.61472578980614, 'active', 50.0);
INSERT INTO mining_sensor_history (sensor_id, value, timestamp) VALUES (33, 55.601, '2026-03-16 12:54:35'),(33, 56.004, '2026-03-16 11:54:35'),(33, 54.733, '2026-03-16 10:54:35'),(33, 52.794, '2026-03-16 09:54:35'),(33, 51.753, '2026-03-16 08:54:35'),(33, 51.879, '2026-03-16 07:54:35'),(33, 51.233, '2026-03-16 06:54:35'),(33, 49.84, '2026-03-16 05:54:35'),(33, 47.931, '2026-03-16 04:54:35'),(33, 47.327, '2026-03-16 03:54:35'),(33, 45.801, '2026-03-16 02:54:35'),(33, 43.989, '2026-03-16 01:54:35'),(33, 44.324, '2026-03-16 00:54:35'),(33, 44.809, '2026-03-15 23:54:35'),(33, 45.13, '2026-03-15 22:54:35'),(33, 46.139, '2026-03-15 21:54:35'),(33, 46.922, '2026-03-15 20:54:35'),(33, 49.159, '2026-03-15 19:54:35'),(33, 50.489, '2026-03-15 18:54:35'),(33, 51.981, '2026-03-15 17:54:35'),(33, 53.245, '2026-03-15 16:54:35'),(33, 52.385, '2026-03-15 15:54:35'),(33, 55.055, '2026-03-15 14:54:35'),(33, 55.453, '2026-03-15 13:54:35'),(33, 53.911, '2026-03-15 12:54:35'),(33, 53.78, '2026-03-15 11:54:35'),(33, 54.871, '2026-03-15 10:54:35'),(33, 53.888, '2026-03-15 09:54:35'),(33, 52.429, '2026-03-15 08:54:35'),(33, 50.107, '2026-03-15 07:54:35'),(33, 50.076, '2026-03-15 06:54:35'),(33, 48.461, '2026-03-15 05:54:35'),(33, 46.47, '2026-03-15 04:54:35'),(33, 46.558, '2026-03-15 03:54:35'),(33, 46.427, '2026-03-15 02:54:35'),(33, 44.157, '2026-03-15 01:54:35'),(33, 44.653, '2026-03-15 00:54:35'),(33, 44.981, '2026-03-14 23:54:35'),(33, 45.92, '2026-03-14 22:54:35'),(33, 46.321, '2026-03-14 21:54:35'),(33, 46.53, '2026-03-14 20:54:35'),(33, 48.707, '2026-03-14 19:54:35'),(33, 50.068, '2026-03-14 18:54:35'),(33, 52.462, '2026-03-14 17:54:35'),(33, 52.864, '2026-03-14 16:54:35'),(33, 52.834, '2026-03-14 15:54:35'),(33, 53.491, '2026-03-14 14:54:35'),(33, 54.9, '2026-03-14 13:54:35'),(33, 54.517, '2026-03-14 12:54:35'),(33, 54.677, '2026-03-14 11:54:35'),(33, 54.306, '2026-03-14 10:54:35'),(33, 54.655, '2026-03-14 09:54:35'),(33, 51.994, '2026-03-14 08:54:35'),(33, 50.985, '2026-03-14 07:54:35'),(33, 51.036, '2026-03-14 06:54:35'),(33, 49.417, '2026-03-14 05:54:35'),(33, 47.56, '2026-03-14 04:54:35'),(33, 47.632, '2026-03-14 03:54:35'),(33, 46.244, '2026-03-14 02:54:35'),(33, 44.557, '2026-03-14 01:54:35'),(33, 44.283, '2026-03-14 00:54:35'),(33, 46.4, '2026-03-13 23:54:35'),(33, 46.511, '2026-03-13 22:54:35'),(33, 47.403, '2026-03-13 21:54:35'),(33, 46.848, '2026-03-13 20:54:35'),(33, 48.766, '2026-03-13 19:54:35'),(33, 50.374, '2026-03-13 18:54:35'),(33, 52.391, '2026-03-13 17:54:35'),(33, 52.439, '2026-03-13 16:54:35'),(33, 54.119, '2026-03-13 15:54:35'),(33, 53.429, '2026-03-13 14:54:35'),(33, 55.807, '2026-03-13 13:54:35'),(33, 53.778, '2026-03-13 12:54:35'),(33, 54.273, '2026-03-13 11:54:35'),(33, 54.132, '2026-03-13 10:54:35'),(33, 54.26, '2026-03-13 09:54:35'),(33, 51.48, '2026-03-13 08:54:35'),(33, 52.031, '2026-03-13 07:54:35'),(33, 49.725, '2026-03-13 06:54:35'),(33, 48.727, '2026-03-13 05:54:35'),(33, 46.46, '2026-03-13 04:54:35'),(33, 45.837, '2026-03-13 03:54:35'),(33, 46.684, '2026-03-13 02:54:35'),(33, 44.577, '2026-03-13 01:54:35'),(33, 45.1, '2026-03-13 00:54:35'),(33, 45.471, '2026-03-12 23:54:35'),(33, 44.755, '2026-03-12 22:54:35'),(33, 45.971, '2026-03-12 21:54:35'),(33, 48.687, '2026-03-12 20:54:35'),(33, 49.846, '2026-03-12 19:54:35'),(33, 49.934, '2026-03-12 18:54:35'),(33, 51.95, '2026-03-12 17:54:35'),(33, 53.09, '2026-03-12 16:54:35'),(33, 54.772, '2026-03-12 15:54:35'),(33, 55.352, '2026-03-12 14:54:35'),(33, 55.494, '2026-03-12 13:54:35'),(33, 55.698, '2026-03-12 12:54:35'),(33, 55.478, '2026-03-12 11:54:35'),(33, 54.112, '2026-03-12 10:54:35'),(33, 52.478, '2026-03-12 09:54:35'),(33, 52.764, '2026-03-12 08:54:35'),(33, 50.197, '2026-03-12 07:54:35'),(33, 49.723, '2026-03-12 06:54:35'),(33, 48.546, '2026-03-12 05:54:35'),(33, 46.562, '2026-03-12 04:54:35'),(33, 45.508, '2026-03-12 03:54:35'),(33, 46.882, '2026-03-12 02:54:35'),(33, 43.968, '2026-03-12 01:54:35'),(33, 43.912, '2026-03-12 00:54:35'),(33, 45.691, '2026-03-11 23:54:35'),(33, 46.648, '2026-03-11 22:54:35'),(33, 46.191, '2026-03-11 21:54:35'),(33, 47.733, '2026-03-11 20:54:35'),(33, 49.068, '2026-03-11 19:54:35'),(33, 51.223, '2026-03-11 18:54:35'),(33, 51.67, '2026-03-11 17:54:35'),(33, 52.547, '2026-03-11 16:54:35'),(33, 53.315, '2026-03-11 15:54:35'),(33, 54.633, '2026-03-11 14:54:35'),(33, 54.417, '2026-03-11 13:54:35'),(33, 55.671, '2026-03-11 12:54:35'),(33, 55.196, '2026-03-11 11:54:35'),(33, 54.602, '2026-03-11 10:54:35'),(33, 53.599, '2026-03-11 09:54:35'),(33, 53.356, '2026-03-11 08:54:35'),(33, 50.86, '2026-03-11 07:54:35'),(33, 49.713, '2026-03-11 06:54:35'),(33, 47.858, '2026-03-11 05:54:35'),(33, 47.954, '2026-03-11 04:54:35'),(33, 47.452, '2026-03-11 03:54:35'),(33, 44.954, '2026-03-11 02:54:35'),(33, 44.86, '2026-03-11 01:54:35'),(33, 44.186, '2026-03-11 00:54:35'),(33, 44.649, '2026-03-10 23:54:35'),(33, 45.466, '2026-03-10 22:54:35'),(33, 47.671, '2026-03-10 21:54:35'),(33, 48.517, '2026-03-10 20:54:35'),(33, 47.824, '2026-03-10 19:54:35'),(33, 48.781, '2026-03-10 18:54:35'),(33, 51.902, '2026-03-10 17:54:35'),(33, 53.59, '2026-03-10 16:54:35'),(33, 53.042, '2026-03-10 15:54:35'),(33, 53.174, '2026-03-10 14:54:35'),(33, 54.111, '2026-03-10 13:54:35'),(33, 55.349, '2026-03-10 12:54:35'),(33, 54.661, '2026-03-10 11:54:35'),(33, 55.485, '2026-03-10 10:54:35'),(33, 53.351, '2026-03-10 09:54:35'),(33, 51.336, '2026-03-10 08:54:35'),(33, 50.587, '2026-03-10 07:54:35'),(33, 49.295, '2026-03-10 06:54:35'),(33, 48.392, '2026-03-10 05:54:35'),(33, 47.509, '2026-03-10 04:54:35'),(33, 46.76, '2026-03-10 03:54:35'),(33, 46.442, '2026-03-10 02:54:35'),(33, 44.418, '2026-03-10 01:54:35'),(33, 44.215, '2026-03-10 00:54:35'),(33, 45.579, '2026-03-09 23:54:35'),(33, 45.523, '2026-03-09 22:54:35'),(33, 46.004, '2026-03-09 21:54:35'),(33, 48.095, '2026-03-09 20:54:35'),(33, 48.091, '2026-03-09 19:54:35'),(33, 50.578, '2026-03-09 18:54:35'),(33, 50.514, '2026-03-09 17:54:35'),(33, 53.74, '2026-03-09 16:54:35'),(33, 54.129, '2026-03-09 15:54:35'),(33, 55.464, '2026-03-09 14:54:35'),(33, 54.926, '2026-03-09 13:54:35'),(33, 54.238, '2026-03-09 12:54:35'),(33, 54.087, '2026-03-09 11:54:35'),(33, 54.178, '2026-03-09 10:54:35'),(33, 52.627, '2026-03-09 09:54:35'),(33, 52.03, '2026-03-09 08:54:35'),(33, 50.124, '2026-03-09 07:54:35'),(33, 51.006, '2026-03-09 06:54:35'),(33, 48.766, '2026-03-09 05:54:35'),(33, 47.269, '2026-03-09 04:54:35'),(33, 45.951, '2026-03-09 03:54:35'),(33, 45.901, '2026-03-09 02:54:35'),(33, 45.892, '2026-03-09 01:54:35'),(33, 44.386, '2026-03-09 00:54:35'),(33, 44.389, '2026-03-08 23:54:35'),(33, 46.233, '2026-03-08 22:54:35'),(33, 46.521, '2026-03-08 21:54:35'),(33, 46.515, '2026-03-08 20:54:35'),(33, 48.869, '2026-03-08 19:54:35'),(33, 50.078, '2026-03-08 18:54:35'),(33, 50.749, '2026-03-08 17:54:35'),(33, 52.089, '2026-03-08 16:54:35'),(33, 52.907, '2026-03-08 15:54:35'),(33, 53.248, '2026-03-08 14:54:35'),(33, 55.476, '2026-03-08 13:54:35'),(33, 54.265, '2026-03-08 12:54:35'),(33, 54.838, '2026-03-08 11:54:35'),(33, 53.957, '2026-03-08 10:54:35'),(33, 54.586, '2026-03-08 09:54:35'),(33, 52.591, '2026-03-08 08:54:35'),(33, 50.825, '2026-03-08 07:54:35'),(33, 51.234, '2026-03-08 06:54:35'),(33, 49.607, '2026-03-08 05:54:35'),(33, 47.409, '2026-03-08 04:54:35'),(33, 45.731, '2026-03-08 03:54:35'),(33, 45.839, '2026-03-08 02:54:35'),(33, 45.932, '2026-03-08 01:54:35'),(33, 44.046, '2026-03-08 00:54:35'),(33, 44.83, '2026-03-07 23:54:35'),(33, 46.223, '2026-03-07 22:54:35'),(33, 47.197, '2026-03-07 21:54:35'),(33, 46.967, '2026-03-07 20:54:35'),(33, 48.452, '2026-03-07 19:54:35'),(33, 49.693, '2026-03-07 18:54:35'),(33, 52.195, '2026-03-07 17:54:35'),(33, 53.45, '2026-03-07 16:54:35'),(33, 53.525, '2026-03-07 15:54:35'),(33, 54.904, '2026-03-07 14:54:35'),(33, 55.118, '2026-03-07 13:54:35'),(33, 54.049, '2026-03-07 12:54:35'),(33, 55.715, '2026-03-07 11:54:35'),(33, 54.794, '2026-03-07 10:54:35'),(33, 52.31, '2026-03-07 09:54:35'),(33, 51.673, '2026-03-07 08:54:35'),(33, 51.504, '2026-03-07 07:54:35'),(33, 51.214, '2026-03-07 06:54:35'),(33, 47.727, '2026-03-07 05:54:35'),(33, 47.168, '2026-03-07 04:54:35'),(33, 46.69, '2026-03-07 03:54:35'),(33, 44.526, '2026-03-07 02:54:35'),(33, 44.698, '2026-03-07 01:54:35'),(33, 46.049, '2026-03-07 00:54:35'),(33, 44.7, '2026-03-06 23:54:35'),(33, 45.61, '2026-03-06 22:54:35'),(33, 47.088, '2026-03-06 21:54:35'),(33, 47.123, '2026-03-06 20:54:35'),(33, 47.999, '2026-03-06 19:54:35'),(33, 50.417, '2026-03-06 18:54:35'),(33, 50.754, '2026-03-06 17:54:35'),(33, 53.117, '2026-03-06 16:54:35'),(33, 54.016, '2026-03-06 15:54:35'),(33, 54.205, '2026-03-06 14:54:35'),(33, 55.195, '2026-03-06 13:54:35'),(33, 55.099, '2026-03-06 12:54:35'),(33, 53.942, '2026-03-06 11:54:35'),(33, 54.212, '2026-03-06 10:54:35'),(33, 52.851, '2026-03-06 09:54:35'),(33, 53.184, '2026-03-06 08:54:35'),(33, 52.178, '2026-03-06 07:54:35'),(33, 49.201, '2026-03-06 06:54:35'),(33, 47.575, '2026-03-06 05:54:35'),(33, 46.495, '2026-03-06 04:54:35'),(33, 46.125, '2026-03-06 03:54:35'),(33, 45.721, '2026-03-06 02:54:35'),(33, 44.78, '2026-03-06 01:54:35'),(33, 44.728, '2026-03-06 00:54:35'),(33, 45.892, '2026-03-05 23:54:35'),(33, 46.289, '2026-03-05 22:54:35'),(33, 45.385, '2026-03-05 21:54:35'),(33, 46.952, '2026-03-05 20:54:35'),(33, 49.103, '2026-03-05 19:54:35'),(33, 49.447, '2026-03-05 18:54:35'),(33, 50.392, '2026-03-05 17:54:35'),(33, 52.21, '2026-03-05 16:54:35'),(33, 53.784, '2026-03-05 15:54:35'),(33, 53.162, '2026-03-05 14:54:35'),(33, 53.942, '2026-03-05 13:54:35'),(33, 55.49, '2026-03-05 12:54:35'),(33, 55.566, '2026-03-05 11:54:35'),(33, 55.436, '2026-03-05 10:54:35'),(33, 53.365, '2026-03-05 09:54:35'),(33, 51.93, '2026-03-05 08:54:35'),(33, 52.028, '2026-03-05 07:54:35'),(33, 49.808, '2026-03-05 06:54:35'),(33, 48.744, '2026-03-05 05:54:35'),(33, 47.131, '2026-03-05 04:54:35'),(33, 45.282, '2026-03-05 03:54:35'),(33, 45.721, '2026-03-05 02:54:35'),(33, 44.658, '2026-03-05 01:54:35'),(33, 45.823, '2026-03-05 00:54:35'),(33, 45.179, '2026-03-04 23:54:35'),(33, 46.205, '2026-03-04 22:54:35'),(33, 46.017, '2026-03-04 21:54:35'),(33, 48.504, '2026-03-04 20:54:35'),(33, 48.019, '2026-03-04 19:54:35'),(33, 49.61, '2026-03-04 18:54:35'),(33, 50.626, '2026-03-04 17:54:35'),(33, 51.29, '2026-03-04 16:54:35'),(33, 53.321, '2026-03-04 15:54:35'),(33, 54.171, '2026-03-04 14:54:35'),(33, 55.032, '2026-03-04 13:54:35'),(33, 56.206, '2026-03-04 12:54:35'),(33, 55.936, '2026-03-04 11:54:35'),(33, 54.208, '2026-03-04 10:54:35'),(33, 53.09, '2026-03-04 09:54:35'),(33, 51.299, '2026-03-04 08:54:35'),(33, 51.916, '2026-03-04 07:54:35'),(33, 49.812, '2026-03-04 06:54:35'),(33, 48.668, '2026-03-04 05:54:35'),(33, 48.387, '2026-03-04 04:54:35'),(33, 45.844, '2026-03-04 03:54:35'),(33, 45.3, '2026-03-04 02:54:35'),(33, 46.325, '2026-03-04 01:54:35'),(33, 44.274, '2026-03-04 00:54:35'),(33, 44.162, '2026-03-03 23:54:35'),(33, 44.842, '2026-03-03 22:54:35'),(33, 46.544, '2026-03-03 21:54:35'),(33, 48.723, '2026-03-03 20:54:35'),(33, 47.782, '2026-03-03 19:54:35'),(33, 49.849, '2026-03-03 18:54:35'),(33, 50.823, '2026-03-03 17:54:35'),(33, 52.101, '2026-03-03 16:54:35'),(33, 53.923, '2026-03-03 15:54:35'),(33, 53.401, '2026-03-03 14:54:35'),(33, 53.582, '2026-03-03 13:54:35'),(33, 56.238, '2026-03-03 12:54:35'),(33, 54.576, '2026-03-03 11:54:35'),(33, 54.574, '2026-03-03 10:54:35'),(33, 54.753, '2026-03-03 09:54:35'),(33, 52.864, '2026-03-03 08:54:35'),(33, 52.445, '2026-03-03 07:54:35'),(33, 49.82, '2026-03-03 06:54:35'),(33, 48.577, '2026-03-03 05:54:35'),(33, 46.317, '2026-03-03 04:54:35'),(33, 45.288, '2026-03-03 03:54:35'),(33, 45.944, '2026-03-03 02:54:35'),(33, 44.701, '2026-03-03 01:54:35'),(33, 44.071, '2026-03-03 00:54:35'),(33, 46.059, '2026-03-02 23:54:35'),(33, 46.538, '2026-03-02 22:54:35'),(33, 46.995, '2026-03-02 21:54:35'),(33, 48.637, '2026-03-02 20:54:35'),(33, 47.59, '2026-03-02 19:54:35'),(33, 51.094, '2026-03-02 18:54:35'),(33, 51.346, '2026-03-02 17:54:35'),(33, 52.259, '2026-03-02 16:54:35'),(33, 53.312, '2026-03-02 15:54:35'),(33, 54.897, '2026-03-02 14:54:35'),(33, 54.949, '2026-03-02 13:54:35'),(33, 54.473, '2026-03-02 12:54:35'),(33, 55.851, '2026-03-02 11:54:35'),(33, 54.358, '2026-03-02 10:54:35'),(33, 54.164, '2026-03-02 09:54:35'),(33, 52.286, '2026-03-02 08:54:35'),(33, 50.926, '2026-03-02 07:54:35'),(33, 50.775, '2026-03-02 06:54:35'),(33, 48.834, '2026-03-02 05:54:35'),(33, 47.991, '2026-03-02 04:54:35'),(33, 45.949, '2026-03-02 03:54:35'),(33, 45.256, '2026-03-02 02:54:35'),(33, 45.487, '2026-03-02 01:54:35'),(33, 45.46, '2026-03-02 00:54:35'),(33, 44.014, '2026-03-01 23:54:35'),(33, 46.217, '2026-03-01 22:54:35'),(33, 45.583, '2026-03-01 21:54:35'),(33, 47.081, '2026-03-01 20:54:35'),(33, 48.233, '2026-03-01 19:54:35'),(33, 50.675, '2026-03-01 18:54:35'),(33, 50.087, '2026-03-01 17:54:35'),(33, 52.159, '2026-03-01 16:54:35'),(33, 53.955, '2026-03-01 15:54:35'),(33, 53.97, '2026-03-01 14:54:35'),(33, 53.959, '2026-03-01 13:54:35');
INSERT INTO mining_sensors (id, type_id, name, lat, lng, status, current_value) VALUES (34, 12, 'Vibración Molino 01', -17.249804750713537, -70.61189658958021, 'active', 50.0);
INSERT INTO mining_sensor_history (sensor_id, value, timestamp) VALUES (34, 49.984, '2026-03-16 12:54:35'),(34, 49.97, '2026-03-16 11:54:35'),(34, 50.119, '2026-03-16 10:54:35'),(34, 50.397, '2026-03-16 09:54:35'),(34, 49.704, '2026-03-16 08:54:35'),(34, 49.696, '2026-03-16 07:54:35'),(34, 50.164, '2026-03-16 06:54:35'),(34, 49.798, '2026-03-16 05:54:35'),(34, 50.411, '2026-03-16 04:54:35'),(34, 49.558, '2026-03-16 03:54:35'),(34, 49.806, '2026-03-16 02:54:35'),(34, 50.064, '2026-03-16 01:54:35'),(34, 50.296, '2026-03-16 00:54:35'),(34, 49.976, '2026-03-15 23:54:35'),(34, 50.138, '2026-03-15 22:54:35'),(34, 49.553, '2026-03-15 21:54:35'),(34, 50.133, '2026-03-15 20:54:35'),(34, 49.621, '2026-03-15 19:54:35'),(34, 49.668, '2026-03-15 18:54:35'),(34, 50.306, '2026-03-15 17:54:35'),(34, 50.011, '2026-03-15 16:54:35'),(34, 50.225, '2026-03-15 15:54:35'),(34, 49.959, '2026-03-15 14:54:35'),(34, 49.65, '2026-03-15 13:54:35'),(34, 50.249, '2026-03-15 12:54:35'),(34, 50.102, '2026-03-15 11:54:35'),(34, 50.336, '2026-03-15 10:54:35'),(34, 49.812, '2026-03-15 09:54:35'),(34, 50.022, '2026-03-15 08:54:35'),(34, 50.477, '2026-03-15 07:54:35'),(34, 49.548, '2026-03-15 06:54:35'),(34, 50.156, '2026-03-15 05:54:35'),(34, 49.907, '2026-03-15 04:54:35'),(34, 50.458, '2026-03-15 03:54:35'),(34, 50.208, '2026-03-15 02:54:35'),(34, 49.766, '2026-03-15 01:54:35'),(34, 49.865, '2026-03-15 00:54:35'),(34, 50.216, '2026-03-14 23:54:35'),(34, 49.999, '2026-03-14 22:54:35'),(34, 49.966, '2026-03-14 21:54:35'),(34, 49.648, '2026-03-14 20:54:35'),(34, 49.956, '2026-03-14 19:54:35'),(34, 50.228, '2026-03-14 18:54:35'),(34, 50.31, '2026-03-14 17:54:35'),(34, 49.901, '2026-03-14 16:54:35'),(34, 49.756, '2026-03-14 15:54:35'),(34, 49.825, '2026-03-14 14:54:35'),(34, 50.307, '2026-03-14 13:54:35'),(34, 49.582, '2026-03-14 12:54:35'),(34, 50.453, '2026-03-14 11:54:35'),(34, 50.118, '2026-03-14 10:54:35'),(34, 49.812, '2026-03-14 09:54:35'),(34, 50.001, '2026-03-14 08:54:35'),(34, 49.66, '2026-03-14 07:54:35'),(34, 49.854, '2026-03-14 06:54:35'),(34, 49.618, '2026-03-14 05:54:35'),(34, 50.226, '2026-03-14 04:54:35'),(34, 49.791, '2026-03-14 03:54:35'),(34, 50.281, '2026-03-14 02:54:35'),(34, 50.462, '2026-03-14 01:54:35'),(34, 50.496, '2026-03-14 00:54:35'),(34, 49.772, '2026-03-13 23:54:35'),(34, 50.085, '2026-03-13 22:54:35'),(34, 49.858, '2026-03-13 21:54:35'),(34, 49.774, '2026-03-13 20:54:35'),(34, 49.967, '2026-03-13 19:54:35'),(34, 50.126, '2026-03-13 18:54:35'),(34, 50.168, '2026-03-13 17:54:35'),(34, 50.349, '2026-03-13 16:54:35'),(34, 49.81, '2026-03-13 15:54:35'),(34, 49.943, '2026-03-13 14:54:35'),(34, 49.858, '2026-03-13 13:54:35'),(34, 49.566, '2026-03-13 12:54:35'),(34, 50.216, '2026-03-13 11:54:35'),(34, 50.341, '2026-03-13 10:54:35'),(34, 49.91, '2026-03-13 09:54:35'),(34, 49.699, '2026-03-13 08:54:35'),(34, 50.363, '2026-03-13 07:54:35'),(34, 49.758, '2026-03-13 06:54:35'),(34, 49.998, '2026-03-13 05:54:35'),(34, 49.669, '2026-03-13 04:54:35'),(34, 50.067, '2026-03-13 03:54:35'),(34, 50.269, '2026-03-13 02:54:35'),(34, 50.437, '2026-03-13 01:54:35'),(34, 50.336, '2026-03-13 00:54:35'),(34, 49.593, '2026-03-12 23:54:35'),(34, 50.297, '2026-03-12 22:54:35'),(34, 49.742, '2026-03-12 21:54:35'),(34, 50.48, '2026-03-12 20:54:35'),(34, 49.957, '2026-03-12 19:54:35'),(34, 50.001, '2026-03-12 18:54:35'),(34, 49.776, '2026-03-12 17:54:35'),(34, 49.99, '2026-03-12 16:54:35'),(34, 50.217, '2026-03-12 15:54:35'),(34, 50.034, '2026-03-12 14:54:35'),(34, 49.737, '2026-03-12 13:54:35'),(34, 49.694, '2026-03-12 12:54:35'),(34, 50.3, '2026-03-12 11:54:35'),(34, 50.267, '2026-03-12 10:54:35'),(34, 50.481, '2026-03-12 09:54:35'),(34, 50.041, '2026-03-12 08:54:35'),(34, 49.816, '2026-03-12 07:54:35'),(34, 50.4, '2026-03-12 06:54:35'),(34, 50.023, '2026-03-12 05:54:35'),(34, 49.868, '2026-03-12 04:54:35'),(34, 50.32, '2026-03-12 03:54:35'),(34, 50.459, '2026-03-12 02:54:35'),(34, 49.748, '2026-03-12 01:54:35'),(34, 50.077, '2026-03-12 00:54:35'),(34, 50.44, '2026-03-11 23:54:35'),(34, 49.683, '2026-03-11 22:54:35'),(34, 50.43, '2026-03-11 21:54:35'),(34, 49.538, '2026-03-11 20:54:35'),(34, 50.203, '2026-03-11 19:54:35'),(34, 49.581, '2026-03-11 18:54:35'),(34, 49.596, '2026-03-11 17:54:35'),(34, 50.027, '2026-03-11 16:54:35'),(34, 50.025, '2026-03-11 15:54:35'),(34, 49.979, '2026-03-11 14:54:35'),(34, 50.5, '2026-03-11 13:54:35'),(34, 49.973, '2026-03-11 12:54:35'),(34, 50.096, '2026-03-11 11:54:35'),(34, 50.168, '2026-03-11 10:54:35'),(34, 50.086, '2026-03-11 09:54:35'),(34, 49.727, '2026-03-11 08:54:35'),(34, 49.56, '2026-03-11 07:54:35'),(34, 50.053, '2026-03-11 06:54:35'),(34, 75.282, '2026-03-11 05:54:35'),(34, 49.821, '2026-03-11 04:54:35'),(34, 49.615, '2026-03-11 03:54:35'),(34, 49.85, '2026-03-11 02:54:35'),(34, 50.379, '2026-03-11 01:54:35'),(34, 49.897, '2026-03-11 00:54:35'),(34, 49.997, '2026-03-10 23:54:35'),(34, 49.89, '2026-03-10 22:54:35'),(34, 49.636, '2026-03-10 21:54:35'),(34, 49.582, '2026-03-10 20:54:35'),(34, 49.656, '2026-03-10 19:54:35'),(34, 50.231, '2026-03-10 18:54:35'),(34, 49.815, '2026-03-10 17:54:35'),(34, 49.684, '2026-03-10 16:54:35'),(34, 49.588, '2026-03-10 15:54:35'),(34, 50.176, '2026-03-10 14:54:35'),(34, 50.458, '2026-03-10 13:54:35'),(34, 49.655, '2026-03-10 12:54:35'),(34, 50.424, '2026-03-10 11:54:35'),(34, 49.828, '2026-03-10 10:54:35'),(34, 50.107, '2026-03-10 09:54:35'),(34, 50.081, '2026-03-10 08:54:35'),(34, 50.112, '2026-03-10 07:54:35'),(34, 50.092, '2026-03-10 06:54:35'),(34, 49.807, '2026-03-10 05:54:35'),(34, 50.44, '2026-03-10 04:54:35'),(34, 50.124, '2026-03-10 03:54:35'),(34, 49.898, '2026-03-10 02:54:35'),(34, 50.327, '2026-03-10 01:54:35'),(34, 50.495, '2026-03-10 00:54:35'),(34, 50.286, '2026-03-09 23:54:35'),(34, 50.212, '2026-03-09 22:54:35'),(34, 49.538, '2026-03-09 21:54:35'),(34, 50.465, '2026-03-09 20:54:35'),(34, 49.853, '2026-03-09 19:54:35'),(34, 49.954, '2026-03-09 18:54:35'),(34, 49.803, '2026-03-09 17:54:35'),(34, 50.327, '2026-03-09 16:54:35'),(34, 50.144, '2026-03-09 15:54:35'),(34, 49.936, '2026-03-09 14:54:35'),(34, 50.443, '2026-03-09 13:54:35'),(34, 49.798, '2026-03-09 12:54:35'),(34, 50.266, '2026-03-09 11:54:35'),(34, 49.809, '2026-03-09 10:54:35'),(34, 50.158, '2026-03-09 09:54:35'),(34, 50.436, '2026-03-09 08:54:35'),(34, 50.484, '2026-03-09 07:54:35'),(34, 50.239, '2026-03-09 06:54:35'),(34, 49.712, '2026-03-09 05:54:35'),(34, 49.708, '2026-03-09 04:54:35'),(34, 49.773, '2026-03-09 03:54:35'),(34, 50.218, '2026-03-09 02:54:35'),(34, 49.769, '2026-03-09 01:54:35'),(34, 49.788, '2026-03-09 00:54:35'),(34, 49.696, '2026-03-08 23:54:35'),(34, 49.672, '2026-03-08 22:54:35'),(34, 49.976, '2026-03-08 21:54:35'),(34, 49.939, '2026-03-08 20:54:35'),(34, 50.483, '2026-03-08 19:54:35'),(34, 49.893, '2026-03-08 18:54:35'),(34, 49.992, '2026-03-08 17:54:35'),(34, 49.884, '2026-03-08 16:54:35'),(34, 50.327, '2026-03-08 15:54:35'),(34, 50.447, '2026-03-08 14:54:35'),(34, 49.857, '2026-03-08 13:54:35'),(34, 50.005, '2026-03-08 12:54:35'),(34, 50.304, '2026-03-08 11:54:35'),(34, 49.517, '2026-03-08 10:54:35'),(34, 49.853, '2026-03-08 09:54:35'),(34, 50.175, '2026-03-08 08:54:35'),(34, 50.155, '2026-03-08 07:54:35'),(34, 49.73, '2026-03-08 06:54:35'),(34, 49.774, '2026-03-08 05:54:35'),(34, 50.427, '2026-03-08 04:54:35'),(34, 50.12, '2026-03-08 03:54:35'),(34, 49.826, '2026-03-08 02:54:35'),(34, 50.141, '2026-03-08 01:54:35'),(34, 50.03, '2026-03-08 00:54:35'),(34, 49.915, '2026-03-07 23:54:35'),(34, 50.177, '2026-03-07 22:54:35'),(34, 50.158, '2026-03-07 21:54:35'),(34, 49.694, '2026-03-07 20:54:35'),(34, 50.49, '2026-03-07 19:54:35'),(34, 50.358, '2026-03-07 18:54:35'),(34, 49.636, '2026-03-07 17:54:35'),(34, 50.401, '2026-03-07 16:54:35'),(34, 50.35, '2026-03-07 15:54:35'),(34, 50.173, '2026-03-07 14:54:35'),(34, 49.975, '2026-03-07 13:54:35'),(34, 50.313, '2026-03-07 12:54:35'),(34, 50.082, '2026-03-07 11:54:35'),(34, 49.966, '2026-03-07 10:54:35'),(34, 49.839, '2026-03-07 09:54:35'),(34, 50.265, '2026-03-07 08:54:35'),(34, 50.211, '2026-03-07 07:54:35'),(34, 49.842, '2026-03-07 06:54:35'),(34, 49.586, '2026-03-07 05:54:35'),(34, 49.572, '2026-03-07 04:54:35'),(34, 49.628, '2026-03-07 03:54:35'),(34, 49.716, '2026-03-07 02:54:35'),(34, 50.224, '2026-03-07 01:54:35'),(34, 50.282, '2026-03-07 00:54:35'),(34, 49.511, '2026-03-06 23:54:35'),(34, 49.958, '2026-03-06 22:54:35'),(34, 49.964, '2026-03-06 21:54:35'),(34, 50.036, '2026-03-06 20:54:35'),(34, 49.802, '2026-03-06 19:54:35'),(34, 50.486, '2026-03-06 18:54:35'),(34, 49.761, '2026-03-06 17:54:35'),(34, 50.017, '2026-03-06 16:54:35'),(34, 49.878, '2026-03-06 15:54:35'),(34, 50.22, '2026-03-06 14:54:35'),(34, 50.321, '2026-03-06 13:54:35'),(34, 50.346, '2026-03-06 12:54:35'),(34, 50.391, '2026-03-06 11:54:35'),(34, 49.643, '2026-03-06 10:54:35'),(34, 49.587, '2026-03-06 09:54:35'),(34, 49.642, '2026-03-06 08:54:35'),(34, 49.972, '2026-03-06 07:54:35'),(34, 49.533, '2026-03-06 06:54:35'),(34, 49.575, '2026-03-06 05:54:35'),(34, 50.304, '2026-03-06 04:54:35'),(34, 50.116, '2026-03-06 03:54:35'),(34, 50.176, '2026-03-06 02:54:35'),(34, 50.001, '2026-03-06 01:54:35'),(34, 50.161, '2026-03-06 00:54:35'),(34, 50.025, '2026-03-05 23:54:35'),(34, 50.341, '2026-03-05 22:54:35'),(34, 50.281, '2026-03-05 21:54:35'),(34, 49.937, '2026-03-05 20:54:35'),(34, 49.873, '2026-03-05 19:54:35'),(34, 49.808, '2026-03-05 18:54:35'),(34, 50.415, '2026-03-05 17:54:35'),(34, 49.641, '2026-03-05 16:54:35'),(34, 49.901, '2026-03-05 15:54:35'),(34, 50.254, '2026-03-05 14:54:35'),(34, 49.544, '2026-03-05 13:54:35'),(34, 50.288, '2026-03-05 12:54:35'),(34, 50.434, '2026-03-05 11:54:35'),(34, 50.375, '2026-03-05 10:54:35'),(34, 50.026, '2026-03-05 09:54:35'),(34, 49.803, '2026-03-05 08:54:35'),(34, 50.483, '2026-03-05 07:54:35'),(34, 49.844, '2026-03-05 06:54:35'),(34, 50.055, '2026-03-05 05:54:35'),(34, 50.043, '2026-03-05 04:54:35'),(34, 49.636, '2026-03-05 03:54:35'),(34, 50.109, '2026-03-05 02:54:35'),(34, 49.581, '2026-03-05 01:54:35'),(34, 49.696, '2026-03-05 00:54:35'),(34, 50.204, '2026-03-04 23:54:35'),(34, 50.036, '2026-03-04 22:54:35'),(34, 49.722, '2026-03-04 21:54:35'),(34, 50.09, '2026-03-04 20:54:35'),(34, 49.6, '2026-03-04 19:54:35'),(34, 49.74, '2026-03-04 18:54:35'),(34, 50.451, '2026-03-04 17:54:35'),(34, 49.652, '2026-03-04 16:54:35'),(34, 50.462, '2026-03-04 15:54:35'),(34, 49.608, '2026-03-04 14:54:35'),(34, 50.112, '2026-03-04 13:54:35'),(34, 50.175, '2026-03-04 12:54:35'),(34, 49.755, '2026-03-04 11:54:35'),(34, 49.755, '2026-03-04 10:54:35'),(34, 49.799, '2026-03-04 09:54:35'),(34, 49.708, '2026-03-04 08:54:35'),(34, 49.63, '2026-03-04 07:54:35'),(34, 50.032, '2026-03-04 06:54:35'),(34, 49.672, '2026-03-04 05:54:35'),(34, 50.247, '2026-03-04 04:54:35'),(34, 50.156, '2026-03-04 03:54:35'),(34, 49.58, '2026-03-04 02:54:35'),(34, 50.105, '2026-03-04 01:54:35'),(34, 50.115, '2026-03-04 00:54:35'),(34, 49.969, '2026-03-03 23:54:35'),(34, 49.754, '2026-03-03 22:54:35'),(34, 49.922, '2026-03-03 21:54:35'),(34, 49.909, '2026-03-03 20:54:35'),(34, 49.802, '2026-03-03 19:54:35'),(34, 50.388, '2026-03-03 18:54:35'),(34, 49.551, '2026-03-03 17:54:35'),(34, 50.486, '2026-03-03 16:54:35'),(34, 49.964, '2026-03-03 15:54:35'),(34, 49.766, '2026-03-03 14:54:35'),(34, 50.067, '2026-03-03 13:54:35'),(34, 49.845, '2026-03-03 12:54:35'),(34, 50.291, '2026-03-03 11:54:35'),(34, 50.058, '2026-03-03 10:54:35'),(34, 50.292, '2026-03-03 09:54:35'),(34, 50.446, '2026-03-03 08:54:35'),(34, 50.175, '2026-03-03 07:54:35'),(34, 50.217, '2026-03-03 06:54:35'),(34, 49.943, '2026-03-03 05:54:35'),(34, 49.828, '2026-03-03 04:54:35'),(34, 50.375, '2026-03-03 03:54:35'),(34, 49.724, '2026-03-03 02:54:35'),(34, 50.437, '2026-03-03 01:54:35'),(34, 50.436, '2026-03-03 00:54:35'),(34, 50.424, '2026-03-02 23:54:35'),(34, 49.797, '2026-03-02 22:54:35'),(34, 49.537, '2026-03-02 21:54:35'),(34, 50.173, '2026-03-02 20:54:35'),(34, 49.576, '2026-03-02 19:54:35'),(34, 50.197, '2026-03-02 18:54:35'),(34, 49.59, '2026-03-02 17:54:35'),(34, 50.154, '2026-03-02 16:54:35'),(34, 50.089, '2026-03-02 15:54:35'),(34, 50.212, '2026-03-02 14:54:35'),(34, 50.426, '2026-03-02 13:54:35'),(34, 50.039, '2026-03-02 12:54:35'),(34, 50.334, '2026-03-02 11:54:35'),(34, 49.899, '2026-03-02 10:54:35'),(34, 50.148, '2026-03-02 09:54:35'),(34, 50.265, '2026-03-02 08:54:35'),(34, 49.68, '2026-03-02 07:54:35'),(34, 49.969, '2026-03-02 06:54:35'),(34, 49.708, '2026-03-02 05:54:35'),(34, 50.186, '2026-03-02 04:54:35'),(34, 49.703, '2026-03-02 03:54:35'),(34, 50.323, '2026-03-02 02:54:35'),(34, 50.414, '2026-03-02 01:54:35'),(34, 49.604, '2026-03-02 00:54:35'),(34, 49.694, '2026-03-01 23:54:35'),(34, 49.682, '2026-03-01 22:54:35'),(34, 50.118, '2026-03-01 21:54:35'),(34, 50.265, '2026-03-01 20:54:35'),(34, 49.57, '2026-03-01 19:54:35'),(34, 49.853, '2026-03-01 18:54:35'),(34, 50.248, '2026-03-01 17:54:35'),(34, 50.43, '2026-03-01 16:54:35'),(34, 49.839, '2026-03-01 15:54:35'),(34, 49.585, '2026-03-01 14:54:35'),(34, 50.026, '2026-03-01 13:54:35');
INSERT INTO mining_sensors (id, type_id, name, lat, lng, status, current_value) VALUES (35, 12, 'Vibración Molino 02', -17.24681358526767, -70.61486716226429, 'active', 50.0);
INSERT INTO mining_sensor_history (sensor_id, value, timestamp) VALUES (35, 49.737, '2026-03-16 12:54:35'),(35, 50.259, '2026-03-16 11:54:35'),(35, 49.615, '2026-03-16 10:54:35'),(35, 50.327, '2026-03-16 09:54:35'),(35, 50.328, '2026-03-16 08:54:35'),(35, 49.548, '2026-03-16 07:54:35'),(35, 50.181, '2026-03-16 06:54:35'),(35, 50.356, '2026-03-16 05:54:35'),(35, 49.951, '2026-03-16 04:54:35'),(35, 50.474, '2026-03-16 03:54:35'),(35, 24.863, '2026-03-16 02:54:35'),(35, 49.986, '2026-03-16 01:54:35'),(35, 50.241, '2026-03-16 00:54:35'),(35, 49.667, '2026-03-15 23:54:35'),(35, 49.979, '2026-03-15 22:54:35'),(35, 50.293, '2026-03-15 21:54:35'),(35, 49.916, '2026-03-15 20:54:35'),(35, 50.133, '2026-03-15 19:54:35'),(35, 49.925, '2026-03-15 18:54:35'),(35, 50.192, '2026-03-15 17:54:35'),(35, 50.202, '2026-03-15 16:54:35'),(35, 49.524, '2026-03-15 15:54:35'),(35, 50.098, '2026-03-15 14:54:35'),(35, 50.212, '2026-03-15 13:54:35'),(35, 50.183, '2026-03-15 12:54:35'),(35, 50.22, '2026-03-15 11:54:35'),(35, 50.102, '2026-03-15 10:54:35'),(35, 50.098, '2026-03-15 09:54:35'),(35, 50.404, '2026-03-15 08:54:35'),(35, 50.139, '2026-03-15 07:54:35'),(35, 50.452, '2026-03-15 06:54:35'),(35, 50.302, '2026-03-15 05:54:35'),(35, 49.867, '2026-03-15 04:54:35'),(35, 50.075, '2026-03-15 03:54:35'),(35, 49.899, '2026-03-15 02:54:35'),(35, 50.189, '2026-03-15 01:54:35'),(35, 49.703, '2026-03-15 00:54:35'),(35, 50.381, '2026-03-14 23:54:35'),(35, 49.941, '2026-03-14 22:54:35'),(35, 50.438, '2026-03-14 21:54:35'),(35, 50.426, '2026-03-14 20:54:35'),(35, 50.017, '2026-03-14 19:54:35'),(35, 50.268, '2026-03-14 18:54:35'),(35, 49.651, '2026-03-14 17:54:35'),(35, 50.404, '2026-03-14 16:54:35'),(35, 50.003, '2026-03-14 15:54:35'),(35, 50.124, '2026-03-14 14:54:35'),(35, 49.614, '2026-03-14 13:54:35'),(35, 49.773, '2026-03-14 12:54:35'),(35, 49.958, '2026-03-14 11:54:35'),(35, 50.35, '2026-03-14 10:54:35'),(35, 49.87, '2026-03-14 09:54:35'),(35, 49.727, '2026-03-14 08:54:35'),(35, 50.036, '2026-03-14 07:54:35'),(35, 49.946, '2026-03-14 06:54:35'),(35, 50.298, '2026-03-14 05:54:35'),(35, 50.476, '2026-03-14 04:54:35'),(35, 50.193, '2026-03-14 03:54:35'),(35, 50.078, '2026-03-14 02:54:35'),(35, 50.041, '2026-03-14 01:54:35'),(35, 50.331, '2026-03-14 00:54:35'),(35, 50.44, '2026-03-13 23:54:35'),(35, 49.665, '2026-03-13 22:54:35'),(35, 49.866, '2026-03-13 21:54:35'),(35, 50.301, '2026-03-13 20:54:35'),(35, 50.338, '2026-03-13 19:54:35'),(35, 50.014, '2026-03-13 18:54:35'),(35, 49.956, '2026-03-13 17:54:35'),(35, 50.287, '2026-03-13 16:54:35'),(35, 50.087, '2026-03-13 15:54:35'),(35, 50.239, '2026-03-13 14:54:35'),(35, 50.466, '2026-03-13 13:54:35'),(35, 50.109, '2026-03-13 12:54:35'),(35, 49.861, '2026-03-13 11:54:35'),(35, 49.796, '2026-03-13 10:54:35'),(35, 49.676, '2026-03-13 09:54:35'),(35, 49.597, '2026-03-13 08:54:35'),(35, 50.167, '2026-03-13 07:54:35'),(35, 50.498, '2026-03-13 06:54:35'),(35, 50.178, '2026-03-13 05:54:35'),(35, 49.835, '2026-03-13 04:54:35'),(35, 49.604, '2026-03-13 03:54:35'),(35, 49.755, '2026-03-13 02:54:35'),(35, 50.365, '2026-03-13 01:54:35'),(35, 49.578, '2026-03-13 00:54:35'),(35, 50.463, '2026-03-12 23:54:35'),(35, 50.002, '2026-03-12 22:54:35'),(35, 50.269, '2026-03-12 21:54:35'),(35, 50.323, '2026-03-12 20:54:35'),(35, 50.407, '2026-03-12 19:54:35'),(35, 50.473, '2026-03-12 18:54:35'),(35, 49.873, '2026-03-12 17:54:35'),(35, 49.717, '2026-03-12 16:54:35'),(35, 50.351, '2026-03-12 15:54:35'),(35, 50.07, '2026-03-12 14:54:35'),(35, 50.363, '2026-03-12 13:54:35'),(35, 50.079, '2026-03-12 12:54:35'),(35, 50.25, '2026-03-12 11:54:35'),(35, 50.01, '2026-03-12 10:54:35'),(35, 50.152, '2026-03-12 09:54:35'),(35, 50.15, '2026-03-12 08:54:35'),(35, 50.434, '2026-03-12 07:54:35'),(35, 50.43, '2026-03-12 06:54:35'),(35, 50.158, '2026-03-12 05:54:35'),(35, 50.157, '2026-03-12 04:54:35'),(35, 49.535, '2026-03-12 03:54:35'),(35, 49.851, '2026-03-12 02:54:35'),(35, 49.5, '2026-03-12 01:54:35'),(35, 49.58, '2026-03-12 00:54:35'),(35, 50.361, '2026-03-11 23:54:35'),(35, 49.824, '2026-03-11 22:54:35'),(35, 50.042, '2026-03-11 21:54:35'),(35, 50.316, '2026-03-11 20:54:35'),(35, 50.208, '2026-03-11 19:54:35'),(35, 49.898, '2026-03-11 18:54:35'),(35, 50.449, '2026-03-11 17:54:35'),(35, 50.185, '2026-03-11 16:54:35'),(35, 49.584, '2026-03-11 15:54:35'),(35, 50.101, '2026-03-11 14:54:35'),(35, 49.967, '2026-03-11 13:54:35'),(35, 49.675, '2026-03-11 12:54:35'),(35, 50.383, '2026-03-11 11:54:35'),(35, 49.771, '2026-03-11 10:54:35'),(35, 50.256, '2026-03-11 09:54:35'),(35, 49.565, '2026-03-11 08:54:35'),(35, 50.446, '2026-03-11 07:54:35'),(35, 50.463, '2026-03-11 06:54:35'),(35, 49.703, '2026-03-11 05:54:35'),(35, 50.063, '2026-03-11 04:54:35'),(35, 49.971, '2026-03-11 03:54:35'),(35, 50.086, '2026-03-11 02:54:35'),(35, 50.113, '2026-03-11 01:54:35'),(35, 25.048, '2026-03-11 00:54:35'),(35, 50.149, '2026-03-10 23:54:35'),(35, 49.744, '2026-03-10 22:54:35'),(35, 50.458, '2026-03-10 21:54:35'),(35, 49.945, '2026-03-10 20:54:35'),(35, 49.637, '2026-03-10 19:54:35'),(35, 50.351, '2026-03-10 18:54:35'),(35, 50.149, '2026-03-10 17:54:35'),(35, 49.839, '2026-03-10 16:54:35'),(35, 50.059, '2026-03-10 15:54:35'),(35, 49.962, '2026-03-10 14:54:35'),(35, 49.559, '2026-03-10 13:54:35'),(35, 50.267, '2026-03-10 12:54:35'),(35, 49.564, '2026-03-10 11:54:35'),(35, 49.668, '2026-03-10 10:54:35'),(35, 50.135, '2026-03-10 09:54:35'),(35, 50.071, '2026-03-10 08:54:35'),(35, 50.14, '2026-03-10 07:54:35'),(35, 50.088, '2026-03-10 06:54:35'),(35, 50.116, '2026-03-10 05:54:35'),(35, 50.165, '2026-03-10 04:54:35'),(35, 50.478, '2026-03-10 03:54:35'),(35, 49.895, '2026-03-10 02:54:35'),(35, 49.865, '2026-03-10 01:54:35'),(35, 49.953, '2026-03-10 00:54:35'),(35, 50.359, '2026-03-09 23:54:35'),(35, 49.734, '2026-03-09 22:54:35'),(35, 50.234, '2026-03-09 21:54:35'),(35, 50.075, '2026-03-09 20:54:35'),(35, 49.805, '2026-03-09 19:54:35'),(35, 49.974, '2026-03-09 18:54:35'),(35, 50.209, '2026-03-09 17:54:35'),(35, 49.594, '2026-03-09 16:54:35'),(35, 49.577, '2026-03-09 15:54:35'),(35, 49.709, '2026-03-09 14:54:35'),(35, 49.681, '2026-03-09 13:54:35'),(35, 49.624, '2026-03-09 12:54:35'),(35, 49.595, '2026-03-09 11:54:35'),(35, 49.607, '2026-03-09 10:54:35'),(35, 50.234, '2026-03-09 09:54:35'),(35, 50.462, '2026-03-09 08:54:35'),(35, 49.664, '2026-03-09 07:54:35'),(35, 50.18, '2026-03-09 06:54:35'),(35, 50.219, '2026-03-09 05:54:35'),(35, 49.885, '2026-03-09 04:54:35'),(35, 50.026, '2026-03-09 03:54:35'),(35, 50.274, '2026-03-09 02:54:35'),(35, 50.449, '2026-03-09 01:54:35'),(35, 50.316, '2026-03-09 00:54:35'),(35, 49.805, '2026-03-08 23:54:35'),(35, 49.809, '2026-03-08 22:54:35'),(35, 50.062, '2026-03-08 21:54:35'),(35, 50.383, '2026-03-08 20:54:35'),(35, 50.271, '2026-03-08 19:54:35'),(35, 50.015, '2026-03-08 18:54:35'),(35, 49.752, '2026-03-08 17:54:35'),(35, 50.297, '2026-03-08 16:54:35'),(35, 50.038, '2026-03-08 15:54:35'),(35, 50.243, '2026-03-08 14:54:35'),(35, 50.043, '2026-03-08 13:54:35'),(35, 50.346, '2026-03-08 12:54:35'),(35, 49.53, '2026-03-08 11:54:35'),(35, 50.064, '2026-03-08 10:54:35'),(35, 50.224, '2026-03-08 09:54:35'),(35, 50.061, '2026-03-08 08:54:35'),(35, 50.212, '2026-03-08 07:54:35'),(35, 50.023, '2026-03-08 06:54:35'),(35, 49.727, '2026-03-08 05:54:35'),(35, 49.658, '2026-03-08 04:54:35'),(35, 49.792, '2026-03-08 03:54:35'),(35, 50.405, '2026-03-08 02:54:35'),(35, 50.216, '2026-03-08 01:54:35'),(35, 50.202, '2026-03-08 00:54:35'),(35, 49.625, '2026-03-07 23:54:35'),(35, 49.652, '2026-03-07 22:54:35'),(35, 49.871, '2026-03-07 21:54:35'),(35, 50.197, '2026-03-07 20:54:35'),(35, 49.77, '2026-03-07 19:54:35'),(35, 50.422, '2026-03-07 18:54:35'),(35, 50.062, '2026-03-07 17:54:35'),(35, 49.554, '2026-03-07 16:54:35'),(35, 50.02, '2026-03-07 15:54:35'),(35, 50.02, '2026-03-07 14:54:35'),(35, 50.411, '2026-03-07 13:54:35'),(35, 49.553, '2026-03-07 12:54:35'),(35, 50.203, '2026-03-07 11:54:35'),(35, 50.382, '2026-03-07 10:54:35'),(35, 50.456, '2026-03-07 09:54:35'),(35, 49.757, '2026-03-07 08:54:35'),(35, 50.071, '2026-03-07 07:54:35'),(35, 49.623, '2026-03-07 06:54:35'),(35, 49.715, '2026-03-07 05:54:35'),(35, 49.948, '2026-03-07 04:54:35'),(35, 49.906, '2026-03-07 03:54:35'),(35, 50.494, '2026-03-07 02:54:35'),(35, 49.937, '2026-03-07 01:54:35'),(35, 50.042, '2026-03-07 00:54:35'),(35, 50.042, '2026-03-06 23:54:35'),(35, 50.307, '2026-03-06 22:54:35'),(35, 50.336, '2026-03-06 21:54:35'),(35, 50.0, '2026-03-06 20:54:35'),(35, 49.681, '2026-03-06 19:54:35'),(35, 50.057, '2026-03-06 18:54:35'),(35, 50.246, '2026-03-06 17:54:35'),(35, 50.453, '2026-03-06 16:54:35'),(35, 49.527, '2026-03-06 15:54:35'),(35, 50.316, '2026-03-06 14:54:35'),(35, 49.712, '2026-03-06 13:54:35'),(35, 50.136, '2026-03-06 12:54:35'),(35, 49.642, '2026-03-06 11:54:35'),(35, 49.621, '2026-03-06 10:54:35'),(35, 49.938, '2026-03-06 09:54:35'),(35, 50.124, '2026-03-06 08:54:35'),(35, 50.166, '2026-03-06 07:54:35'),(35, 50.064, '2026-03-06 06:54:35'),(35, 50.358, '2026-03-06 05:54:35'),(35, 50.315, '2026-03-06 04:54:35'),(35, 50.294, '2026-03-06 03:54:35'),(35, 49.608, '2026-03-06 02:54:35'),(35, 50.245, '2026-03-06 01:54:35'),(35, 50.473, '2026-03-06 00:54:35'),(35, 49.686, '2026-03-05 23:54:35'),(35, 50.498, '2026-03-05 22:54:35'),(35, 49.516, '2026-03-05 21:54:35'),(35, 50.461, '2026-03-05 20:54:35'),(35, 49.536, '2026-03-05 19:54:35'),(35, 49.578, '2026-03-05 18:54:35'),(35, 50.179, '2026-03-05 17:54:35'),(35, 50.227, '2026-03-05 16:54:35'),(35, 49.653, '2026-03-05 15:54:35'),(35, 49.525, '2026-03-05 14:54:35'),(35, 49.857, '2026-03-05 13:54:35'),(35, 49.78, '2026-03-05 12:54:35'),(35, 50.089, '2026-03-05 11:54:35'),(35, 49.928, '2026-03-05 10:54:35'),(35, 49.994, '2026-03-05 09:54:35'),(35, 49.579, '2026-03-05 08:54:35'),(35, 49.734, '2026-03-05 07:54:35'),(35, 49.681, '2026-03-05 06:54:35'),(35, 50.019, '2026-03-05 05:54:35'),(35, 49.603, '2026-03-05 04:54:35'),(35, 50.391, '2026-03-05 03:54:35'),(35, 50.098, '2026-03-05 02:54:35'),(35, 49.959, '2026-03-05 01:54:35'),(35, 49.77, '2026-03-05 00:54:35'),(35, 50.215, '2026-03-04 23:54:35'),(35, 50.306, '2026-03-04 22:54:35'),(35, 50.396, '2026-03-04 21:54:35'),(35, 50.251, '2026-03-04 20:54:35'),(35, 50.452, '2026-03-04 19:54:35'),(35, 50.335, '2026-03-04 18:54:35'),(35, 49.737, '2026-03-04 17:54:35'),(35, 49.506, '2026-03-04 16:54:35'),(35, 50.299, '2026-03-04 15:54:35'),(35, 49.861, '2026-03-04 14:54:35'),(35, 49.622, '2026-03-04 13:54:35'),(35, 50.193, '2026-03-04 12:54:35'),(35, 50.213, '2026-03-04 11:54:35'),(35, 50.003, '2026-03-04 10:54:35'),(35, 49.564, '2026-03-04 09:54:35'),(35, 50.397, '2026-03-04 08:54:35'),(35, 49.735, '2026-03-04 07:54:35'),(35, 50.358, '2026-03-04 06:54:35'),(35, 49.552, '2026-03-04 05:54:35'),(35, 50.205, '2026-03-04 04:54:35'),(35, 49.535, '2026-03-04 03:54:35'),(35, 49.519, '2026-03-04 02:54:35'),(35, 50.437, '2026-03-04 01:54:35'),(35, 50.238, '2026-03-04 00:54:35'),(35, 50.235, '2026-03-03 23:54:35'),(35, 50.268, '2026-03-03 22:54:35'),(35, 50.368, '2026-03-03 21:54:35'),(35, 49.92, '2026-03-03 20:54:35'),(35, 49.918, '2026-03-03 19:54:35'),(35, 49.603, '2026-03-03 18:54:35'),(35, 50.467, '2026-03-03 17:54:35'),(35, 49.66, '2026-03-03 16:54:35'),(35, 50.485, '2026-03-03 15:54:35'),(35, 50.3, '2026-03-03 14:54:35'),(35, 49.694, '2026-03-03 13:54:35'),(35, 49.538, '2026-03-03 12:54:35'),(35, 50.222, '2026-03-03 11:54:35'),(35, 49.58, '2026-03-03 10:54:35'),(35, 50.457, '2026-03-03 09:54:35'),(35, 49.65, '2026-03-03 08:54:35'),(35, 50.227, '2026-03-03 07:54:35'),(35, 49.955, '2026-03-03 06:54:35'),(35, 50.215, '2026-03-03 05:54:35'),(35, 50.382, '2026-03-03 04:54:35'),(35, 50.046, '2026-03-03 03:54:35'),(35, 50.042, '2026-03-03 02:54:35'),(35, 50.251, '2026-03-03 01:54:35'),(35, 49.867, '2026-03-03 00:54:35'),(35, 49.613, '2026-03-02 23:54:35'),(35, 49.747, '2026-03-02 22:54:35'),(35, 49.706, '2026-03-02 21:54:35'),(35, 50.483, '2026-03-02 20:54:35'),(35, 50.233, '2026-03-02 19:54:35'),(35, 49.551, '2026-03-02 18:54:35'),(35, 50.251, '2026-03-02 17:54:35'),(35, 50.404, '2026-03-02 16:54:35'),(35, 50.368, '2026-03-02 15:54:35'),(35, 49.643, '2026-03-02 14:54:35'),(35, 49.821, '2026-03-02 13:54:35'),(35, 49.56, '2026-03-02 12:54:35'),(35, 50.448, '2026-03-02 11:54:35'),(35, 50.232, '2026-03-02 10:54:35'),(35, 50.402, '2026-03-02 09:54:35'),(35, 49.771, '2026-03-02 08:54:35'),(35, 50.303, '2026-03-02 07:54:35'),(35, 50.034, '2026-03-02 06:54:35'),(35, 50.027, '2026-03-02 05:54:35'),(35, 49.715, '2026-03-02 04:54:35'),(35, 50.179, '2026-03-02 03:54:35'),(35, 50.177, '2026-03-02 02:54:35'),(35, 49.583, '2026-03-02 01:54:35'),(35, 50.252, '2026-03-02 00:54:35'),(35, 49.776, '2026-03-01 23:54:35'),(35, 50.381, '2026-03-01 22:54:35'),(35, 50.046, '2026-03-01 21:54:35'),(35, 50.208, '2026-03-01 20:54:35'),(35, 50.005, '2026-03-01 19:54:35'),(35, 49.747, '2026-03-01 18:54:35'),(35, 49.597, '2026-03-01 17:54:35'),(35, 50.443, '2026-03-01 16:54:35'),(35, 50.28, '2026-03-01 15:54:35'),(35, 50.395, '2026-03-01 14:54:35'),(35, 50.269, '2026-03-01 13:54:35');
INSERT INTO mining_sensors (id, type_id, name, lat, lng, status, current_value) VALUES (36, 12, 'Vibración Molino 03', -17.242605723822088, -70.61663407514575, 'active', 50.0);
INSERT INTO mining_sensor_history (sensor_id, value, timestamp) VALUES (36, 49.807, '2026-03-16 12:54:35'),(36, 50.053, '2026-03-16 11:54:35'),(36, 50.312, '2026-03-16 10:54:35'),(36, 49.767, '2026-03-16 09:54:35'),(36, 50.374, '2026-03-16 08:54:35'),(36, 50.32, '2026-03-16 07:54:35'),(36, 50.193, '2026-03-16 06:54:35'),(36, 49.878, '2026-03-16 05:54:35'),(36, 49.731, '2026-03-16 04:54:35'),(36, 50.296, '2026-03-16 03:54:35'),(36, 49.551, '2026-03-16 02:54:35'),(36, 50.364, '2026-03-16 01:54:35'),(36, 49.812, '2026-03-16 00:54:35'),(36, 49.903, '2026-03-15 23:54:35'),(36, 49.76, '2026-03-15 22:54:35'),(36, 50.157, '2026-03-15 21:54:35'),(36, 50.03, '2026-03-15 20:54:35'),(36, 49.613, '2026-03-15 19:54:35'),(36, 50.362, '2026-03-15 18:54:35'),(36, 50.371, '2026-03-15 17:54:35'),(36, 50.403, '2026-03-15 16:54:35'),(36, 49.89, '2026-03-15 15:54:35'),(36, 49.762, '2026-03-15 14:54:35'),(36, 49.667, '2026-03-15 13:54:35'),(36, 50.324, '2026-03-15 12:54:35'),(36, 49.504, '2026-03-15 11:54:35'),(36, 49.861, '2026-03-15 10:54:35'),(36, 49.554, '2026-03-15 09:54:35'),(36, 49.707, '2026-03-15 08:54:35'),(36, 50.298, '2026-03-15 07:54:35'),(36, 49.638, '2026-03-15 06:54:35'),(36, 50.165, '2026-03-15 05:54:35'),(36, 49.745, '2026-03-15 04:54:35'),(36, 49.828, '2026-03-15 03:54:35'),(36, 49.734, '2026-03-15 02:54:35'),(36, 50.136, '2026-03-15 01:54:35'),(36, 49.999, '2026-03-15 00:54:35'),(36, 49.583, '2026-03-14 23:54:35'),(36, 50.213, '2026-03-14 22:54:35'),(36, 49.831, '2026-03-14 21:54:35'),(36, 49.96, '2026-03-14 20:54:35'),(36, 50.028, '2026-03-14 19:54:35'),(36, 50.299, '2026-03-14 18:54:35'),(36, 49.538, '2026-03-14 17:54:35'),(36, 49.933, '2026-03-14 16:54:35'),(36, 49.637, '2026-03-14 15:54:35'),(36, 50.47, '2026-03-14 14:54:35'),(36, 50.112, '2026-03-14 13:54:35'),(36, 49.879, '2026-03-14 12:54:35'),(36, 49.89, '2026-03-14 11:54:35'),(36, 49.539, '2026-03-14 10:54:35'),(36, 50.455, '2026-03-14 09:54:35'),(36, 50.231, '2026-03-14 08:54:35'),(36, 49.905, '2026-03-14 07:54:35'),(36, 49.86, '2026-03-14 06:54:35'),(36, 49.69, '2026-03-14 05:54:35'),(36, 50.172, '2026-03-14 04:54:35'),(36, 50.043, '2026-03-14 03:54:35'),(36, 50.47, '2026-03-14 02:54:35'),(36, 49.551, '2026-03-14 01:54:35'),(36, 50.184, '2026-03-14 00:54:35'),(36, 49.626, '2026-03-13 23:54:35'),(36, 49.77, '2026-03-13 22:54:35'),(36, 49.808, '2026-03-13 21:54:35'),(36, 50.389, '2026-03-13 20:54:35'),(36, 49.671, '2026-03-13 19:54:35'),(36, 49.527, '2026-03-13 18:54:35'),(36, 49.824, '2026-03-13 17:54:35'),(36, 50.138, '2026-03-13 16:54:35'),(36, 50.325, '2026-03-13 15:54:35'),(36, 50.486, '2026-03-13 14:54:35'),(36, 49.544, '2026-03-13 13:54:35'),(36, 50.274, '2026-03-13 12:54:35'),(36, 50.246, '2026-03-13 11:54:35'),(36, 49.932, '2026-03-13 10:54:35'),(36, 50.479, '2026-03-13 09:54:35'),(36, 50.441, '2026-03-13 08:54:35'),(36, 50.345, '2026-03-13 07:54:35'),(36, 49.671, '2026-03-13 06:54:35'),(36, 50.435, '2026-03-13 05:54:35'),(36, 50.292, '2026-03-13 04:54:35'),(36, 50.238, '2026-03-13 03:54:35'),(36, 49.62, '2026-03-13 02:54:35'),(36, 49.515, '2026-03-13 01:54:35'),(36, 50.301, '2026-03-13 00:54:35'),(36, 50.276, '2026-03-12 23:54:35'),(36, 49.809, '2026-03-12 22:54:35'),(36, 49.837, '2026-03-12 21:54:35'),(36, 50.358, '2026-03-12 20:54:35'),(36, 50.006, '2026-03-12 19:54:35'),(36, 50.184, '2026-03-12 18:54:35'),(36, 49.98, '2026-03-12 17:54:35'),(36, 49.932, '2026-03-12 16:54:35'),(36, 25.008, '2026-03-12 15:54:35'),(36, 49.931, '2026-03-12 14:54:35'),(36, 49.813, '2026-03-12 13:54:35'),(36, 49.705, '2026-03-12 12:54:35'),(36, 50.255, '2026-03-12 11:54:35'),(36, 50.132, '2026-03-12 10:54:35'),(36, 49.505, '2026-03-12 09:54:35'),(36, 49.971, '2026-03-12 08:54:35'),(36, 49.878, '2026-03-12 07:54:35'),(36, 50.119, '2026-03-12 06:54:35'),(36, 49.673, '2026-03-12 05:54:35'),(36, 49.892, '2026-03-12 04:54:35'),(36, 49.671, '2026-03-12 03:54:35'),(36, 50.118, '2026-03-12 02:54:35'),(36, 49.901, '2026-03-12 01:54:35'),(36, 49.877, '2026-03-12 00:54:35'),(36, 50.252, '2026-03-11 23:54:35'),(36, 49.965, '2026-03-11 22:54:35'),(36, 50.121, '2026-03-11 21:54:35'),(36, 50.479, '2026-03-11 20:54:35'),(36, 49.707, '2026-03-11 19:54:35'),(36, 50.164, '2026-03-11 18:54:35'),(36, 49.509, '2026-03-11 17:54:35'),(36, 49.97, '2026-03-11 16:54:35'),(36, 50.057, '2026-03-11 15:54:35'),(36, 49.51, '2026-03-11 14:54:35'),(36, 50.295, '2026-03-11 13:54:35'),(36, 50.007, '2026-03-11 12:54:35'),(36, 49.936, '2026-03-11 11:54:35'),(36, 49.967, '2026-03-11 10:54:35'),(36, 50.486, '2026-03-11 09:54:35'),(36, 49.503, '2026-03-11 08:54:35'),(36, 49.77, '2026-03-11 07:54:35'),(36, 49.934, '2026-03-11 06:54:35'),(36, 50.22, '2026-03-11 05:54:35'),(36, 49.692, '2026-03-11 04:54:35'),(36, 50.15, '2026-03-11 03:54:35'),(36, 49.634, '2026-03-11 02:54:35'),(36, 50.197, '2026-03-11 01:54:35'),(36, 49.785, '2026-03-11 00:54:35'),(36, 49.591, '2026-03-10 23:54:35'),(36, 49.881, '2026-03-10 22:54:35'),(36, 50.043, '2026-03-10 21:54:35'),(36, 49.632, '2026-03-10 20:54:35'),(36, 50.272, '2026-03-10 19:54:35'),(36, 50.0, '2026-03-10 18:54:35'),(36, 50.471, '2026-03-10 17:54:35'),(36, 49.838, '2026-03-10 16:54:35'),(36, 49.866, '2026-03-10 15:54:35'),(36, 50.477, '2026-03-10 14:54:35'),(36, 49.885, '2026-03-10 13:54:35'),(36, 49.834, '2026-03-10 12:54:35'),(36, 50.229, '2026-03-10 11:54:35'),(36, 49.674, '2026-03-10 10:54:35'),(36, 50.473, '2026-03-10 09:54:35'),(36, 49.905, '2026-03-10 08:54:35'),(36, 49.992, '2026-03-10 07:54:35'),(36, 50.116, '2026-03-10 06:54:35'),(36, 50.428, '2026-03-10 05:54:35'),(36, 49.76, '2026-03-10 04:54:35'),(36, 49.901, '2026-03-10 03:54:35'),(36, 49.882, '2026-03-10 02:54:35'),(36, 50.012, '2026-03-10 01:54:35'),(36, 50.034, '2026-03-10 00:54:35'),(36, 49.796, '2026-03-09 23:54:35'),(36, 50.357, '2026-03-09 22:54:35'),(36, 49.577, '2026-03-09 21:54:35'),(36, 50.274, '2026-03-09 20:54:35'),(36, 49.564, '2026-03-09 19:54:35'),(36, 49.695, '2026-03-09 18:54:35'),(36, 50.29, '2026-03-09 17:54:35'),(36, 49.924, '2026-03-09 16:54:35'),(36, 50.055, '2026-03-09 15:54:35'),(36, 50.447, '2026-03-09 14:54:35'),(36, 49.769, '2026-03-09 13:54:35'),(36, 49.708, '2026-03-09 12:54:35'),(36, 50.212, '2026-03-09 11:54:35'),(36, 50.412, '2026-03-09 10:54:35'),(36, 50.332, '2026-03-09 09:54:35'),(36, 50.15, '2026-03-09 08:54:35'),(36, 50.262, '2026-03-09 07:54:35'),(36, 49.905, '2026-03-09 06:54:35'),(36, 50.338, '2026-03-09 05:54:35'),(36, 50.166, '2026-03-09 04:54:35'),(36, 49.515, '2026-03-09 03:54:35'),(36, 50.16, '2026-03-09 02:54:35'),(36, 49.988, '2026-03-09 01:54:35'),(36, 50.292, '2026-03-09 00:54:35'),(36, 49.532, '2026-03-08 23:54:35'),(36, 50.02, '2026-03-08 22:54:35'),(36, 50.425, '2026-03-08 21:54:35'),(36, 49.93, '2026-03-08 20:54:35'),(36, 49.572, '2026-03-08 19:54:35'),(36, 50.293, '2026-03-08 18:54:35'),(36, 50.43, '2026-03-08 17:54:35'),(36, 49.563, '2026-03-08 16:54:35'),(36, 50.077, '2026-03-08 15:54:35'),(36, 49.752, '2026-03-08 14:54:35'),(36, 49.833, '2026-03-08 13:54:35'),(36, 50.489, '2026-03-08 12:54:35'),(36, 50.15, '2026-03-08 11:54:35'),(36, 50.454, '2026-03-08 10:54:35'),(36, 50.066, '2026-03-08 09:54:35'),(36, 49.72, '2026-03-08 08:54:35'),(36, 50.414, '2026-03-08 07:54:35'),(36, 49.56, '2026-03-08 06:54:35'),(36, 50.391, '2026-03-08 05:54:35'),(36, 49.91, '2026-03-08 04:54:35'),(36, 50.422, '2026-03-08 03:54:35'),(36, 50.06, '2026-03-08 02:54:35'),(36, 49.63, '2026-03-08 01:54:35'),(36, 50.468, '2026-03-08 00:54:35'),(36, 50.256, '2026-03-07 23:54:35'),(36, 50.245, '2026-03-07 22:54:35'),(36, 49.916, '2026-03-07 21:54:35'),(36, 50.28, '2026-03-07 20:54:35'),(36, 50.291, '2026-03-07 19:54:35'),(36, 49.984, '2026-03-07 18:54:35'),(36, 50.18, '2026-03-07 17:54:35'),(36, 49.597, '2026-03-07 16:54:35'),(36, 50.431, '2026-03-07 15:54:35'),(36, 49.789, '2026-03-07 14:54:35'),(36, 49.805, '2026-03-07 13:54:35'),(36, 49.607, '2026-03-07 12:54:35'),(36, 50.321, '2026-03-07 11:54:35'),(36, 49.614, '2026-03-07 10:54:35'),(36, 50.356, '2026-03-07 09:54:35'),(36, 50.411, '2026-03-07 08:54:35'),(36, 50.379, '2026-03-07 07:54:35'),(36, 50.257, '2026-03-07 06:54:35'),(36, 50.108, '2026-03-07 05:54:35'),(36, 50.112, '2026-03-07 04:54:35'),(36, 49.932, '2026-03-07 03:54:35'),(36, 49.734, '2026-03-07 02:54:35'),(36, 50.363, '2026-03-07 01:54:35'),(36, 49.71, '2026-03-07 00:54:35'),(36, 49.88, '2026-03-06 23:54:35'),(36, 49.757, '2026-03-06 22:54:35'),(36, 50.103, '2026-03-06 21:54:35'),(36, 49.944, '2026-03-06 20:54:35'),(36, 50.018, '2026-03-06 19:54:35'),(36, 49.85, '2026-03-06 18:54:35'),(36, 49.789, '2026-03-06 17:54:35'),(36, 49.914, '2026-03-06 16:54:35'),(36, 50.309, '2026-03-06 15:54:35'),(36, 49.822, '2026-03-06 14:54:35'),(36, 49.879, '2026-03-06 13:54:35'),(36, 49.914, '2026-03-06 12:54:35'),(36, 50.356, '2026-03-06 11:54:35'),(36, 49.868, '2026-03-06 10:54:35'),(36, 50.461, '2026-03-06 09:54:35'),(36, 49.744, '2026-03-06 08:54:35'),(36, 49.642, '2026-03-06 07:54:35'),(36, 50.037, '2026-03-06 06:54:35'),(36, 49.671, '2026-03-06 05:54:35'),(36, 50.495, '2026-03-06 04:54:35'),(36, 49.815, '2026-03-06 03:54:35'),(36, 50.345, '2026-03-06 02:54:35'),(36, 49.769, '2026-03-06 01:54:35'),(36, 50.392, '2026-03-06 00:54:35'),(36, 49.637, '2026-03-05 23:54:35'),(36, 50.077, '2026-03-05 22:54:35'),(36, 49.686, '2026-03-05 21:54:35'),(36, 49.877, '2026-03-05 20:54:35'),(36, 49.88, '2026-03-05 19:54:35'),(36, 50.477, '2026-03-05 18:54:35'),(36, 50.451, '2026-03-05 17:54:35'),(36, 50.341, '2026-03-05 16:54:35'),(36, 49.746, '2026-03-05 15:54:35'),(36, 50.198, '2026-03-05 14:54:35'),(36, 49.742, '2026-03-05 13:54:35'),(36, 50.366, '2026-03-05 12:54:35'),(36, 49.925, '2026-03-05 11:54:35'),(36, 49.729, '2026-03-05 10:54:35'),(36, 50.189, '2026-03-05 09:54:35'),(36, 49.872, '2026-03-05 08:54:35'),(36, 50.423, '2026-03-05 07:54:35'),(36, 49.871, '2026-03-05 06:54:35'),(36, 50.0, '2026-03-05 05:54:35'),(36, 49.987, '2026-03-05 04:54:35'),(36, 49.662, '2026-03-05 03:54:35'),(36, 50.375, '2026-03-05 02:54:35'),(36, 49.805, '2026-03-05 01:54:35'),(36, 50.459, '2026-03-05 00:54:35'),(36, 50.112, '2026-03-04 23:54:35'),(36, 49.784, '2026-03-04 22:54:35'),(36, 50.486, '2026-03-04 21:54:35'),(36, 49.559, '2026-03-04 20:54:35'),(36, 50.389, '2026-03-04 19:54:35'),(36, 49.743, '2026-03-04 18:54:35'),(36, 49.956, '2026-03-04 17:54:35'),(36, 50.451, '2026-03-04 16:54:35'),(36, 50.024, '2026-03-04 15:54:35'),(36, 49.625, '2026-03-04 14:54:35'),(36, 50.067, '2026-03-04 13:54:35'),(36, 49.977, '2026-03-04 12:54:35'),(36, 49.732, '2026-03-04 11:54:35'),(36, 49.961, '2026-03-04 10:54:35'),(36, 49.909, '2026-03-04 09:54:35'),(36, 50.389, '2026-03-04 08:54:35'),(36, 49.542, '2026-03-04 07:54:35'),(36, 50.136, '2026-03-04 06:54:35'),(36, 50.122, '2026-03-04 05:54:35'),(36, 49.896, '2026-03-04 04:54:35'),(36, 50.208, '2026-03-04 03:54:35'),(36, 50.279, '2026-03-04 02:54:35'),(36, 49.833, '2026-03-04 01:54:35'),(36, 49.956, '2026-03-04 00:54:35'),(36, 49.989, '2026-03-03 23:54:35'),(36, 49.549, '2026-03-03 22:54:35'),(36, 49.99, '2026-03-03 21:54:35'),(36, 49.687, '2026-03-03 20:54:35'),(36, 50.141, '2026-03-03 19:54:35'),(36, 49.888, '2026-03-03 18:54:35'),(36, 49.753, '2026-03-03 17:54:35'),(36, 49.526, '2026-03-03 16:54:35'),(36, 49.785, '2026-03-03 15:54:35'),(36, 50.073, '2026-03-03 14:54:35'),(36, 50.104, '2026-03-03 13:54:35'),(36, 50.115, '2026-03-03 12:54:35'),(36, 50.365, '2026-03-03 11:54:35'),(36, 50.401, '2026-03-03 10:54:35'),(36, 50.264, '2026-03-03 09:54:35'),(36, 50.128, '2026-03-03 08:54:35'),(36, 49.581, '2026-03-03 07:54:35'),(36, 49.772, '2026-03-03 06:54:35'),(36, 50.069, '2026-03-03 05:54:35'),(36, 50.362, '2026-03-03 04:54:35'),(36, 50.392, '2026-03-03 03:54:35'),(36, 50.216, '2026-03-03 02:54:35'),(36, 50.173, '2026-03-03 01:54:35'),(36, 50.45, '2026-03-03 00:54:35'),(36, 49.847, '2026-03-02 23:54:35'),(36, 49.55, '2026-03-02 22:54:35'),(36, 50.075, '2026-03-02 21:54:35'),(36, 50.009, '2026-03-02 20:54:35'),(36, 49.514, '2026-03-02 19:54:35'),(36, 50.471, '2026-03-02 18:54:35'),(36, 50.212, '2026-03-02 17:54:35'),(36, 50.051, '2026-03-02 16:54:35'),(36, 50.207, '2026-03-02 15:54:35'),(36, 50.106, '2026-03-02 14:54:35'),(36, 49.649, '2026-03-02 13:54:35'),(36, 50.247, '2026-03-02 12:54:35'),(36, 50.418, '2026-03-02 11:54:35'),(36, 49.686, '2026-03-02 10:54:35'),(36, 49.798, '2026-03-02 09:54:35'),(36, 50.326, '2026-03-02 08:54:35'),(36, 50.497, '2026-03-02 07:54:35'),(36, 50.388, '2026-03-02 06:54:35'),(36, 50.363, '2026-03-02 05:54:35'),(36, 49.901, '2026-03-02 04:54:35'),(36, 50.119, '2026-03-02 03:54:35'),(36, 49.973, '2026-03-02 02:54:35'),(36, 49.985, '2026-03-02 01:54:35'),(36, 49.655, '2026-03-02 00:54:35'),(36, 50.22, '2026-03-01 23:54:35'),(36, 50.024, '2026-03-01 22:54:35'),(36, 49.823, '2026-03-01 21:54:35'),(36, 49.562, '2026-03-01 20:54:35'),(36, 50.044, '2026-03-01 19:54:35'),(36, 49.74, '2026-03-01 18:54:35'),(36, 50.249, '2026-03-01 17:54:35'),(36, 50.078, '2026-03-01 16:54:35'),(36, 50.291, '2026-03-01 15:54:35'),(36, 49.65, '2026-03-01 14:54:35'),(36, 50.145, '2026-03-01 13:54:35');
INSERT INTO mining_sensors (id, type_id, name, lat, lng, status, current_value) VALUES (37, 13, 'Presión Tubería 01', -17.243180633476882, -70.6122937622097, 'active', 50.0);
INSERT INTO mining_sensor_history (sensor_id, value, timestamp) VALUES (37, 49.513, '2026-03-16 12:54:35'),(37, 50.012, '2026-03-16 11:54:35'),(37, 49.772, '2026-03-16 10:54:35'),(37, 50.445, '2026-03-16 09:54:35'),(37, 49.503, '2026-03-16 08:54:35'),(37, 49.988, '2026-03-16 07:54:35'),(37, 49.921, '2026-03-16 06:54:35'),(37, 50.47, '2026-03-16 05:54:35'),(37, 50.183, '2026-03-16 04:54:35'),(37, 49.603, '2026-03-16 03:54:35'),(37, 49.595, '2026-03-16 02:54:35'),(37, 49.84, '2026-03-16 01:54:35'),(37, 49.731, '2026-03-16 00:54:35'),(37, 49.909, '2026-03-15 23:54:35'),(37, 49.615, '2026-03-15 22:54:35'),(37, 50.004, '2026-03-15 21:54:35'),(37, 49.968, '2026-03-15 20:54:35'),(37, 25.189, '2026-03-15 19:54:35'),(37, 49.932, '2026-03-15 18:54:35'),(37, 49.538, '2026-03-15 17:54:35'),(37, 49.856, '2026-03-15 16:54:35'),(37, 49.558, '2026-03-15 15:54:35'),(37, 50.461, '2026-03-15 14:54:35'),(37, 50.246, '2026-03-15 13:54:35'),(37, 50.441, '2026-03-15 12:54:35'),(37, 49.569, '2026-03-15 11:54:35'),(37, 49.504, '2026-03-15 10:54:35'),(37, 50.379, '2026-03-15 09:54:35'),(37, 49.675, '2026-03-15 08:54:35'),(37, 49.729, '2026-03-15 07:54:35'),(37, 50.115, '2026-03-15 06:54:35'),(37, 50.42, '2026-03-15 05:54:35'),(37, 50.314, '2026-03-15 04:54:35'),(37, 49.818, '2026-03-15 03:54:35'),(37, 50.096, '2026-03-15 02:54:35'),(37, 49.659, '2026-03-15 01:54:35'),(37, 49.648, '2026-03-15 00:54:35'),(37, 50.383, '2026-03-14 23:54:35'),(37, 49.925, '2026-03-14 22:54:35'),(37, 49.817, '2026-03-14 21:54:35'),(37, 50.358, '2026-03-14 20:54:35'),(37, 49.76, '2026-03-14 19:54:35'),(37, 49.645, '2026-03-14 18:54:35'),(37, 49.651, '2026-03-14 17:54:35'),(37, 49.771, '2026-03-14 16:54:35'),(37, 50.203, '2026-03-14 15:54:35'),(37, 50.235, '2026-03-14 14:54:35'),(37, 49.582, '2026-03-14 13:54:35'),(37, 49.794, '2026-03-14 12:54:35'),(37, 50.208, '2026-03-14 11:54:35'),(37, 49.984, '2026-03-14 10:54:35'),(37, 50.392, '2026-03-14 09:54:35'),(37, 50.027, '2026-03-14 08:54:35'),(37, 50.123, '2026-03-14 07:54:35'),(37, 50.204, '2026-03-14 06:54:35'),(37, 50.284, '2026-03-14 05:54:35'),(37, 50.181, '2026-03-14 04:54:35'),(37, 50.329, '2026-03-14 03:54:35'),(37, 49.719, '2026-03-14 02:54:35'),(37, 49.507, '2026-03-14 01:54:35'),(37, 50.49, '2026-03-14 00:54:35'),(37, 49.871, '2026-03-13 23:54:35'),(37, 50.225, '2026-03-13 22:54:35'),(37, 49.841, '2026-03-13 21:54:35'),(37, 50.044, '2026-03-13 20:54:35'),(37, 49.533, '2026-03-13 19:54:35'),(37, 49.825, '2026-03-13 18:54:35'),(37, 50.15, '2026-03-13 17:54:35'),(37, 49.721, '2026-03-13 16:54:35'),(37, 50.178, '2026-03-13 15:54:35'),(37, 49.964, '2026-03-13 14:54:35'),(37, 50.125, '2026-03-13 13:54:35'),(37, 50.262, '2026-03-13 12:54:35'),(37, 49.548, '2026-03-13 11:54:35'),(37, 49.701, '2026-03-13 10:54:35'),(37, 49.875, '2026-03-13 09:54:35'),(37, 49.614, '2026-03-13 08:54:35'),(37, 50.225, '2026-03-13 07:54:35'),(37, 49.726, '2026-03-13 06:54:35'),(37, 50.282, '2026-03-13 05:54:35'),(37, 49.853, '2026-03-13 04:54:35'),(37, 50.132, '2026-03-13 03:54:35'),(37, 50.105, '2026-03-13 02:54:35'),(37, 50.289, '2026-03-13 01:54:35'),(37, 49.542, '2026-03-13 00:54:35'),(37, 50.3, '2026-03-12 23:54:35'),(37, 50.101, '2026-03-12 22:54:35'),(37, 49.554, '2026-03-12 21:54:35'),(37, 49.583, '2026-03-12 20:54:35'),(37, 50.456, '2026-03-12 19:54:35'),(37, 50.288, '2026-03-12 18:54:35'),(37, 49.567, '2026-03-12 17:54:35'),(37, 50.347, '2026-03-12 16:54:35'),(37, 50.169, '2026-03-12 15:54:35'),(37, 50.444, '2026-03-12 14:54:35'),(37, 50.15, '2026-03-12 13:54:35'),(37, 49.965, '2026-03-12 12:54:35'),(37, 50.272, '2026-03-12 11:54:35'),(37, 49.653, '2026-03-12 10:54:35'),(37, 50.157, '2026-03-12 09:54:35'),(37, 50.299, '2026-03-12 08:54:35'),(37, 50.073, '2026-03-12 07:54:35'),(37, 49.968, '2026-03-12 06:54:35'),(37, 49.717, '2026-03-12 05:54:35'),(37, 50.437, '2026-03-12 04:54:35'),(37, 50.285, '2026-03-12 03:54:35'),(37, 50.254, '2026-03-12 02:54:35'),(37, 50.252, '2026-03-12 01:54:35'),(37, 50.247, '2026-03-12 00:54:35'),(37, 49.797, '2026-03-11 23:54:35'),(37, 49.821, '2026-03-11 22:54:35'),(37, 49.647, '2026-03-11 21:54:35'),(37, 49.514, '2026-03-11 20:54:35'),(37, 50.291, '2026-03-11 19:54:35'),(37, 49.742, '2026-03-11 18:54:35'),(37, 49.918, '2026-03-11 17:54:35'),(37, 50.49, '2026-03-11 16:54:35'),(37, 49.931, '2026-03-11 15:54:35'),(37, 49.827, '2026-03-11 14:54:35'),(37, 50.147, '2026-03-11 13:54:35'),(37, 49.997, '2026-03-11 12:54:35'),(37, 50.458, '2026-03-11 11:54:35'),(37, 49.886, '2026-03-11 10:54:35'),(37, 50.345, '2026-03-11 09:54:35'),(37, 50.292, '2026-03-11 08:54:35'),(37, 49.683, '2026-03-11 07:54:35'),(37, 50.417, '2026-03-11 06:54:35'),(37, 50.327, '2026-03-11 05:54:35'),(37, 50.452, '2026-03-11 04:54:35'),(37, 50.206, '2026-03-11 03:54:35'),(37, 49.636, '2026-03-11 02:54:35'),(37, 49.989, '2026-03-11 01:54:35'),(37, 50.055, '2026-03-11 00:54:35'),(37, 49.8, '2026-03-10 23:54:35'),(37, 50.356, '2026-03-10 22:54:35'),(37, 50.181, '2026-03-10 21:54:35'),(37, 49.936, '2026-03-10 20:54:35'),(37, 49.713, '2026-03-10 19:54:35'),(37, 50.036, '2026-03-10 18:54:35'),(37, 50.133, '2026-03-10 17:54:35'),(37, 49.754, '2026-03-10 16:54:35'),(37, 50.193, '2026-03-10 15:54:35'),(37, 49.973, '2026-03-10 14:54:35'),(37, 50.289, '2026-03-10 13:54:35'),(37, 49.773, '2026-03-10 12:54:35'),(37, 49.91, '2026-03-10 11:54:35'),(37, 49.847, '2026-03-10 10:54:35'),(37, 49.898, '2026-03-10 09:54:35'),(37, 50.463, '2026-03-10 08:54:35'),(37, 50.49, '2026-03-10 07:54:35'),(37, 49.774, '2026-03-10 06:54:35'),(37, 49.852, '2026-03-10 05:54:35'),(37, 49.53, '2026-03-10 04:54:35'),(37, 50.026, '2026-03-10 03:54:35'),(37, 50.199, '2026-03-10 02:54:35'),(37, 50.2, '2026-03-10 01:54:35'),(37, 49.741, '2026-03-10 00:54:35'),(37, 50.324, '2026-03-09 23:54:35'),(37, 50.155, '2026-03-09 22:54:35'),(37, 50.17, '2026-03-09 21:54:35'),(37, 50.315, '2026-03-09 20:54:35'),(37, 50.492, '2026-03-09 19:54:35'),(37, 50.264, '2026-03-09 18:54:35'),(37, 49.689, '2026-03-09 17:54:35'),(37, 50.068, '2026-03-09 16:54:35'),(37, 50.064, '2026-03-09 15:54:35'),(37, 50.083, '2026-03-09 14:54:35'),(37, 50.074, '2026-03-09 13:54:35'),(37, 50.102, '2026-03-09 12:54:35'),(37, 49.62, '2026-03-09 11:54:35'),(37, 50.019, '2026-03-09 10:54:35'),(37, 49.571, '2026-03-09 09:54:35'),(37, 50.041, '2026-03-09 08:54:35'),(37, 50.435, '2026-03-09 07:54:35'),(37, 49.585, '2026-03-09 06:54:35'),(37, 50.276, '2026-03-09 05:54:35'),(37, 50.026, '2026-03-09 04:54:35'),(37, 49.619, '2026-03-09 03:54:35'),(37, 49.812, '2026-03-09 02:54:35'),(37, 50.371, '2026-03-09 01:54:35'),(37, 50.461, '2026-03-09 00:54:35'),(37, 50.446, '2026-03-08 23:54:35'),(37, 50.052, '2026-03-08 22:54:35'),(37, 50.032, '2026-03-08 21:54:35'),(37, 49.842, '2026-03-08 20:54:35'),(37, 49.849, '2026-03-08 19:54:35'),(37, 50.398, '2026-03-08 18:54:35'),(37, 49.525, '2026-03-08 17:54:35'),(37, 50.349, '2026-03-08 16:54:35'),(37, 49.987, '2026-03-08 15:54:35'),(37, 49.869, '2026-03-08 14:54:35'),(37, 50.435, '2026-03-08 13:54:35'),(37, 49.548, '2026-03-08 12:54:35'),(37, 49.957, '2026-03-08 11:54:35'),(37, 50.088, '2026-03-08 10:54:35'),(37, 50.156, '2026-03-08 09:54:35'),(37, 49.938, '2026-03-08 08:54:35'),(37, 50.448, '2026-03-08 07:54:35'),(37, 49.796, '2026-03-08 06:54:35'),(37, 49.756, '2026-03-08 05:54:35'),(37, 49.507, '2026-03-08 04:54:35'),(37, 50.377, '2026-03-08 03:54:35'),(37, 49.607, '2026-03-08 02:54:35'),(37, 49.704, '2026-03-08 01:54:35'),(37, 50.402, '2026-03-08 00:54:35'),(37, 50.369, '2026-03-07 23:54:35'),(37, 50.327, '2026-03-07 22:54:35'),(37, 49.984, '2026-03-07 21:54:35'),(37, 50.107, '2026-03-07 20:54:35'),(37, 49.87, '2026-03-07 19:54:35'),(37, 50.296, '2026-03-07 18:54:35'),(37, 49.957, '2026-03-07 17:54:35'),(37, 50.315, '2026-03-07 16:54:35'),(37, 49.983, '2026-03-07 15:54:35'),(37, 50.124, '2026-03-07 14:54:35'),(37, 50.246, '2026-03-07 13:54:35'),(37, 49.982, '2026-03-07 12:54:35'),(37, 50.195, '2026-03-07 11:54:35'),(37, 49.732, '2026-03-07 10:54:35'),(37, 49.555, '2026-03-07 09:54:35'),(37, 49.869, '2026-03-07 08:54:35'),(37, 49.652, '2026-03-07 07:54:35'),(37, 50.136, '2026-03-07 06:54:35'),(37, 50.11, '2026-03-07 05:54:35'),(37, 49.746, '2026-03-07 04:54:35'),(37, 50.453, '2026-03-07 03:54:35'),(37, 49.641, '2026-03-07 02:54:35'),(37, 49.799, '2026-03-07 01:54:35'),(37, 50.499, '2026-03-07 00:54:35'),(37, 49.934, '2026-03-06 23:54:35'),(37, 49.6, '2026-03-06 22:54:35'),(37, 49.717, '2026-03-06 21:54:35'),(37, 50.396, '2026-03-06 20:54:35'),(37, 49.62, '2026-03-06 19:54:35'),(37, 49.556, '2026-03-06 18:54:35'),(37, 49.848, '2026-03-06 17:54:35'),(37, 49.516, '2026-03-06 16:54:35'),(37, 49.587, '2026-03-06 15:54:35'),(37, 50.132, '2026-03-06 14:54:35'),(37, 49.558, '2026-03-06 13:54:35'),(37, 49.552, '2026-03-06 12:54:35'),(37, 49.92, '2026-03-06 11:54:35'),(37, 50.135, '2026-03-06 10:54:35'),(37, 49.893, '2026-03-06 09:54:35'),(37, 49.582, '2026-03-06 08:54:35'),(37, 49.871, '2026-03-06 07:54:35'),(37, 49.744, '2026-03-06 06:54:35'),(37, 49.657, '2026-03-06 05:54:35'),(37, 49.815, '2026-03-06 04:54:35'),(37, 49.663, '2026-03-06 03:54:35'),(37, 50.452, '2026-03-06 02:54:35'),(37, 50.34, '2026-03-06 01:54:35'),(37, 49.922, '2026-03-06 00:54:35'),(37, 49.529, '2026-03-05 23:54:35'),(37, 50.135, '2026-03-05 22:54:35'),(37, 50.414, '2026-03-05 21:54:35'),(37, 49.567, '2026-03-05 20:54:35'),(37, 49.739, '2026-03-05 19:54:35'),(37, 50.112, '2026-03-05 18:54:35'),(37, 49.859, '2026-03-05 17:54:35'),(37, 49.895, '2026-03-05 16:54:35'),(37, 49.559, '2026-03-05 15:54:35'),(37, 50.086, '2026-03-05 14:54:35'),(37, 50.176, '2026-03-05 13:54:35'),(37, 50.138, '2026-03-05 12:54:35'),(37, 50.198, '2026-03-05 11:54:35'),(37, 74.943, '2026-03-05 10:54:35'),(37, 50.352, '2026-03-05 09:54:35'),(37, 49.778, '2026-03-05 08:54:35'),(37, 49.797, '2026-03-05 07:54:35'),(37, 49.986, '2026-03-05 06:54:35'),(37, 49.99, '2026-03-05 05:54:35'),(37, 49.511, '2026-03-05 04:54:35'),(37, 50.469, '2026-03-05 03:54:35'),(37, 50.415, '2026-03-05 02:54:35'),(37, 50.422, '2026-03-05 01:54:35'),(37, 50.371, '2026-03-05 00:54:35'),(37, 50.017, '2026-03-04 23:54:35'),(37, 49.568, '2026-03-04 22:54:35'),(37, 49.913, '2026-03-04 21:54:35'),(37, 49.735, '2026-03-04 20:54:35'),(37, 50.29, '2026-03-04 19:54:35'),(37, 50.151, '2026-03-04 18:54:35'),(37, 50.469, '2026-03-04 17:54:35'),(37, 50.246, '2026-03-04 16:54:35'),(37, 49.736, '2026-03-04 15:54:35'),(37, 50.074, '2026-03-04 14:54:35'),(37, 49.838, '2026-03-04 13:54:35'),(37, 50.107, '2026-03-04 12:54:35'),(37, 50.369, '2026-03-04 11:54:35'),(37, 49.653, '2026-03-04 10:54:35'),(37, 49.621, '2026-03-04 09:54:35'),(37, 49.777, '2026-03-04 08:54:35'),(37, 50.227, '2026-03-04 07:54:35'),(37, 50.485, '2026-03-04 06:54:35'),(37, 49.877, '2026-03-04 05:54:35'),(37, 50.129, '2026-03-04 04:54:35'),(37, 50.31, '2026-03-04 03:54:35'),(37, 49.87, '2026-03-04 02:54:35'),(37, 49.951, '2026-03-04 01:54:35'),(37, 49.912, '2026-03-04 00:54:35'),(37, 49.964, '2026-03-03 23:54:35'),(37, 49.567, '2026-03-03 22:54:35'),(37, 50.008, '2026-03-03 21:54:35'),(37, 49.99, '2026-03-03 20:54:35'),(37, 50.145, '2026-03-03 19:54:35'),(37, 50.022, '2026-03-03 18:54:35'),(37, 49.541, '2026-03-03 17:54:35'),(37, 50.201, '2026-03-03 16:54:35'),(37, 50.161, '2026-03-03 15:54:35'),(37, 50.378, '2026-03-03 14:54:35'),(37, 49.757, '2026-03-03 13:54:35'),(37, 50.466, '2026-03-03 12:54:35'),(37, 49.625, '2026-03-03 11:54:35'),(37, 49.755, '2026-03-03 10:54:35'),(37, 50.411, '2026-03-03 09:54:35'),(37, 50.127, '2026-03-03 08:54:35'),(37, 50.334, '2026-03-03 07:54:35'),(37, 49.507, '2026-03-03 06:54:35'),(37, 50.008, '2026-03-03 05:54:35'),(37, 49.665, '2026-03-03 04:54:35'),(37, 50.396, '2026-03-03 03:54:35'),(37, 49.673, '2026-03-03 02:54:35'),(37, 49.725, '2026-03-03 01:54:35'),(37, 50.391, '2026-03-03 00:54:35'),(37, 49.545, '2026-03-02 23:54:35'),(37, 50.499, '2026-03-02 22:54:35'),(37, 49.626, '2026-03-02 21:54:35'),(37, 50.27, '2026-03-02 20:54:35'),(37, 49.672, '2026-03-02 19:54:35'),(37, 50.066, '2026-03-02 18:54:35'),(37, 49.911, '2026-03-02 17:54:35'),(37, 50.284, '2026-03-02 16:54:35'),(37, 49.542, '2026-03-02 15:54:35'),(37, 50.421, '2026-03-02 14:54:35'),(37, 49.587, '2026-03-02 13:54:35'),(37, 49.597, '2026-03-02 12:54:35'),(37, 49.817, '2026-03-02 11:54:35'),(37, 49.751, '2026-03-02 10:54:35'),(37, 49.676, '2026-03-02 09:54:35'),(37, 49.615, '2026-03-02 08:54:35'),(37, 49.815, '2026-03-02 07:54:35'),(37, 49.935, '2026-03-02 06:54:35'),(37, 50.036, '2026-03-02 05:54:35'),(37, 50.396, '2026-03-02 04:54:35'),(37, 50.463, '2026-03-02 03:54:35'),(37, 49.859, '2026-03-02 02:54:35'),(37, 50.456, '2026-03-02 01:54:35'),(37, 49.739, '2026-03-02 00:54:35'),(37, 50.109, '2026-03-01 23:54:35'),(37, 50.382, '2026-03-01 22:54:35'),(37, 49.731, '2026-03-01 21:54:35'),(37, 49.896, '2026-03-01 20:54:35'),(37, 49.806, '2026-03-01 19:54:35'),(37, 49.904, '2026-03-01 18:54:35'),(37, 49.592, '2026-03-01 17:54:35'),(37, 49.522, '2026-03-01 16:54:35'),(37, 50.318, '2026-03-01 15:54:35'),(37, 49.636, '2026-03-01 14:54:35'),(37, 49.878, '2026-03-01 13:54:35');
INSERT INTO mining_sensors (id, type_id, name, lat, lng, status, current_value) VALUES (38, 13, 'Presión Tubería 02', -17.24634757150369, -70.61597166320061, 'active', 50.0);
INSERT INTO mining_sensor_history (sensor_id, value, timestamp) VALUES (38, 50.283, '2026-03-16 12:54:35'),(38, 50.399, '2026-03-16 11:54:35'),(38, 49.944, '2026-03-16 10:54:35'),(38, 49.773, '2026-03-16 09:54:35'),(38, 49.512, '2026-03-16 08:54:35'),(38, 50.163, '2026-03-16 07:54:35'),(38, 50.469, '2026-03-16 06:54:35'),(38, 49.808, '2026-03-16 05:54:35'),(38, 49.742, '2026-03-16 04:54:35'),(38, 50.499, '2026-03-16 03:54:35'),(38, 49.63, '2026-03-16 02:54:35'),(38, 50.476, '2026-03-16 01:54:35'),(38, 50.289, '2026-03-16 00:54:35'),(38, 49.538, '2026-03-15 23:54:35'),(38, 50.067, '2026-03-15 22:54:35'),(38, 50.074, '2026-03-15 21:54:35'),(38, 50.132, '2026-03-15 20:54:35'),(38, 50.195, '2026-03-15 19:54:35'),(38, 49.75, '2026-03-15 18:54:35'),(38, 50.24, '2026-03-15 17:54:35'),(38, 49.994, '2026-03-15 16:54:35'),(38, 50.229, '2026-03-15 15:54:35'),(38, 49.927, '2026-03-15 14:54:35'),(38, 49.665, '2026-03-15 13:54:35'),(38, 49.52, '2026-03-15 12:54:35'),(38, 49.963, '2026-03-15 11:54:35'),(38, 49.616, '2026-03-15 10:54:35'),(38, 49.632, '2026-03-15 09:54:35'),(38, 49.94, '2026-03-15 08:54:35'),(38, 50.381, '2026-03-15 07:54:35'),(38, 49.948, '2026-03-15 06:54:35'),(38, 50.032, '2026-03-15 05:54:35'),(38, 49.741, '2026-03-15 04:54:35'),(38, 50.115, '2026-03-15 03:54:35'),(38, 50.248, '2026-03-15 02:54:35'),(38, 50.42, '2026-03-15 01:54:35'),(38, 49.81, '2026-03-15 00:54:35'),(38, 50.258, '2026-03-14 23:54:35'),(38, 49.699, '2026-03-14 22:54:35'),(38, 50.064, '2026-03-14 21:54:35'),(38, 49.557, '2026-03-14 20:54:35'),(38, 49.829, '2026-03-14 19:54:35'),(38, 49.977, '2026-03-14 18:54:35'),(38, 50.242, '2026-03-14 17:54:35'),(38, 50.346, '2026-03-14 16:54:35'),(38, 49.63, '2026-03-14 15:54:35'),(38, 49.632, '2026-03-14 14:54:35'),(38, 49.54, '2026-03-14 13:54:35'),(38, 50.333, '2026-03-14 12:54:35'),(38, 50.496, '2026-03-14 11:54:35'),(38, 50.001, '2026-03-14 10:54:35'),(38, 49.939, '2026-03-14 09:54:35'),(38, 50.008, '2026-03-14 08:54:35'),(38, 49.673, '2026-03-14 07:54:35'),(38, 50.101, '2026-03-14 06:54:35'),(38, 49.781, '2026-03-14 05:54:35'),(38, 50.221, '2026-03-14 04:54:35'),(38, 49.546, '2026-03-14 03:54:35'),(38, 49.717, '2026-03-14 02:54:35'),(38, 49.973, '2026-03-14 01:54:35'),(38, 50.134, '2026-03-14 00:54:35'),(38, 49.82, '2026-03-13 23:54:35'),(38, 50.265, '2026-03-13 22:54:35'),(38, 50.102, '2026-03-13 21:54:35'),(38, 49.813, '2026-03-13 20:54:35'),(38, 49.874, '2026-03-13 19:54:35'),(38, 49.753, '2026-03-13 18:54:35'),(38, 49.584, '2026-03-13 17:54:35'),(38, 50.255, '2026-03-13 16:54:35'),(38, 50.314, '2026-03-13 15:54:35'),(38, 50.402, '2026-03-13 14:54:35'),(38, 49.923, '2026-03-13 13:54:35'),(38, 50.489, '2026-03-13 12:54:35'),(38, 50.106, '2026-03-13 11:54:35'),(38, 50.156, '2026-03-13 10:54:35'),(38, 50.251, '2026-03-13 09:54:35'),(38, 49.626, '2026-03-13 08:54:35'),(38, 50.176, '2026-03-13 07:54:35'),(38, 49.787, '2026-03-13 06:54:35'),(38, 50.463, '2026-03-13 05:54:35'),(38, 50.191, '2026-03-13 04:54:35'),(38, 49.839, '2026-03-13 03:54:35'),(38, 50.339, '2026-03-13 02:54:35'),(38, 50.128, '2026-03-13 01:54:35'),(38, 50.237, '2026-03-13 00:54:35'),(38, 50.156, '2026-03-12 23:54:35'),(38, 50.137, '2026-03-12 22:54:35'),(38, 49.524, '2026-03-12 21:54:35'),(38, 49.559, '2026-03-12 20:54:35'),(38, 49.714, '2026-03-12 19:54:35'),(38, 50.024, '2026-03-12 18:54:35'),(38, 50.337, '2026-03-12 17:54:35'),(38, 50.37, '2026-03-12 16:54:35'),(38, 50.365, '2026-03-12 15:54:35'),(38, 49.981, '2026-03-12 14:54:35'),(38, 49.561, '2026-03-12 13:54:35'),(38, 50.035, '2026-03-12 12:54:35'),(38, 50.417, '2026-03-12 11:54:35'),(38, 50.067, '2026-03-12 10:54:35'),(38, 50.023, '2026-03-12 09:54:35'),(38, 50.297, '2026-03-12 08:54:35'),(38, 49.782, '2026-03-12 07:54:35'),(38, 50.362, '2026-03-12 06:54:35'),(38, 49.608, '2026-03-12 05:54:35'),(38, 50.063, '2026-03-12 04:54:35'),(38, 49.716, '2026-03-12 03:54:35'),(38, 50.423, '2026-03-12 02:54:35'),(38, 49.93, '2026-03-12 01:54:35'),(38, 50.287, '2026-03-12 00:54:35'),(38, 50.293, '2026-03-11 23:54:35'),(38, 49.704, '2026-03-11 22:54:35'),(38, 50.174, '2026-03-11 21:54:35'),(38, 50.287, '2026-03-11 20:54:35'),(38, 50.297, '2026-03-11 19:54:35'),(38, 50.0, '2026-03-11 18:54:35'),(38, 49.624, '2026-03-11 17:54:35'),(38, 49.892, '2026-03-11 16:54:35'),(38, 49.637, '2026-03-11 15:54:35'),(38, 50.016, '2026-03-11 14:54:35'),(38, 50.082, '2026-03-11 13:54:35'),(38, 50.491, '2026-03-11 12:54:35'),(38, 49.734, '2026-03-11 11:54:35'),(38, 50.383, '2026-03-11 10:54:35'),(38, 50.477, '2026-03-11 09:54:35'),(38, 50.037, '2026-03-11 08:54:35'),(38, 49.551, '2026-03-11 07:54:35'),(38, 49.848, '2026-03-11 06:54:35'),(38, 49.931, '2026-03-11 05:54:35'),(38, 50.02, '2026-03-11 04:54:35'),(38, 50.055, '2026-03-11 03:54:35'),(38, 50.407, '2026-03-11 02:54:35'),(38, 50.354, '2026-03-11 01:54:35'),(38, 49.929, '2026-03-11 00:54:35'),(38, 49.741, '2026-03-10 23:54:35'),(38, 49.716, '2026-03-10 22:54:35'),(38, 49.926, '2026-03-10 21:54:35'),(38, 50.328, '2026-03-10 20:54:35'),(38, 50.347, '2026-03-10 19:54:35'),(38, 49.969, '2026-03-10 18:54:35'),(38, 49.87, '2026-03-10 17:54:35'),(38, 49.885, '2026-03-10 16:54:35'),(38, 49.563, '2026-03-10 15:54:35'),(38, 49.89, '2026-03-10 14:54:35'),(38, 50.178, '2026-03-10 13:54:35'),(38, 49.517, '2026-03-10 12:54:35'),(38, 49.979, '2026-03-10 11:54:35'),(38, 49.77, '2026-03-10 10:54:35'),(38, 50.498, '2026-03-10 09:54:35'),(38, 50.042, '2026-03-10 08:54:35'),(38, 50.044, '2026-03-10 07:54:35'),(38, 50.057, '2026-03-10 06:54:35'),(38, 50.225, '2026-03-10 05:54:35'),(38, 50.394, '2026-03-10 04:54:35'),(38, 49.575, '2026-03-10 03:54:35'),(38, 50.176, '2026-03-10 02:54:35'),(38, 49.744, '2026-03-10 01:54:35'),(38, 49.957, '2026-03-10 00:54:35'),(38, 50.323, '2026-03-09 23:54:35'),(38, 50.401, '2026-03-09 22:54:35'),(38, 49.703, '2026-03-09 21:54:35'),(38, 49.68, '2026-03-09 20:54:35'),(38, 49.959, '2026-03-09 19:54:35'),(38, 49.803, '2026-03-09 18:54:35'),(38, 49.714, '2026-03-09 17:54:35'),(38, 50.296, '2026-03-09 16:54:35'),(38, 49.711, '2026-03-09 15:54:35'),(38, 50.035, '2026-03-09 14:54:35'),(38, 49.793, '2026-03-09 13:54:35'),(38, 50.202, '2026-03-09 12:54:35'),(38, 49.667, '2026-03-09 11:54:35'),(38, 50.065, '2026-03-09 10:54:35'),(38, 50.15, '2026-03-09 09:54:35'),(38, 50.191, '2026-03-09 08:54:35'),(38, 49.999, '2026-03-09 07:54:35'),(38, 50.098, '2026-03-09 06:54:35'),(38, 49.732, '2026-03-09 05:54:35'),(38, 49.838, '2026-03-09 04:54:35'),(38, 50.166, '2026-03-09 03:54:35'),(38, 50.109, '2026-03-09 02:54:35'),(38, 50.111, '2026-03-09 01:54:35'),(38, 49.919, '2026-03-09 00:54:35'),(38, 50.0, '2026-03-08 23:54:35'),(38, 49.95, '2026-03-08 22:54:35'),(38, 50.298, '2026-03-08 21:54:35'),(38, 50.094, '2026-03-08 20:54:35'),(38, 50.174, '2026-03-08 19:54:35'),(38, 50.116, '2026-03-08 18:54:35'),(38, 50.07, '2026-03-08 17:54:35'),(38, 49.872, '2026-03-08 16:54:35'),(38, 49.866, '2026-03-08 15:54:35'),(38, 50.024, '2026-03-08 14:54:35'),(38, 50.434, '2026-03-08 13:54:35'),(38, 49.756, '2026-03-08 12:54:35'),(38, 50.236, '2026-03-08 11:54:35'),(38, 50.19, '2026-03-08 10:54:35'),(38, 49.765, '2026-03-08 09:54:35'),(38, 49.873, '2026-03-08 08:54:35'),(38, 49.851, '2026-03-08 07:54:35'),(38, 49.81, '2026-03-08 06:54:35'),(38, 49.936, '2026-03-08 05:54:35'),(38, 50.055, '2026-03-08 04:54:35'),(38, 49.767, '2026-03-08 03:54:35'),(38, 50.049, '2026-03-08 02:54:35'),(38, 50.403, '2026-03-08 01:54:35'),(38, 49.64, '2026-03-08 00:54:35'),(38, 50.123, '2026-03-07 23:54:35'),(38, 50.161, '2026-03-07 22:54:35'),(38, 49.9, '2026-03-07 21:54:35'),(38, 50.303, '2026-03-07 20:54:35'),(38, 49.92, '2026-03-07 19:54:35'),(38, 50.373, '2026-03-07 18:54:35'),(38, 50.427, '2026-03-07 17:54:35'),(38, 49.932, '2026-03-07 16:54:35'),(38, 49.713, '2026-03-07 15:54:35'),(38, 50.141, '2026-03-07 14:54:35'),(38, 50.423, '2026-03-07 13:54:35'),(38, 50.374, '2026-03-07 12:54:35'),(38, 50.361, '2026-03-07 11:54:35'),(38, 50.292, '2026-03-07 10:54:35'),(38, 49.896, '2026-03-07 09:54:35'),(38, 50.281, '2026-03-07 08:54:35'),(38, 50.302, '2026-03-07 07:54:35'),(38, 50.477, '2026-03-07 06:54:35'),(38, 50.022, '2026-03-07 05:54:35'),(38, 49.754, '2026-03-07 04:54:35'),(38, 49.862, '2026-03-07 03:54:35'),(38, 49.976, '2026-03-07 02:54:35'),(38, 49.975, '2026-03-07 01:54:35'),(38, 50.007, '2026-03-07 00:54:35'),(38, 50.066, '2026-03-06 23:54:35'),(38, 49.652, '2026-03-06 22:54:35'),(38, 50.299, '2026-03-06 21:54:35'),(38, 50.055, '2026-03-06 20:54:35'),(38, 50.256, '2026-03-06 19:54:35'),(38, 50.22, '2026-03-06 18:54:35'),(38, 50.486, '2026-03-06 17:54:35'),(38, 49.898, '2026-03-06 16:54:35'),(38, 50.384, '2026-03-06 15:54:35'),(38, 49.82, '2026-03-06 14:54:35'),(38, 50.143, '2026-03-06 13:54:35'),(38, 49.506, '2026-03-06 12:54:35'),(38, 50.336, '2026-03-06 11:54:35'),(38, 49.666, '2026-03-06 10:54:35'),(38, 49.736, '2026-03-06 09:54:35'),(38, 50.08, '2026-03-06 08:54:35'),(38, 50.216, '2026-03-06 07:54:35'),(38, 49.578, '2026-03-06 06:54:35'),(38, 49.645, '2026-03-06 05:54:35'),(38, 50.427, '2026-03-06 04:54:35'),(38, 50.377, '2026-03-06 03:54:35'),(38, 50.093, '2026-03-06 02:54:35'),(38, 50.092, '2026-03-06 01:54:35'),(38, 49.985, '2026-03-06 00:54:35'),(38, 50.272, '2026-03-05 23:54:35'),(38, 50.124, '2026-03-05 22:54:35'),(38, 50.375, '2026-03-05 21:54:35'),(38, 50.448, '2026-03-05 20:54:35'),(38, 49.624, '2026-03-05 19:54:35'),(38, 49.761, '2026-03-05 18:54:35'),(38, 49.843, '2026-03-05 17:54:35'),(38, 49.719, '2026-03-05 16:54:35'),(38, 49.668, '2026-03-05 15:54:35'),(38, 49.806, '2026-03-05 14:54:35'),(38, 50.282, '2026-03-05 13:54:35'),(38, 49.966, '2026-03-05 12:54:35'),(38, 50.109, '2026-03-05 11:54:35'),(38, 50.388, '2026-03-05 10:54:35'),(38, 50.472, '2026-03-05 09:54:35'),(38, 49.866, '2026-03-05 08:54:35'),(38, 50.34, '2026-03-05 07:54:35'),(38, 49.595, '2026-03-05 06:54:35'),(38, 49.534, '2026-03-05 05:54:35'),(38, 50.175, '2026-03-05 04:54:35'),(38, 49.685, '2026-03-05 03:54:35'),(38, 49.567, '2026-03-05 02:54:35'),(38, 50.331, '2026-03-05 01:54:35'),(38, 49.825, '2026-03-05 00:54:35'),(38, 50.042, '2026-03-04 23:54:35'),(38, 49.778, '2026-03-04 22:54:35'),(38, 50.36, '2026-03-04 21:54:35'),(38, 49.914, '2026-03-04 20:54:35'),(38, 50.238, '2026-03-04 19:54:35'),(38, 49.922, '2026-03-04 18:54:35'),(38, 50.252, '2026-03-04 17:54:35'),(38, 49.569, '2026-03-04 16:54:35'),(38, 49.911, '2026-03-04 15:54:35'),(38, 50.114, '2026-03-04 14:54:35'),(38, 50.38, '2026-03-04 13:54:35'),(38, 50.372, '2026-03-04 12:54:35'),(38, 49.592, '2026-03-04 11:54:35'),(38, 49.933, '2026-03-04 10:54:35'),(38, 49.77, '2026-03-04 09:54:35'),(38, 50.168, '2026-03-04 08:54:35'),(38, 50.087, '2026-03-04 07:54:35'),(38, 49.678, '2026-03-04 06:54:35'),(38, 50.104, '2026-03-04 05:54:35'),(38, 49.76, '2026-03-04 04:54:35'),(38, 49.744, '2026-03-04 03:54:35'),(38, 49.71, '2026-03-04 02:54:35'),(38, 49.801, '2026-03-04 01:54:35'),(38, 50.149, '2026-03-04 00:54:35'),(38, 49.923, '2026-03-03 23:54:35'),(38, 50.311, '2026-03-03 22:54:35'),(38, 49.791, '2026-03-03 21:54:35'),(38, 49.999, '2026-03-03 20:54:35'),(38, 49.706, '2026-03-03 19:54:35'),(38, 49.902, '2026-03-03 18:54:35'),(38, 49.989, '2026-03-03 17:54:35'),(38, 50.411, '2026-03-03 16:54:35'),(38, 49.792, '2026-03-03 15:54:35'),(38, 49.655, '2026-03-03 14:54:35'),(38, 50.079, '2026-03-03 13:54:35'),(38, 50.23, '2026-03-03 12:54:35'),(38, 49.715, '2026-03-03 11:54:35'),(38, 50.443, '2026-03-03 10:54:35'),(38, 50.384, '2026-03-03 09:54:35'),(38, 50.233, '2026-03-03 08:54:35'),(38, 49.997, '2026-03-03 07:54:35'),(38, 49.536, '2026-03-03 06:54:35'),(38, 50.324, '2026-03-03 05:54:35'),(38, 49.512, '2026-03-03 04:54:35'),(38, 49.734, '2026-03-03 03:54:35'),(38, 50.453, '2026-03-03 02:54:35'),(38, 50.154, '2026-03-03 01:54:35'),(38, 49.846, '2026-03-03 00:54:35'),(38, 49.657, '2026-03-02 23:54:35'),(38, 50.096, '2026-03-02 22:54:35'),(38, 50.072, '2026-03-02 21:54:35'),(38, 49.948, '2026-03-02 20:54:35'),(38, 49.806, '2026-03-02 19:54:35'),(38, 50.252, '2026-03-02 18:54:35'),(38, 49.782, '2026-03-02 17:54:35'),(38, 49.912, '2026-03-02 16:54:35'),(38, 50.092, '2026-03-02 15:54:35'),(38, 50.45, '2026-03-02 14:54:35'),(38, 49.576, '2026-03-02 13:54:35'),(38, 49.882, '2026-03-02 12:54:35'),(38, 49.763, '2026-03-02 11:54:35'),(38, 49.653, '2026-03-02 10:54:35'),(38, 50.018, '2026-03-02 09:54:35'),(38, 49.518, '2026-03-02 08:54:35'),(38, 49.683, '2026-03-02 07:54:35'),(38, 50.398, '2026-03-02 06:54:35'),(38, 49.82, '2026-03-02 05:54:35'),(38, 50.482, '2026-03-02 04:54:35'),(38, 50.435, '2026-03-02 03:54:35'),(38, 50.369, '2026-03-02 02:54:35'),(38, 50.336, '2026-03-02 01:54:35'),(38, 50.25, '2026-03-02 00:54:35'),(38, 50.292, '2026-03-01 23:54:35'),(38, 50.198, '2026-03-01 22:54:35'),(38, 49.991, '2026-03-01 21:54:35'),(38, 49.705, '2026-03-01 20:54:35'),(38, 49.996, '2026-03-01 19:54:35'),(38, 50.474, '2026-03-01 18:54:35'),(38, 49.856, '2026-03-01 17:54:35'),(38, 50.084, '2026-03-01 16:54:35'),(38, 50.137, '2026-03-01 15:54:35'),(38, 49.915, '2026-03-01 14:54:35'),(38, 50.25, '2026-03-01 13:54:35');
INSERT INTO mining_sensors (id, type_id, name, lat, lng, status, current_value) VALUES (39, 13, 'Presión Tubería 03', -17.250328483571643, -70.6103795879648, 'active', 50.0);
INSERT INTO mining_sensor_history (sensor_id, value, timestamp) VALUES (39, 49.626, '2026-03-16 12:54:35'),(39, 50.21, '2026-03-16 11:54:35'),(39, 49.613, '2026-03-16 10:54:35'),(39, 50.326, '2026-03-16 09:54:35'),(39, 50.296, '2026-03-16 08:54:35'),(39, 49.825, '2026-03-16 07:54:35'),(39, 49.815, '2026-03-16 06:54:35'),(39, 49.696, '2026-03-16 05:54:35'),(39, 50.259, '2026-03-16 04:54:35'),(39, 49.733, '2026-03-16 03:54:35'),(39, 50.05, '2026-03-16 02:54:35'),(39, 50.226, '2026-03-16 01:54:35'),(39, 49.545, '2026-03-16 00:54:35'),(39, 49.52, '2026-03-15 23:54:35'),(39, 49.965, '2026-03-15 22:54:35'),(39, 50.377, '2026-03-15 21:54:35'),(39, 49.959, '2026-03-15 20:54:35'),(39, 49.933, '2026-03-15 19:54:35'),(39, 49.663, '2026-03-15 18:54:35'),(39, 50.259, '2026-03-15 17:54:35'),(39, 49.664, '2026-03-15 16:54:35'),(39, 49.717, '2026-03-15 15:54:35'),(39, 49.619, '2026-03-15 14:54:35'),(39, 49.584, '2026-03-15 13:54:35'),(39, 50.491, '2026-03-15 12:54:35'),(39, 49.863, '2026-03-15 11:54:35'),(39, 49.623, '2026-03-15 10:54:35'),(39, 49.661, '2026-03-15 09:54:35'),(39, 49.801, '2026-03-15 08:54:35'),(39, 49.565, '2026-03-15 07:54:35'),(39, 49.889, '2026-03-15 06:54:35'),(39, 49.944, '2026-03-15 05:54:35'),(39, 49.931, '2026-03-15 04:54:35'),(39, 50.229, '2026-03-15 03:54:35'),(39, 50.135, '2026-03-15 02:54:35'),(39, 49.549, '2026-03-15 01:54:35'),(39, 50.499, '2026-03-15 00:54:35'),(39, 50.443, '2026-03-14 23:54:35'),(39, 50.039, '2026-03-14 22:54:35'),(39, 49.922, '2026-03-14 21:54:35'),(39, 50.004, '2026-03-14 20:54:35'),(39, 49.717, '2026-03-14 19:54:35'),(39, 49.507, '2026-03-14 18:54:35'),(39, 49.707, '2026-03-14 17:54:35'),(39, 50.462, '2026-03-14 16:54:35'),(39, 50.439, '2026-03-14 15:54:35'),(39, 50.404, '2026-03-14 14:54:35'),(39, 49.89, '2026-03-14 13:54:35'),(39, 49.993, '2026-03-14 12:54:35'),(39, 49.59, '2026-03-14 11:54:35'),(39, 49.779, '2026-03-14 10:54:35'),(39, 50.153, '2026-03-14 09:54:35'),(39, 50.429, '2026-03-14 08:54:35'),(39, 49.814, '2026-03-14 07:54:35'),(39, 50.389, '2026-03-14 06:54:35'),(39, 50.276, '2026-03-14 05:54:35'),(39, 49.818, '2026-03-14 04:54:35'),(39, 49.768, '2026-03-14 03:54:35'),(39, 49.612, '2026-03-14 02:54:35'),(39, 50.133, '2026-03-14 01:54:35'),(39, 50.362, '2026-03-14 00:54:35'),(39, 50.19, '2026-03-13 23:54:35'),(39, 50.248, '2026-03-13 22:54:35'),(39, 50.397, '2026-03-13 21:54:35'),(39, 50.086, '2026-03-13 20:54:35'),(39, 49.598, '2026-03-13 19:54:35'),(39, 49.915, '2026-03-13 18:54:35'),(39, 50.169, '2026-03-13 17:54:35'),(39, 50.146, '2026-03-13 16:54:35'),(39, 50.181, '2026-03-13 15:54:35'),(39, 49.732, '2026-03-13 14:54:35'),(39, 49.66, '2026-03-13 13:54:35'),(39, 25.175, '2026-03-13 12:54:35'),(39, 49.784, '2026-03-13 11:54:35'),(39, 50.377, '2026-03-13 10:54:35'),(39, 50.068, '2026-03-13 09:54:35'),(39, 50.428, '2026-03-13 08:54:35'),(39, 50.25, '2026-03-13 07:54:35'),(39, 50.36, '2026-03-13 06:54:35'),(39, 49.961, '2026-03-13 05:54:35'),(39, 50.348, '2026-03-13 04:54:35'),(39, 50.031, '2026-03-13 03:54:35'),(39, 50.22, '2026-03-13 02:54:35'),(39, 50.18, '2026-03-13 01:54:35'),(39, 49.772, '2026-03-13 00:54:35'),(39, 49.732, '2026-03-12 23:54:35'),(39, 49.824, '2026-03-12 22:54:35'),(39, 50.301, '2026-03-12 21:54:35'),(39, 50.219, '2026-03-12 20:54:35'),(39, 49.873, '2026-03-12 19:54:35'),(39, 50.363, '2026-03-12 18:54:35'),(39, 50.03, '2026-03-12 17:54:35'),(39, 49.695, '2026-03-12 16:54:35'),(39, 50.432, '2026-03-12 15:54:35'),(39, 49.618, '2026-03-12 14:54:35'),(39, 50.471, '2026-03-12 13:54:35'),(39, 50.158, '2026-03-12 12:54:35'),(39, 50.401, '2026-03-12 11:54:35'),(39, 49.62, '2026-03-12 10:54:35'),(39, 50.255, '2026-03-12 09:54:35'),(39, 49.588, '2026-03-12 08:54:35'),(39, 49.69, '2026-03-12 07:54:35'),(39, 49.997, '2026-03-12 06:54:35'),(39, 49.581, '2026-03-12 05:54:35'),(39, 49.715, '2026-03-12 04:54:35'),(39, 50.358, '2026-03-12 03:54:35'),(39, 50.305, '2026-03-12 02:54:35'),(39, 49.862, '2026-03-12 01:54:35'),(39, 50.458, '2026-03-12 00:54:35'),(39, 50.245, '2026-03-11 23:54:35'),(39, 50.286, '2026-03-11 22:54:35'),(39, 50.432, '2026-03-11 21:54:35'),(39, 49.871, '2026-03-11 20:54:35'),(39, 50.172, '2026-03-11 19:54:35'),(39, 49.878, '2026-03-11 18:54:35'),(39, 50.048, '2026-03-11 17:54:35'),(39, 49.722, '2026-03-11 16:54:35'),(39, 49.893, '2026-03-11 15:54:35'),(39, 49.931, '2026-03-11 14:54:35'),(39, 49.523, '2026-03-11 13:54:35'),(39, 50.253, '2026-03-11 12:54:35'),(39, 50.025, '2026-03-11 11:54:35'),(39, 49.536, '2026-03-11 10:54:35'),(39, 49.768, '2026-03-11 09:54:35'),(39, 50.332, '2026-03-11 08:54:35'),(39, 49.759, '2026-03-11 07:54:35'),(39, 50.243, '2026-03-11 06:54:35'),(39, 50.036, '2026-03-11 05:54:35'),(39, 50.241, '2026-03-11 04:54:35'),(39, 49.656, '2026-03-11 03:54:35'),(39, 49.612, '2026-03-11 02:54:35'),(39, 49.968, '2026-03-11 01:54:35'),(39, 49.892, '2026-03-11 00:54:35'),(39, 50.251, '2026-03-10 23:54:35'),(39, 49.537, '2026-03-10 22:54:35'),(39, 50.261, '2026-03-10 21:54:35'),(39, 49.909, '2026-03-10 20:54:35'),(39, 49.513, '2026-03-10 19:54:35'),(39, 49.829, '2026-03-10 18:54:35'),(39, 50.253, '2026-03-10 17:54:35'),(39, 50.199, '2026-03-10 16:54:35'),(39, 50.444, '2026-03-10 15:54:35'),(39, 49.682, '2026-03-10 14:54:35'),(39, 49.605, '2026-03-10 13:54:35'),(39, 49.925, '2026-03-10 12:54:35'),(39, 49.922, '2026-03-10 11:54:35'),(39, 49.605, '2026-03-10 10:54:35'),(39, 50.32, '2026-03-10 09:54:35'),(39, 50.022, '2026-03-10 08:54:35'),(39, 49.536, '2026-03-10 07:54:35'),(39, 50.094, '2026-03-10 06:54:35'),(39, 49.618, '2026-03-10 05:54:35'),(39, 50.336, '2026-03-10 04:54:35'),(39, 49.838, '2026-03-10 03:54:35'),(39, 50.46, '2026-03-10 02:54:35'),(39, 50.454, '2026-03-10 01:54:35'),(39, 50.464, '2026-03-10 00:54:35'),(39, 50.169, '2026-03-09 23:54:35'),(39, 49.743, '2026-03-09 22:54:35'),(39, 50.184, '2026-03-09 21:54:35'),(39, 50.443, '2026-03-09 20:54:35'),(39, 50.356, '2026-03-09 19:54:35'),(39, 49.676, '2026-03-09 18:54:35'),(39, 50.088, '2026-03-09 17:54:35'),(39, 50.408, '2026-03-09 16:54:35'),(39, 49.819, '2026-03-09 15:54:35'),(39, 50.373, '2026-03-09 14:54:35'),(39, 50.17, '2026-03-09 13:54:35'),(39, 49.557, '2026-03-09 12:54:35'),(39, 50.031, '2026-03-09 11:54:35'),(39, 49.845, '2026-03-09 10:54:35'),(39, 50.499, '2026-03-09 09:54:35'),(39, 50.286, '2026-03-09 08:54:35'),(39, 50.057, '2026-03-09 07:54:35'),(39, 49.72, '2026-03-09 06:54:35'),(39, 49.615, '2026-03-09 05:54:35'),(39, 49.807, '2026-03-09 04:54:35'),(39, 50.045, '2026-03-09 03:54:35'),(39, 49.574, '2026-03-09 02:54:35'),(39, 50.168, '2026-03-09 01:54:35'),(39, 49.969, '2026-03-09 00:54:35'),(39, 50.191, '2026-03-08 23:54:35'),(39, 49.772, '2026-03-08 22:54:35'),(39, 49.529, '2026-03-08 21:54:35'),(39, 50.473, '2026-03-08 20:54:35'),(39, 49.748, '2026-03-08 19:54:35'),(39, 50.124, '2026-03-08 18:54:35'),(39, 50.157, '2026-03-08 17:54:35'),(39, 50.207, '2026-03-08 16:54:35'),(39, 50.451, '2026-03-08 15:54:35'),(39, 49.817, '2026-03-08 14:54:35'),(39, 49.791, '2026-03-08 13:54:35'),(39, 50.254, '2026-03-08 12:54:35'),(39, 50.442, '2026-03-08 11:54:35'),(39, 50.041, '2026-03-08 10:54:35'),(39, 49.746, '2026-03-08 09:54:35'),(39, 49.727, '2026-03-08 08:54:35'),(39, 50.023, '2026-03-08 07:54:35'),(39, 49.596, '2026-03-08 06:54:35'),(39, 50.022, '2026-03-08 05:54:35'),(39, 50.077, '2026-03-08 04:54:35'),(39, 50.207, '2026-03-08 03:54:35'),(39, 49.987, '2026-03-08 02:54:35'),(39, 49.971, '2026-03-08 01:54:35'),(39, 49.535, '2026-03-08 00:54:35'),(39, 50.235, '2026-03-07 23:54:35'),(39, 49.939, '2026-03-07 22:54:35'),(39, 49.614, '2026-03-07 21:54:35'),(39, 50.133, '2026-03-07 20:54:35'),(39, 50.038, '2026-03-07 19:54:35'),(39, 49.762, '2026-03-07 18:54:35'),(39, 50.002, '2026-03-07 17:54:35'),(39, 49.894, '2026-03-07 16:54:35'),(39, 50.268, '2026-03-07 15:54:35'),(39, 50.289, '2026-03-07 14:54:35'),(39, 49.884, '2026-03-07 13:54:35'),(39, 49.825, '2026-03-07 12:54:35'),(39, 50.435, '2026-03-07 11:54:35'),(39, 49.984, '2026-03-07 10:54:35'),(39, 50.174, '2026-03-07 09:54:35'),(39, 49.635, '2026-03-07 08:54:35'),(39, 49.621, '2026-03-07 07:54:35'),(39, 50.058, '2026-03-07 06:54:35'),(39, 49.786, '2026-03-07 05:54:35'),(39, 50.245, '2026-03-07 04:54:35'),(39, 50.197, '2026-03-07 03:54:35'),(39, 50.205, '2026-03-07 02:54:35'),(39, 50.195, '2026-03-07 01:54:35'),(39, 50.474, '2026-03-07 00:54:35'),(39, 49.778, '2026-03-06 23:54:35'),(39, 50.06, '2026-03-06 22:54:35'),(39, 49.756, '2026-03-06 21:54:35'),(39, 50.157, '2026-03-06 20:54:35'),(39, 49.737, '2026-03-06 19:54:35'),(39, 49.851, '2026-03-06 18:54:35'),(39, 49.995, '2026-03-06 17:54:35'),(39, 50.144, '2026-03-06 16:54:35'),(39, 50.06, '2026-03-06 15:54:35'),(39, 50.12, '2026-03-06 14:54:35'),(39, 50.219, '2026-03-06 13:54:35'),(39, 49.526, '2026-03-06 12:54:35'),(39, 50.069, '2026-03-06 11:54:35'),(39, 50.067, '2026-03-06 10:54:35'),(39, 50.312, '2026-03-06 09:54:35'),(39, 50.343, '2026-03-06 08:54:35'),(39, 50.231, '2026-03-06 07:54:35'),(39, 49.828, '2026-03-06 06:54:35'),(39, 50.243, '2026-03-06 05:54:35'),(39, 49.72, '2026-03-06 04:54:35'),(39, 50.021, '2026-03-06 03:54:35'),(39, 49.511, '2026-03-06 02:54:35'),(39, 50.262, '2026-03-06 01:54:35'),(39, 49.793, '2026-03-06 00:54:35'),(39, 49.554, '2026-03-05 23:54:35'),(39, 50.308, '2026-03-05 22:54:35'),(39, 50.318, '2026-03-05 21:54:35'),(39, 50.46, '2026-03-05 20:54:35'),(39, 50.167, '2026-03-05 19:54:35'),(39, 49.791, '2026-03-05 18:54:35'),(39, 50.405, '2026-03-05 17:54:35'),(39, 50.273, '2026-03-05 16:54:35'),(39, 49.678, '2026-03-05 15:54:35'),(39, 49.571, '2026-03-05 14:54:35'),(39, 50.375, '2026-03-05 13:54:35'),(39, 49.524, '2026-03-05 12:54:35'),(39, 50.043, '2026-03-05 11:54:35'),(39, 49.662, '2026-03-05 10:54:35'),(39, 49.702, '2026-03-05 09:54:35'),(39, 49.772, '2026-03-05 08:54:35'),(39, 49.966, '2026-03-05 07:54:35'),(39, 50.305, '2026-03-05 06:54:35'),(39, 50.297, '2026-03-05 05:54:35'),(39, 50.009, '2026-03-05 04:54:35'),(39, 49.541, '2026-03-05 03:54:35'),(39, 49.567, '2026-03-05 02:54:35'),(39, 49.543, '2026-03-05 01:54:35'),(39, 50.481, '2026-03-05 00:54:35'),(39, 50.252, '2026-03-04 23:54:35'),(39, 50.281, '2026-03-04 22:54:35'),(39, 50.073, '2026-03-04 21:54:35'),(39, 49.625, '2026-03-04 20:54:35'),(39, 49.827, '2026-03-04 19:54:35'),(39, 49.829, '2026-03-04 18:54:35'),(39, 50.08, '2026-03-04 17:54:35'),(39, 49.76, '2026-03-04 16:54:35'),(39, 50.091, '2026-03-04 15:54:35'),(39, 49.529, '2026-03-04 14:54:35'),(39, 49.515, '2026-03-04 13:54:35'),(39, 49.891, '2026-03-04 12:54:35'),(39, 49.502, '2026-03-04 11:54:35'),(39, 50.009, '2026-03-04 10:54:35'),(39, 49.993, '2026-03-04 09:54:35'),(39, 49.693, '2026-03-04 08:54:35'),(39, 50.21, '2026-03-04 07:54:35'),(39, 49.584, '2026-03-04 06:54:35'),(39, 50.34, '2026-03-04 05:54:35'),(39, 50.13, '2026-03-04 04:54:35'),(39, 49.703, '2026-03-04 03:54:35'),(39, 49.801, '2026-03-04 02:54:35'),(39, 49.815, '2026-03-04 01:54:35'),(39, 50.405, '2026-03-04 00:54:35'),(39, 50.236, '2026-03-03 23:54:35'),(39, 49.592, '2026-03-03 22:54:35'),(39, 49.587, '2026-03-03 21:54:35'),(39, 49.793, '2026-03-03 20:54:35'),(39, 50.225, '2026-03-03 19:54:35'),(39, 50.227, '2026-03-03 18:54:35'),(39, 49.767, '2026-03-03 17:54:35'),(39, 50.286, '2026-03-03 16:54:35'),(39, 50.361, '2026-03-03 15:54:35'),(39, 50.415, '2026-03-03 14:54:35'),(39, 49.923, '2026-03-03 13:54:35'),(39, 50.281, '2026-03-03 12:54:35'),(39, 50.392, '2026-03-03 11:54:35'),(39, 49.987, '2026-03-03 10:54:35'),(39, 50.414, '2026-03-03 09:54:35'),(39, 49.927, '2026-03-03 08:54:35'),(39, 50.176, '2026-03-03 07:54:35'),(39, 50.079, '2026-03-03 06:54:35'),(39, 49.899, '2026-03-03 05:54:35'),(39, 50.05, '2026-03-03 04:54:35'),(39, 50.318, '2026-03-03 03:54:35'),(39, 50.128, '2026-03-03 02:54:35'),(39, 49.562, '2026-03-03 01:54:35'),(39, 49.755, '2026-03-03 00:54:35'),(39, 49.608, '2026-03-02 23:54:35'),(39, 49.772, '2026-03-02 22:54:35'),(39, 49.722, '2026-03-02 21:54:35'),(39, 49.634, '2026-03-02 20:54:35'),(39, 50.059, '2026-03-02 19:54:35'),(39, 50.209, '2026-03-02 18:54:35'),(39, 49.99, '2026-03-02 17:54:35'),(39, 49.602, '2026-03-02 16:54:35'),(39, 50.283, '2026-03-02 15:54:35'),(39, 50.379, '2026-03-02 14:54:35'),(39, 49.944, '2026-03-02 13:54:35'),(39, 49.606, '2026-03-02 12:54:35'),(39, 49.991, '2026-03-02 11:54:35'),(39, 50.198, '2026-03-02 10:54:35'),(39, 50.243, '2026-03-02 09:54:35'),(39, 50.084, '2026-03-02 08:54:35'),(39, 50.085, '2026-03-02 07:54:35'),(39, 50.226, '2026-03-02 06:54:35'),(39, 49.601, '2026-03-02 05:54:35'),(39, 50.185, '2026-03-02 04:54:35'),(39, 49.789, '2026-03-02 03:54:35'),(39, 50.172, '2026-03-02 02:54:35'),(39, 49.82, '2026-03-02 01:54:35'),(39, 49.788, '2026-03-02 00:54:35'),(39, 49.655, '2026-03-01 23:54:35'),(39, 50.006, '2026-03-01 22:54:35'),(39, 49.652, '2026-03-01 21:54:35'),(39, 49.697, '2026-03-01 20:54:35'),(39, 49.911, '2026-03-01 19:54:35'),(39, 49.926, '2026-03-01 18:54:35'),(39, 49.891, '2026-03-01 17:54:35'),(39, 50.472, '2026-03-01 16:54:35'),(39, 50.209, '2026-03-01 15:54:35'),(39, 50.403, '2026-03-01 14:54:35'),(39, 49.671, '2026-03-01 13:54:35');